INFO 2025-05-29 01:23:35,489 autoreload Watching for file changes with StatReloader
INFO 2025-05-29 01:23:38,370 basehttp "GET / HTTP/1.1" 200 2492
INFO 2025-05-29 01:23:47,625 basehttp "GET / HTTP/1.1" 200 2509
INFO 2025-05-29 01:25:26,984 basehttp "GET /logout/ HTTP/1.1" 302 0
INFO 2025-05-29 01:25:26,988 basehttp "GET /auth-options/ HTTP/1.1" 200 803
INFO 2025-05-29 01:25:30,248 basehttp "GET /login/ HTTP/1.1" 200 1119
INFO 2025-05-29 01:25:40,459 basehttp "POST /login/ HTTP/1.1" 200 1288
ERROR 2025-05-29 01:25:50,426 log Internal Server Error: /login/
Traceback (most recent call last):
  File "C:\Users\Кирилл\Desktop\353505_HOROSHKO_24\IGI\LR5\.venv\Lib\site-packages\django\core\handlers\exception.py", line 55, in inner
    response = get_response(request)
  File "C:\Users\Кирилл\Desktop\353505_HOROSHKO_24\IGI\LR5\.venv\Lib\site-packages\django\core\handlers\base.py", line 197, in _get_response
    response = wrapped_callback(request, *callback_args, **callback_kwargs)
  File "C:\Users\Кирилл\Desktop\353505_HOROSHKO_24\IGI\LR5\shop\views.py", line 80, in login
    return redirect('client_dashboard')
  File "C:\Users\Кирилл\Desktop\353505_HOROSHKO_24\IGI\LR5\.venv\Lib\site-packages\django\shortcuts.py", line 51, in redirect
    resolve_url(to, *args, **kwargs),
    ~~~~~~~~~~~^^^^^^^^^^^^^^^^^^^^^
  File "C:\Users\Кирилл\Desktop\353505_HOROSHKO_24\IGI\LR5\.venv\Lib\site-packages\django\shortcuts.py", line 184, in resolve_url
    return reverse(to, args=args, kwargs=kwargs)
  File "C:\Users\Кирилл\Desktop\353505_HOROSHKO_24\IGI\LR5\.venv\Lib\site-packages\django\urls\base.py", line 98, in reverse
    resolved_url = resolver._reverse_with_prefix(view, prefix, *args, **kwargs)
  File "C:\Users\Кирилл\Desktop\353505_HOROSHKO_24\IGI\LR5\.venv\Lib\site-packages\django\urls\resolvers.py", line 831, in _reverse_with_prefix
    raise NoReverseMatch(msg)
django.urls.exceptions.NoReverseMatch: Reverse for 'client_dashboard' not found. 'client_dashboard' is not a valid view function or pattern name.
ERROR 2025-05-29 01:25:50,428 basehttp "POST /login/ HTTP/1.1" 500 86731
INFO 2025-05-29 01:28:08,390 autoreload C:\Users\Кирилл\Desktop\353505_HOROSHKO_24\IGI\LR5\shop\views.py changed, reloading.
INFO 2025-05-29 01:28:09,008 autoreload Watching for file changes with StatReloader
WARNING 2025-05-29 01:28:12,778 log Forbidden (CSRF token from POST incorrect.): /login/
WARNING 2025-05-29 01:28:12,779 basehttp "POST /login/ HTTP/1.1" 403 2503
INFO 2025-05-29 01:28:15,381 basehttp "GET /login/ HTTP/1.1" 200 1119
INFO 2025-05-29 01:28:23,766 basehttp "POST /login/ HTTP/1.1" 302 0
INFO 2025-05-29 01:28:24,002 basehttp "GET / HTTP/1.1" 200 2390
INFO 2025-05-29 01:29:00,888 basehttp "GET /admin/ HTTP/1.1" 302 0
INFO 2025-05-29 01:29:00,913 basehttp "GET /admin/login/?next=/admin/ HTTP/1.1" 200 4173
INFO 2025-05-29 01:29:00,934 basehttp "GET /static/admin/css/login.css HTTP/1.1" 304 0
INFO 2025-05-29 01:29:03,744 basehttp "POST /admin/login/?next=/admin/ HTTP/1.1" 302 0
INFO 2025-05-29 01:29:03,757 basehttp "GET /admin/ HTTP/1.1" 200 19324
INFO 2025-05-29 01:29:06,432 basehttp "GET /admin/shop/client/ HTTP/1.1" 200 15552
INFO 2025-05-29 01:29:06,453 basehttp "GET /admin/jsi18n/ HTTP/1.1" 200 3342
INFO 2025-05-29 01:29:08,866 basehttp "GET /admin/shop/client/1/change/ HTTP/1.1" 200 18460
INFO 2025-05-29 01:29:08,886 basehttp "GET /admin/jsi18n/ HTTP/1.1" 200 3342
INFO 2025-05-29 01:29:14,157 basehttp "POST /admin/shop/client/1/change/ HTTP/1.1" 302 0
INFO 2025-05-29 01:29:14,168 basehttp "GET /admin/shop/client/ HTTP/1.1" 200 15744
INFO 2025-05-29 01:29:14,187 basehttp "GET /admin/jsi18n/ HTTP/1.1" 200 3342
INFO 2025-05-29 01:29:14,194 basehttp "GET /static/admin/img/icon-yes.svg HTTP/1.1" 304 0
INFO 2025-05-29 01:29:16,422 basehttp "GET /admin/shop/client/?o=1 HTTP/1.1" 200 15836
INFO 2025-05-29 01:29:16,446 basehttp "GET /admin/jsi18n/ HTTP/1.1" 200 3342
INFO 2025-05-29 01:29:16,485 basehttp "GET /static/admin/img/sorting-icons.svg HTTP/1.1" 200 1097
INFO 2025-05-29 01:29:18,387 basehttp "GET /admin/shop/client/1/change/?_changelist_filters=o%3D1 HTTP/1.1" 200 18548
INFO 2025-05-29 01:29:18,409 basehttp "GET /admin/jsi18n/ HTTP/1.1" 200 3342
INFO 2025-05-29 01:29:23,357 basehttp "POST /admin/shop/client/1/change/?_changelist_filters=o%3D1 HTTP/1.1" 302 0
INFO 2025-05-29 01:29:23,378 basehttp "GET /admin/shop/client/?o=1 HTTP/1.1" 200 16028
INFO 2025-05-29 01:29:23,396 basehttp "GET /admin/jsi18n/ HTTP/1.1" 200 3342
INFO 2025-05-29 01:29:34,126 basehttp "GET /admin/shop/client/1/change/?_changelist_filters=o%3D1 HTTP/1.1" 200 18548
INFO 2025-05-29 01:29:34,163 basehttp "GET /admin/jsi18n/ HTTP/1.1" 200 3342
INFO 2025-05-29 01:29:39,928 basehttp "GET /admin/auth/user/2/change/?_to_field=id HTTP/1.1" 200 32706
INFO 2025-05-29 01:29:39,947 basehttp "GET /admin/jsi18n/ HTTP/1.1" 200 3342
INFO 2025-05-29 01:29:39,966 basehttp "GET /static/admin/js/SelectFilter2.js HTTP/1.1" 200 15709
INFO 2025-05-29 01:29:39,966 basehttp "GET /static/admin/js/SelectBox.js HTTP/1.1" 200 4530
INFO 2025-05-29 01:29:40,012 basehttp "GET /static/admin/img/icon-clock.svg HTTP/1.1" 304 0
INFO 2025-05-29 01:29:40,019 basehttp "GET /static/admin/img/search.svg HTTP/1.1" 200 458
INFO 2025-05-29 01:29:40,020 basehttp "GET /static/admin/img/selector-icons.svg HTTP/1.1" 200 3291
INFO 2025-05-29 01:29:49,734 basehttp "GET /admin/shop/client/1/change/?_changelist_filters=o%3D1 HTTP/1.1" 200 18548
INFO 2025-05-29 01:29:50,994 basehttp "GET /admin/shop/client/?o=1 HTTP/1.1" 200 15836
INFO 2025-05-29 01:30:08,629 basehttp "GET /admin/shop/employee/ HTTP/1.1" 200 15572
INFO 2025-05-29 01:30:08,656 basehttp "GET /admin/jsi18n/ HTTP/1.1" 200 3342
INFO 2025-05-29 01:31:10,008 basehttp "GET /admin/shop/employee/1/change/ HTTP/1.1" 200 21617
INFO 2025-05-29 01:31:10,034 basehttp "GET /admin/jsi18n/ HTTP/1.1" 200 3342
INFO 2025-05-29 01:31:16,173 basehttp "GET /admin/shop/employee/ HTTP/1.1" 200 15572
INFO 2025-05-29 01:32:01,840 autoreload C:\Users\Кирилл\Desktop\353505_HOROSHKO_24\IGI\LR5\shop\views.py changed, reloading.
INFO 2025-05-29 01:32:02,287 autoreload Watching for file changes with StatReloader
INFO 2025-05-29 01:32:44,544 autoreload C:\Users\Кирилл\Desktop\353505_HOROSHKO_24\IGI\LR5\shop\models.py changed, reloading.
INFO 2025-05-29 01:32:45,613 autoreload Watching for file changes with StatReloader
INFO 2025-05-29 01:32:48,399 basehttp "GET /admin/shop/employee/ HTTP/1.1" 200 15761
INFO 2025-05-29 01:32:48,487 basehttp "GET /admin/jsi18n/ HTTP/1.1" 200 3342
INFO 2025-05-29 01:32:51,154 basehttp "GET /admin/shop/employee/1/change/ HTTP/1.1" 200 21828
INFO 2025-05-29 01:32:51,239 basehttp "GET /admin/jsi18n/ HTTP/1.1" 200 3342
INFO 2025-05-29 01:32:53,203 basehttp "GET /admin/shop/employee/ HTTP/1.1" 200 15761
INFO 2025-05-29 01:33:03,575 basehttp "GET /admin/shop/client/ HTTP/1.1" 200 15681
INFO 2025-05-29 01:33:03,595 basehttp "GET /admin/jsi18n/ HTTP/1.1" 200 3342
INFO 2025-05-29 01:33:05,246 basehttp "GET /admin/shop/client/1/change/ HTTP/1.1" 200 18611
INFO 2025-05-29 01:33:05,268 basehttp "GET /admin/jsi18n/ HTTP/1.1" 200 3342
INFO 2025-05-29 01:33:07,890 basehttp "GET /admin/shop/client/ HTTP/1.1" 200 15681
INFO 2025-05-29 01:33:09,295 basehttp "GET /admin/shop/employee/ HTTP/1.1" 200 15761
INFO 2025-05-29 01:33:09,995 basehttp "GET /admin/shop/client/?o=1 HTTP/1.1" 200 15965
INFO 2025-05-29 01:33:10,663 basehttp "GET /admin/shop/client/1/change/?_changelist_filters=o%3D1 HTTP/1.1" 200 18699
INFO 2025-05-29 01:33:11,278 basehttp "GET /admin/shop/client/?o=1 HTTP/1.1" 200 15965
INFO 2025-05-29 01:33:11,884 basehttp "GET /admin/shop/client/ HTTP/1.1" 200 15681
INFO 2025-05-29 01:33:12,477 basehttp "GET /admin/shop/client/1/change/ HTTP/1.1" 200 18611
INFO 2025-05-29 01:33:13,127 basehttp "GET /admin/shop/client/ HTTP/1.1" 200 15681
INFO 2025-05-29 01:33:13,825 basehttp "GET /admin/ HTTP/1.1" 200 19326
INFO 2025-05-29 01:33:14,508 basehttp "GET /admin/login/?next=/admin/ HTTP/1.1" 302 0
INFO 2025-05-29 01:33:14,527 basehttp "GET /admin/ HTTP/1.1" 200 19326
INFO 2025-05-29 01:33:16,394 basehttp "GET / HTTP/1.1" 200 2542
INFO 2025-05-29 01:33:19,228 basehttp "GET /logout/ HTTP/1.1" 302 0
INFO 2025-05-29 01:33:19,231 basehttp "GET /auth-options/ HTTP/1.1" 200 803
INFO 2025-05-29 01:33:20,843 basehttp "GET /login/ HTTP/1.1" 200 1119
INFO 2025-05-29 01:33:30,870 basehttp "POST /login/ HTTP/1.1" 302 0
INFO 2025-05-29 01:33:31,114 basehttp "GET / HTTP/1.1" 200 2405
INFO 2025-05-29 01:34:16,112 autoreload C:\Users\Кирилл\Desktop\353505_HOROSHKO_24\IGI\LR5\shop\models.py changed, reloading.
INFO 2025-05-29 01:34:16,492 autoreload Watching for file changes with StatReloader
INFO 2025-05-29 01:37:11,070 autoreload Watching for file changes with StatReloader
INFO 2025-05-29 01:37:13,700 basehttp "GET / HTTP/1.1" 200 2384
INFO 2025-05-29 01:37:18,781 basehttp "GET /login/ HTTP/1.1" 200 1119
INFO 2025-05-29 01:37:28,194 basehttp "POST /login/ HTTP/1.1" 302 0
INFO 2025-05-29 01:37:28,422 basehttp "GET / HTTP/1.1" 200 2463
INFO 2025-05-29 01:37:37,893 basehttp "GET /login/ HTTP/1.1" 200 1119
INFO 2025-05-29 01:37:47,365 basehttp "POST /login/ HTTP/1.1" 302 0
INFO 2025-05-29 01:37:47,590 basehttp "GET / HTTP/1.1" 200 2383
INFO 2025-05-29 01:38:05,554 basehttp "GET /admin/ HTTP/1.1" 302 0
INFO 2025-05-29 01:38:05,571 basehttp "GET /admin/login/?next=/admin/ HTTP/1.1" 200 4173
INFO 2025-05-29 01:38:07,419 basehttp "POST /admin/login/?next=/admin/ HTTP/1.1" 302 0
INFO 2025-05-29 01:38:07,433 basehttp "GET /admin/ HTTP/1.1" 200 19326
INFO 2025-05-29 01:38:10,219 basehttp "GET /admin/auth/group/ HTTP/1.1" 200 16187
INFO 2025-05-29 01:38:10,242 basehttp "GET /admin/jsi18n/ HTTP/1.1" 200 3342
INFO 2025-05-29 01:38:11,832 basehttp "GET /admin/auth/group/1/change/ HTTP/1.1" 200 22910
INFO 2025-05-29 01:38:11,851 basehttp "GET /admin/jsi18n/ HTTP/1.1" 200 3342
INFO 2025-05-29 01:38:14,712 basehttp "POST /admin/auth/group/1/change/ HTTP/1.1" 302 0
INFO 2025-05-29 01:38:14,728 basehttp "GET /admin/auth/group/ HTTP/1.1" 200 16383
INFO 2025-05-29 01:38:14,750 basehttp "GET /admin/jsi18n/ HTTP/1.1" 200 3342
INFO 2025-05-29 01:38:23,217 basehttp "GET /admin/shop/client/ HTTP/1.1" 200 15681
INFO 2025-05-29 01:38:23,238 basehttp "GET /admin/jsi18n/ HTTP/1.1" 200 3342
INFO 2025-05-29 01:38:28,577 basehttp "POST /admin/shop/client/ HTTP/1.1" 200 14437
INFO 2025-05-29 01:38:28,629 basehttp "GET /static/admin/js/cancel.js HTTP/1.1" 200 884
INFO 2025-05-29 01:38:30,048 basehttp "POST /admin/shop/client/ HTTP/1.1" 302 0
INFO 2025-05-29 01:38:30,061 basehttp "GET /admin/shop/client/ HTTP/1.1" 200 14482
INFO 2025-05-29 01:38:30,083 basehttp "GET /admin/jsi18n/ HTTP/1.1" 200 3342
INFO 2025-05-29 01:38:32,427 basehttp "GET /admin/shop/employee/ HTTP/1.1" 200 15761
INFO 2025-05-29 01:38:32,451 basehttp "GET /admin/jsi18n/ HTTP/1.1" 200 3342
INFO 2025-05-29 01:38:36,505 basehttp "POST /admin/shop/employee/ HTTP/1.1" 200 14483
INFO 2025-05-29 01:38:39,925 basehttp "POST /admin/shop/employee/ HTTP/1.1" 302 0
INFO 2025-05-29 01:38:39,935 basehttp "GET /admin/shop/employee/ HTTP/1.1" 200 14522
INFO 2025-05-29 01:38:39,954 basehttp "GET /admin/jsi18n/ HTTP/1.1" 200 3342
INFO 2025-05-29 01:39:09,538 basehttp "GET /admin/ HTTP/1.1" 200 19272
INFO 2025-05-29 01:39:09,566 basehttp "GET /static/admin/img/icon-deletelink.svg HTTP/1.1" 304 0
INFO 2025-05-29 01:39:12,248 basehttp "GET /admin/ HTTP/1.1" 200 19272
INFO 2025-05-29 01:39:13,615 basehttp "GET / HTTP/1.1" 200 2520
INFO 2025-05-29 01:39:15,509 basehttp "GET /logout/ HTTP/1.1" 302 0
INFO 2025-05-29 01:39:15,514 basehttp "GET /auth-options/ HTTP/1.1" 200 803
INFO 2025-05-29 01:39:17,748 basehttp "GET /register/client/ HTTP/1.1" 200 2925
INFO 2025-05-29 01:40:00,380 basehttp "POST /register/client/ HTTP/1.1" 200 3161
INFO 2025-05-29 01:40:22,525 basehttp "GET /admin/ HTTP/1.1" 302 0
INFO 2025-05-29 01:40:22,535 basehttp "GET /admin/login/?next=/admin/ HTTP/1.1" 200 4173
INFO 2025-05-29 01:40:27,102 basehttp "POST /admin/login/?next=/admin/ HTTP/1.1" 302 0
INFO 2025-05-29 01:40:27,111 basehttp "GET /admin/ HTTP/1.1" 200 19272
INFO 2025-05-29 01:40:30,462 basehttp "GET /admin/shop/uservisit/ HTTP/1.1" 200 20364
INFO 2025-05-29 01:40:30,482 basehttp "GET /admin/jsi18n/ HTTP/1.1" 200 3342
INFO 2025-05-29 01:40:34,129 basehttp "GET /admin/auth/user/ HTTP/1.1" 200 19504
INFO 2025-05-29 01:40:34,153 basehttp "GET /admin/jsi18n/ HTTP/1.1" 200 3342
INFO 2025-05-29 01:40:34,166 basehttp "GET /static/admin/img/icon-no.svg HTTP/1.1" 200 560
INFO 2025-05-29 01:40:44,390 basehttp "POST /admin/auth/user/ HTTP/1.1" 200 14955
INFO 2025-05-29 01:40:45,451 basehttp "POST /admin/auth/user/ HTTP/1.1" 302 0
INFO 2025-05-29 01:40:45,465 basehttp "GET /admin/auth/user/ HTTP/1.1" 200 18730
INFO 2025-05-29 01:40:45,482 basehttp "GET /admin/jsi18n/ HTTP/1.1" 200 3342
INFO 2025-05-29 01:40:47,460 basehttp "GET /admin/shop/uservisit/ HTTP/1.1" 200 19328
INFO 2025-05-29 01:40:47,480 basehttp "GET /admin/jsi18n/ HTTP/1.1" 200 3342
WARNING 2025-05-29 01:41:01,647 log Forbidden (CSRF token from POST incorrect.): /register/client/
WARNING 2025-05-29 01:41:01,648 basehttp "POST /register/client/ HTTP/1.1" 403 2503
WARNING 2025-05-29 01:41:04,754 log Forbidden (CSRF token from POST incorrect.): /register/client/
WARNING 2025-05-29 01:41:04,755 basehttp "POST /register/client/ HTTP/1.1" 403 2503
INFO 2025-05-29 01:41:06,644 basehttp "GET /register/client/ HTTP/1.1" 200 2925
INFO 2025-05-29 01:41:10,156 basehttp "GET / HTTP/1.1" 200 2521
INFO 2025-05-29 01:41:13,063 basehttp "GET /register/client/ HTTP/1.1" 200 2925
INFO 2025-05-29 01:41:55,847 basehttp "POST /register/client/ HTTP/1.1" 302 0
INFO 2025-05-29 01:41:56,078 basehttp "GET / HTTP/1.1" 200 2506
INFO 2025-05-29 01:41:58,668 basehttp "GET /client_orders/ HTTP/1.1" 200 1528
INFO 2025-05-29 01:42:00,161 basehttp "GET /client_orders/ HTTP/1.1" 200 1528
INFO 2025-05-29 01:42:02,921 basehttp "GET /logout/ HTTP/1.1" 302 0
INFO 2025-05-29 01:42:02,924 basehttp "GET /auth-options/ HTTP/1.1" 200 803
INFO 2025-05-29 01:42:07,751 basehttp "GET /register/employee/ HTTP/1.1" 200 4142
INFO 2025-05-29 01:43:05,287 basehttp "POST /register/employee/ HTTP/1.1" 200 4426
INFO 2025-05-29 01:43:24,877 basehttp "POST /register/employee/ HTTP/1.1" 302 0
INFO 2025-05-29 01:43:26,059 basehttp "GET / HTTP/1.1" 200 2472
INFO 2025-05-29 01:43:27,310 basehttp "GET /employee_orders/ HTTP/1.1" 200 1530
INFO 2025-05-29 01:43:32,238 basehttp "GET /logout/ HTTP/1.1" 302 0
INFO 2025-05-29 01:43:32,241 basehttp "GET /auth-options/ HTTP/1.1" 200 803
INFO 2025-05-29 01:43:36,625 basehttp "GET / HTTP/1.1" 200 2461
INFO 2025-05-29 01:43:56,263 basehttp "GET /login/ HTTP/1.1" 200 1119
INFO 2025-05-29 01:44:00,900 basehttp "POST /login/ HTTP/1.1" 302 0
INFO 2025-05-29 01:44:01,127 basehttp "GET / HTTP/1.1" 200 2417
INFO 2025-05-29 01:44:03,945 basehttp "GET /login/ HTTP/1.1" 200 1119
INFO 2025-05-29 01:44:05,357 basehttp "POST /login/ HTTP/1.1" 302 0
INFO 2025-05-29 01:44:05,586 basehttp "GET / HTTP/1.1" 200 2376
INFO 2025-05-29 01:44:21,815 basehttp "GET /login/ HTTP/1.1" 200 1119
INFO 2025-05-29 01:44:25,347 basehttp "POST /login/ HTTP/1.1" 302 0
INFO 2025-05-29 01:44:25,609 basehttp "GET / HTTP/1.1" 200 2455
INFO 2025-05-29 01:44:43,056 basehttp "GET /admin/shop/uservisit/ HTTP/1.1" 302 0
INFO 2025-05-29 01:44:43,062 basehttp "GET /admin/login/?next=/admin/shop/uservisit/ HTTP/1.1" 200 4203
INFO 2025-05-29 01:44:47,396 basehttp "GET /login/ HTTP/1.1" 200 1119
INFO 2025-05-29 01:44:50,874 basehttp "POST /login/ HTTP/1.1" 302 0
INFO 2025-05-29 01:44:52,050 basehttp "GET / HTTP/1.1" 200 2406
INFO 2025-05-29 01:44:54,495 basehttp "GET /login/ HTTP/1.1" 200 1119
INFO 2025-05-29 01:45:05,607 basehttp "POST /login/ HTTP/1.1" 302 0
INFO 2025-05-29 01:45:05,838 basehttp "GET / HTTP/1.1" 200 2464
INFO 2025-05-29 01:45:13,600 basehttp "GET /login/ HTTP/1.1" 200 1119
INFO 2025-05-29 01:45:30,511 basehttp "POST /login/ HTTP/1.1" 302 0
INFO 2025-05-29 01:45:31,691 basehttp "GET / HTTP/1.1" 200 2363
INFO 2025-05-29 01:46:36,420 autoreload C:\Users\Кирилл\Desktop\353505_HOROSHKO_24\IGI\LR5\shop\views.py changed, reloading.
INFO 2025-05-29 01:46:37,331 autoreload Watching for file changes with StatReloader
INFO 2025-05-29 01:46:39,649 basehttp "GET /login/ HTTP/1.1" 200 1119
INFO 2025-05-29 01:46:41,334 basehttp "POST /login/ HTTP/1.1" 302 0
INFO 2025-05-29 01:46:42,542 basehttp "GET / HTTP/1.1" 200 2516
INFO 2025-05-29 01:46:46,118 basehttp "GET /logout/ HTTP/1.1" 302 0
INFO 2025-05-29 01:46:46,122 basehttp "GET /auth-options/ HTTP/1.1" 200 803
INFO 2025-05-29 01:46:47,302 basehttp "GET /login/ HTTP/1.1" 200 1119
INFO 2025-05-29 01:46:58,210 basehttp "POST /login/ HTTP/1.1" 302 0
INFO 2025-05-29 01:46:59,381 basehttp "GET / HTTP/1.1" 200 2449
INFO 2025-05-29 01:47:01,014 basehttp "GET /logout/ HTTP/1.1" 302 0
INFO 2025-05-29 01:47:01,019 basehttp "GET /auth-options/ HTTP/1.1" 200 803
INFO 2025-05-29 01:47:02,967 basehttp "GET /login/ HTTP/1.1" 200 1119
INFO 2025-05-29 01:47:09,010 basehttp "POST /login/ HTTP/1.1" 302 0
INFO 2025-05-29 01:47:09,244 basehttp "GET / HTTP/1.1" 200 2504
INFO 2025-05-29 01:47:14,632 basehttp "GET /product_charts/ HTTP/1.1" 200 1595
INFO 2025-05-29 01:47:15,580 basehttp "GET /admin/ HTTP/1.1" 200 19138
INFO 2025-05-29 01:47:20,601 basehttp "GET /admin/shop/uservisit/ HTTP/1.1" 200 20684
INFO 2025-05-29 01:47:20,622 basehttp "GET /admin/jsi18n/ HTTP/1.1" 200 3342
INFO 2025-05-29 01:47:46,415 basehttp "GET /admin/ HTTP/1.1" 200 19138
INFO 2025-05-29 01:47:58,135 basehttp "GET /coupons/ HTTP/1.1" 200 1595
INFO 2025-05-29 02:05:23,664 autoreload C:\Users\Кирилл\Desktop\353505_HOROSHKO_24\IGI\LR5\shop\views.py changed, reloading.
INFO 2025-05-29 02:05:24,492 autoreload Watching for file changes with StatReloader
INFO 2025-05-29 02:05:36,086 autoreload C:\Users\Кирилл\Desktop\353505_HOROSHKO_24\IGI\LR5\shop\views.py changed, reloading.
INFO 2025-05-29 02:05:36,663 autoreload Watching for file changes with StatReloader
INFO 2025-05-29 02:05:48,252 autoreload C:\Users\Кирилл\Desktop\353505_HOROSHKO_24\IGI\LR5\shop\views.py changed, reloading.
INFO 2025-05-29 02:05:49,131 autoreload Watching for file changes with StatReloader
INFO 2025-05-29 02:06:05,838 autoreload C:\Users\Кирилл\Desktop\353505_HOROSHKO_24\IGI\LR5\shop\forms.py changed, reloading.
INFO 2025-05-29 02:06:06,278 autoreload Watching for file changes with StatReloader
INFO 2025-05-29 02:06:10,663 autoreload C:\Users\Кирилл\Desktop\353505_HOROSHKO_24\IGI\LR5\shop\forms.py changed, reloading.
INFO 2025-05-29 02:06:11,145 autoreload Watching for file changes with StatReloader
INFO 2025-05-29 02:08:02,044 autoreload C:\Users\Кирилл\Desktop\353505_HOROSHKO_24\IGI\LR5\shop\urls.py changed, reloading.
INFO 2025-05-29 02:08:02,370 autoreload Watching for file changes with StatReloader
INFO 2025-05-29 02:08:07,758 autoreload C:\Users\Кирилл\Desktop\353505_HOROSHKO_24\IGI\LR5\shop\urls.py changed, reloading.
INFO 2025-05-29 02:08:08,081 autoreload Watching for file changes with StatReloader
INFO 2025-05-29 02:09:05,380 basehttp "GET /admin/auth/user/ HTTP/1.1" 200 19504
INFO 2025-05-29 02:09:06,911 basehttp "GET /admin/auth/user/ HTTP/1.1" 200 19504
INFO 2025-05-29 02:09:07,971 basehttp "GET /admin/auth/user/ HTTP/1.1" 200 19504
INFO 2025-05-29 02:09:07,989 basehttp "GET /admin/jsi18n/ HTTP/1.1" 200 3342
INFO 2025-05-29 02:09:09,822 basehttp "GET /admin/shop/uservisit/ HTTP/1.1" 200 20684
INFO 2025-05-29 02:09:09,982 basehttp "GET /admin/ HTTP/1.1" 200 19138
INFO 2025-05-29 02:09:10,210 basehttp "GET /admin/login/?next=/admin/ HTTP/1.1" 302 0
INFO 2025-05-29 02:09:10,226 basehttp "GET /admin/ HTTP/1.1" 200 19138
INFO 2025-05-29 02:09:11,028 basehttp "GET /register/client/ HTTP/1.1" 200 2925
INFO 2025-05-29 02:09:12,832 basehttp "GET /admin/ HTTP/1.1" 200 19138
INFO 2025-05-29 02:09:18,299 basehttp "GET /manufacturers/ HTTP/1.1" 200 3159
WARNING 2025-05-29 02:09:18,337 log Not Found: /manufacturers/0522953127611617.jpg
WARNING 2025-05-29 02:09:18,339 log Not Found: /manufacturers/Kommunarka-Logotip-s-deskriptorom-i-obvodkoy.png
WARNING 2025-05-29 02:09:18,342 log Not Found: /manufacturers/images.png
WARNING 2025-05-29 02:09:18,345 log Not Found: /manufacturers/logo.png
WARNING 2025-05-29 02:09:18,349 basehttp "GET /manufacturers/images.png HTTP/1.1" 404 7735
WARNING 2025-05-29 02:09:18,349 basehttp "GET /manufacturers/0522953127611617.jpg HTTP/1.1" 404 7765
WARNING 2025-05-29 02:09:18,349 log Not Found: /manufacturers/1973894_18606198.jpeg
WARNING 2025-05-29 02:09:18,349 basehttp "GET /manufacturers/Kommunarka-Logotip-s-deskriptorom-i-obvodkoy.png HTTP/1.1" 404 7849
WARNING 2025-05-29 02:09:18,350 basehttp "GET /manufacturers/logo.png HTTP/1.1" 404 7729
WARNING 2025-05-29 02:09:18,351 basehttp "GET /manufacturers/1973894_18606198.jpeg HTTP/1.1" 404 7768
INFO 2025-05-29 02:10:26,926 autoreload C:\Users\Кирилл\Desktop\353505_HOROSHKO_24\IGI\LR5\LR5\settings.py changed, reloading.
INFO 2025-05-29 02:10:27,791 autoreload Watching for file changes with StatReloader
INFO 2025-05-29 02:10:29,627 basehttp "GET /manufacturers/ HTTP/1.1" 200 3189
WARNING 2025-05-29 02:10:29,661 log Not Found: /media/manufacturers/Kommunarka-Logotip-s-deskriptorom-i-obvodkoy.png
WARNING 2025-05-29 02:10:29,665 log Not Found: /media/manufacturers/0522953127611617.jpg
WARNING 2025-05-29 02:10:29,673 log Not Found: /media/manufacturers/logo.png
WARNING 2025-05-29 02:10:29,673 basehttp "GET /media/manufacturers/Kommunarka-Logotip-s-deskriptorom-i-obvodkoy.png HTTP/1.1" 404 7867
WARNING 2025-05-29 02:10:29,683 basehttp "GET /media/manufacturers/0522953127611617.jpg HTTP/1.1" 404 7783
WARNING 2025-05-29 02:10:29,683 log Not Found: /media/manufacturers/1973894_18606198.jpeg
WARNING 2025-05-29 02:10:29,684 basehttp "GET /media/manufacturers/logo.png HTTP/1.1" 404 7747
WARNING 2025-05-29 02:10:29,685 basehttp "GET /media/manufacturers/1973894_18606198.jpeg HTTP/1.1" 404 7786
INFO 2025-05-29 02:10:30,326 basehttp "GET /manufacturers/ HTTP/1.1" 200 3189
WARNING 2025-05-29 02:10:30,344 log Not Found: /media/manufacturers/0522953127611617.jpg
WARNING 2025-05-29 02:10:30,346 log Not Found: /media/manufacturers/Kommunarka-Logotip-s-deskriptorom-i-obvodkoy.png
WARNING 2025-05-29 02:10:30,348 log Not Found: /media/manufacturers/1973894_18606198.jpeg
WARNING 2025-05-29 02:10:30,350 log Not Found: /media/manufacturers/logo.png
WARNING 2025-05-29 02:10:30,351 basehttp "GET /media/manufacturers/Kommunarka-Logotip-s-deskriptorom-i-obvodkoy.png HTTP/1.1" 404 7867
WARNING 2025-05-29 02:10:30,351 basehttp "GET /media/manufacturers/0522953127611617.jpg HTTP/1.1" 404 7783
WARNING 2025-05-29 02:10:30,351 basehttp "GET /media/manufacturers/1973894_18606198.jpeg HTTP/1.1" 404 7786
WARNING 2025-05-29 02:10:30,351 basehttp "GET /media/manufacturers/logo.png HTTP/1.1" 404 7747
INFO 2025-05-29 02:10:31,122 basehttp "GET /manufacturers/ HTTP/1.1" 200 3189
WARNING 2025-05-29 02:10:31,146 log Not Found: /media/manufacturers/0522953127611617.jpg
WARNING 2025-05-29 02:10:31,153 log Not Found: /media/manufacturers/logo.png
WARNING 2025-05-29 02:10:31,159 log Not Found: /media/manufacturers/1973894_18606198.jpeg
WARNING 2025-05-29 02:10:31,161 log Not Found: /media/manufacturers/Kommunarka-Logotip-s-deskriptorom-i-obvodkoy.png
WARNING 2025-05-29 02:10:31,161 basehttp "GET /media/manufacturers/0522953127611617.jpg HTTP/1.1" 404 7783
WARNING 2025-05-29 02:10:31,161 basehttp "GET /media/manufacturers/logo.png HTTP/1.1" 404 7747
WARNING 2025-05-29 02:10:31,161 basehttp "GET /media/manufacturers/1973894_18606198.jpeg HTTP/1.1" 404 7786
WARNING 2025-05-29 02:10:31,162 basehttp "GET /media/manufacturers/Kommunarka-Logotip-s-deskriptorom-i-obvodkoy.png HTTP/1.1" 404 7867
INFO 2025-05-29 02:10:50,390 autoreload C:\Users\Кирилл\Desktop\353505_HOROSHKO_24\IGI\LR5\LR5\urls.py changed, reloading.
INFO 2025-05-29 02:10:50,763 autoreload Watching for file changes with StatReloader
INFO 2025-05-29 02:10:56,165 autoreload C:\Users\Кирилл\Desktop\353505_HOROSHKO_24\IGI\LR5\LR5\urls.py changed, reloading.
INFO 2025-05-29 02:10:56,592 autoreload Watching for file changes with StatReloader
INFO 2025-05-29 02:11:01,023 autoreload C:\Users\Кирилл\Desktop\353505_HOROSHKO_24\IGI\LR5\LR5\urls.py changed, reloading.
INFO 2025-05-29 02:11:01,587 autoreload Watching for file changes with StatReloader
INFO 2025-05-29 02:11:05,792 basehttp "GET /manufacturers/ HTTP/1.1" 200 3189
WARNING 2025-05-29 02:11:05,816 log Not Found: /media/manufacturers/Kommunarka-Logotip-s-deskriptorom-i-obvodkoy.png
WARNING 2025-05-29 02:11:05,818 log Not Found: /media/manufacturers/0522953127611617.jpg
WARNING 2025-05-29 02:11:05,820 basehttp "GET /media/manufacturers/Kommunarka-Logotip-s-deskriptorom-i-obvodkoy.png HTTP/1.1" 404 8323
WARNING 2025-05-29 02:11:05,820 basehttp "GET /media/manufacturers/0522953127611617.jpg HTTP/1.1" 404 8211
WARNING 2025-05-29 02:11:05,823 log Not Found: /media/manufacturers/logo.png
WARNING 2025-05-29 02:11:05,825 log Not Found: /media/manufacturers/1973894_18606198.jpeg
WARNING 2025-05-29 02:11:05,826 basehttp "GET /media/manufacturers/logo.png HTTP/1.1" 404 8163
WARNING 2025-05-29 02:11:05,826 basehttp "GET /media/manufacturers/1973894_18606198.jpeg HTTP/1.1" 404 8215
INFO 2025-05-29 02:11:06,636 basehttp "GET /manufacturers/ HTTP/1.1" 200 3189
WARNING 2025-05-29 02:11:06,662 log Not Found: /media/manufacturers/0522953127611617.jpg
WARNING 2025-05-29 02:11:06,665 log Not Found: /media/manufacturers/1973894_18606198.jpeg
WARNING 2025-05-29 02:11:06,667 log Not Found: /media/manufacturers/logo.png
WARNING 2025-05-29 02:11:06,669 log Not Found: /media/manufacturers/Kommunarka-Logotip-s-deskriptorom-i-obvodkoy.png
WARNING 2025-05-29 02:11:06,669 basehttp "GET /media/manufacturers/0522953127611617.jpg HTTP/1.1" 404 8211
WARNING 2025-05-29 02:11:06,669 basehttp "GET /media/manufacturers/1973894_18606198.jpeg HTTP/1.1" 404 8215
WARNING 2025-05-29 02:11:06,670 basehttp "GET /media/manufacturers/logo.png HTTP/1.1" 404 8163
WARNING 2025-05-29 02:11:06,670 basehttp "GET /media/manufacturers/Kommunarka-Logotip-s-deskriptorom-i-obvodkoy.png HTTP/1.1" 404 8323
INFO 2025-05-29 02:11:07,329 basehttp "GET /manufacturers/ HTTP/1.1" 200 3189
WARNING 2025-05-29 02:11:07,358 log Not Found: /media/manufacturers/Kommunarka-Logotip-s-deskriptorom-i-obvodkoy.png
WARNING 2025-05-29 02:11:07,361 log Not Found: /media/manufacturers/logo.png
WARNING 2025-05-29 02:11:07,366 log Not Found: /media/manufacturers/0522953127611617.jpg
WARNING 2025-05-29 02:11:07,369 log Not Found: /media/manufacturers/1973894_18606198.jpeg
WARNING 2025-05-29 02:11:07,370 basehttp "GET /media/manufacturers/Kommunarka-Logotip-s-deskriptorom-i-obvodkoy.png HTTP/1.1" 404 8323
WARNING 2025-05-29 02:11:07,370 basehttp "GET /media/manufacturers/logo.png HTTP/1.1" 404 8163
WARNING 2025-05-29 02:11:07,371 basehttp "GET /media/manufacturers/0522953127611617.jpg HTTP/1.1" 404 8211
WARNING 2025-05-29 02:11:07,372 basehttp "GET /media/manufacturers/1973894_18606198.jpeg HTTP/1.1" 404 8215
INFO 2025-05-29 02:12:11,542 autoreload Watching for file changes with StatReloader
INFO 2025-05-29 02:12:13,726 basehttp "GET / HTTP/1.1" 200 2552
INFO 2025-05-29 02:12:15,372 basehttp "GET /manufacturers/ HTTP/1.1" 200 3189
WARNING 2025-05-29 02:12:15,401 log Not Found: /media/manufacturers/Kommunarka-Logotip-s-deskriptorom-i-obvodkoy.png
WARNING 2025-05-29 02:12:15,404 log Not Found: /media/manufacturers/0522953127611617.jpg
WARNING 2025-05-29 02:12:15,405 basehttp "GET /media/manufacturers/0522953127611617.jpg HTTP/1.1" 404 8211
WARNING 2025-05-29 02:12:15,407 log Not Found: /media/manufacturers/logo.png
WARNING 2025-05-29 02:12:15,407 basehttp "GET /media/manufacturers/Kommunarka-Logotip-s-deskriptorom-i-obvodkoy.png HTTP/1.1" 404 8323
WARNING 2025-05-29 02:12:15,410 log Not Found: /media/manufacturers/1973894_18606198.jpeg
WARNING 2025-05-29 02:12:15,410 basehttp "GET /media/manufacturers/logo.png HTTP/1.1" 404 8163
WARNING 2025-05-29 02:12:15,410 basehttp "GET /media/manufacturers/1973894_18606198.jpeg HTTP/1.1" 404 8215
INFO 2025-05-29 02:12:56,347 basehttp "GET /manufacturers/ HTTP/1.1" 200 3163
WARNING 2025-05-29 02:12:56,380 log Not Found: /media/manufacturers/0522953127611617.jpg
WARNING 2025-05-29 02:12:56,382 basehttp "GET /media/manufacturers/0522953127611617.jpg HTTP/1.1" 404 8211
WARNING 2025-05-29 02:12:56,388 log Not Found: /media/manufacturers/1973894_18606198.jpeg
WARNING 2025-05-29 02:12:56,391 log Not Found: /media/manufacturers/Kommunarka-Logotip-s-deskriptorom-i-obvodkoy.png
WARNING 2025-05-29 02:12:56,393 log Not Found: /media/manufacturers/logo.png
WARNING 2025-05-29 02:12:56,393 basehttp "GET /media/manufacturers/1973894_18606198.jpeg HTTP/1.1" 404 8215
WARNING 2025-05-29 02:12:56,393 basehttp "GET /media/manufacturers/Kommunarka-Logotip-s-deskriptorom-i-obvodkoy.png HTTP/1.1" 404 8323
WARNING 2025-05-29 02:12:56,394 basehttp "GET /media/manufacturers/logo.png HTTP/1.1" 404 8163
INFO 2025-05-29 02:13:03,515 basehttp "GET /manufacturers/add/ HTTP/1.1" 200 2423
INFO 2025-05-29 02:13:09,073 basehttp "GET /manufacturers/ HTTP/1.1" 200 3163
WARNING 2025-05-29 02:13:09,108 log Not Found: /media/manufacturers/1973894_18606198.jpeg
WARNING 2025-05-29 02:13:09,110 log Not Found: /media/manufacturers/logo.png
WARNING 2025-05-29 02:13:09,113 log Not Found: /media/manufacturers/Kommunarka-Logotip-s-deskriptorom-i-obvodkoy.png
WARNING 2025-05-29 02:13:09,114 log Not Found: /media/manufacturers/0522953127611617.jpg
WARNING 2025-05-29 02:13:09,115 basehttp "GET /media/manufacturers/1973894_18606198.jpeg HTTP/1.1" 404 8215
WARNING 2025-05-29 02:13:09,115 basehttp "GET /media/manufacturers/logo.png HTTP/1.1" 404 8163
WARNING 2025-05-29 02:13:09,115 basehttp "GET /media/manufacturers/Kommunarka-Logotip-s-deskriptorom-i-obvodkoy.png HTTP/1.1" 404 8323
WARNING 2025-05-29 02:13:09,116 basehttp "GET /media/manufacturers/0522953127611617.jpg HTTP/1.1" 404 8211
INFO 2025-05-29 02:15:40,432 basehttp "GET /manufacturers/ HTTP/1.1" 200 3163
WARNING 2025-05-29 02:15:40,450 log Not Found: /media/manufacturers/0522953127611617.jpg
WARNING 2025-05-29 02:15:40,455 log Not Found: /media/manufacturers/Kommunarka-Logotip-s-deskriptorom-i-obvodkoy.png
WARNING 2025-05-29 02:15:40,458 log Not Found: /media/manufacturers/logo.png
WARNING 2025-05-29 02:15:40,461 log Not Found: /media/manufacturers/1973894_18606198.jpeg
WARNING 2025-05-29 02:15:40,462 basehttp "GET /media/manufacturers/Kommunarka-Logotip-s-deskriptorom-i-obvodkoy.png HTTP/1.1" 404 8323
WARNING 2025-05-29 02:15:40,462 basehttp "GET /media/manufacturers/0522953127611617.jpg HTTP/1.1" 404 8211
WARNING 2025-05-29 02:15:40,462 basehttp "GET /media/manufacturers/1973894_18606198.jpeg HTTP/1.1" 404 8215
WARNING 2025-05-29 02:15:40,463 basehttp "GET /media/manufacturers/logo.png HTTP/1.1" 404 8163
INFO 2025-05-29 02:15:43,565 basehttp "GET /manufacturers/ HTTP/1.1" 200 3163
WARNING 2025-05-29 02:15:43,586 log Not Found: /media/manufacturers/0522953127611617.jpg
WARNING 2025-05-29 02:15:43,589 log Not Found: /media/manufacturers/1973894_18606198.jpeg
WARNING 2025-05-29 02:15:43,591 log Not Found: /media/manufacturers/logo.png
WARNING 2025-05-29 02:15:43,593 log Not Found: /media/manufacturers/Kommunarka-Logotip-s-deskriptorom-i-obvodkoy.png
WARNING 2025-05-29 02:15:43,594 basehttp "GET /media/manufacturers/0522953127611617.jpg HTTP/1.1" 404 8211
WARNING 2025-05-29 02:15:43,594 basehttp "GET /media/manufacturers/1973894_18606198.jpeg HTTP/1.1" 404 8215
WARNING 2025-05-29 02:15:43,594 basehttp "GET /media/manufacturers/logo.png HTTP/1.1" 404 8163
WARNING 2025-05-29 02:15:43,595 basehttp "GET /media/manufacturers/Kommunarka-Logotip-s-deskriptorom-i-obvodkoy.png HTTP/1.1" 404 8323
INFO 2025-05-29 02:15:44,233 basehttp "GET /manufacturers/ HTTP/1.1" 200 3163
WARNING 2025-05-29 02:15:44,254 log Not Found: /media/manufacturers/Kommunarka-Logotip-s-deskriptorom-i-obvodkoy.png
WARNING 2025-05-29 02:15:44,255 log Not Found: /media/manufacturers/0522953127611617.jpg
WARNING 2025-05-29 02:15:44,258 log Not Found: /media/manufacturers/logo.png
WARNING 2025-05-29 02:15:44,261 log Not Found: /media/manufacturers/1973894_18606198.jpeg
WARNING 2025-05-29 02:15:44,261 basehttp "GET /media/manufacturers/Kommunarka-Logotip-s-deskriptorom-i-obvodkoy.png HTTP/1.1" 404 8323
WARNING 2025-05-29 02:15:44,261 basehttp "GET /media/manufacturers/0522953127611617.jpg HTTP/1.1" 404 8211
WARNING 2025-05-29 02:15:44,262 basehttp "GET /media/manufacturers/logo.png HTTP/1.1" 404 8163
WARNING 2025-05-29 02:15:44,262 basehttp "GET /media/manufacturers/1973894_18606198.jpeg HTTP/1.1" 404 8215
INFO 2025-05-29 02:16:04,565 basehttp "GET /manufacturers/ HTTP/1.1" 200 3163
WARNING 2025-05-29 02:16:04,590 log Not Found: /media/manufacturers/0522953127611617.jpg
WARNING 2025-05-29 02:16:04,592 log Not Found: /media/manufacturers/logo.png
WARNING 2025-05-29 02:16:04,593 log Not Found: /media/manufacturers/Kommunarka-Logotip-s-deskriptorom-i-obvodkoy.png
WARNING 2025-05-29 02:16:04,595 log Not Found: /media/manufacturers/1973894_18606198.jpeg
WARNING 2025-05-29 02:16:04,596 basehttp "GET /media/manufacturers/0522953127611617.jpg HTTP/1.1" 404 8211
WARNING 2025-05-29 02:16:04,596 basehttp "GET /media/manufacturers/Kommunarka-Logotip-s-deskriptorom-i-obvodkoy.png HTTP/1.1" 404 8323
WARNING 2025-05-29 02:16:04,596 basehttp "GET /media/manufacturers/logo.png HTTP/1.1" 404 8163
WARNING 2025-05-29 02:16:04,596 basehttp "GET /media/manufacturers/1973894_18606198.jpeg HTTP/1.1" 404 8215
INFO 2025-05-29 02:16:49,620 basehttp "GET /manufacturers/ HTTP/1.1" 200 3163
WARNING 2025-05-29 02:16:49,651 log Not Found: /media/manufacturers/0522953127611617.jpg
WARNING 2025-05-29 02:16:49,654 log Not Found: /media/manufacturers/Kommunarka-Logotip-s-deskriptorom-i-obvodkoy.png
WARNING 2025-05-29 02:16:49,657 log Not Found: /media/manufacturers/logo.png
WARNING 2025-05-29 02:16:49,659 log Not Found: /media/manufacturers/1973894_18606198.jpeg
WARNING 2025-05-29 02:16:49,659 basehttp "GET /media/manufacturers/0522953127611617.jpg HTTP/1.1" 404 8211
WARNING 2025-05-29 02:16:49,659 basehttp "GET /media/manufacturers/Kommunarka-Logotip-s-deskriptorom-i-obvodkoy.png HTTP/1.1" 404 8323
WARNING 2025-05-29 02:16:49,660 basehttp "GET /media/manufacturers/logo.png HTTP/1.1" 404 8163
WARNING 2025-05-29 02:16:49,660 basehttp "GET /media/manufacturers/1973894_18606198.jpeg HTTP/1.1" 404 8215
WARNING 2025-05-29 02:17:14,848 log Not Found: /manufacturers/admin
WARNING 2025-05-29 02:17:14,849 basehttp "GET /manufacturers/admin HTTP/1.1" 404 7889
INFO 2025-05-29 02:17:26,330 basehttp "GET /admin/ HTTP/1.1" 200 19138
INFO 2025-05-29 02:17:29,403 basehttp "GET /admin/shop/manufacturer/ HTTP/1.1" 200 17109
INFO 2025-05-29 02:17:29,430 basehttp "GET /admin/jsi18n/ HTTP/1.1" 200 3342
INFO 2025-05-29 02:17:30,835 basehttp "GET /admin/shop/manufacturer/6/change/ HTTP/1.1" 200 17608
INFO 2025-05-29 02:17:30,863 basehttp "GET /admin/jsi18n/ HTTP/1.1" 200 3342
INFO 2025-05-29 02:17:36,065 basehttp "GET /admin/shop/manufacturer/ HTTP/1.1" 200 17109
INFO 2025-05-29 02:17:38,758 basehttp "GET /admin/shop/manufacturer/4/change/ HTTP/1.1" 200 17534
INFO 2025-05-29 02:17:38,784 basehttp "GET /admin/jsi18n/ HTTP/1.1" 200 3342
INFO 2025-05-29 02:17:46,056 basehttp "GET /admin/shop/manufacturer/4/change/ HTTP/1.1" 200 17534
INFO 2025-05-29 02:17:46,378 basehttp "GET /admin/shop/manufacturer/ HTTP/1.1" 200 17109
INFO 2025-05-29 02:17:47,581 basehttp "GET /admin/shop/manufacturer/6/change/ HTTP/1.1" 200 17608
INFO 2025-05-29 02:17:47,606 basehttp "GET /admin/jsi18n/ HTTP/1.1" 200 3342
WARNING 2025-05-29 02:17:49,117 log Not Found: /media/manufacturers/logo.png
WARNING 2025-05-29 02:17:49,117 basehttp "GET /media/manufacturers/logo.png HTTP/1.1" 404 8163
INFO 2025-05-29 02:17:51,688 basehttp "GET /admin/shop/manufacturer/6/change/ HTTP/1.1" 200 17608
INFO 2025-05-29 02:17:53,774 basehttp "GET /admin/shop/manufacturer/ HTTP/1.1" 200 17109
INFO 2025-05-29 02:17:55,380 basehttp "GET /admin/shop/manufacturer/5/change/ HTTP/1.1" 200 17645
INFO 2025-05-29 02:17:55,405 basehttp "GET /admin/jsi18n/ HTTP/1.1" 200 3342
WARNING 2025-05-29 02:17:57,054 log Not Found: /media/manufacturers/Kommunarka-Logotip-s-deskriptorom-i-obvodkoy.png
WARNING 2025-05-29 02:17:57,054 basehttp "GET /media/manufacturers/Kommunarka-Logotip-s-deskriptorom-i-obvodkoy.png HTTP/1.1" 404 8323
INFO 2025-05-29 02:17:58,848 basehttp "GET /admin/shop/manufacturer/5/change/ HTTP/1.1" 200 17645
INFO 2025-05-29 02:18:12,981 basehttp "GET /admin/shop/employee/ HTTP/1.1" 200 15761
INFO 2025-05-29 02:18:13,001 basehttp "GET /admin/jsi18n/ HTTP/1.1" 200 3342
INFO 2025-05-29 02:18:14,627 basehttp "GET /admin/shop/employee/2/change/ HTTP/1.1" 200 21828
INFO 2025-05-29 02:18:14,646 basehttp "GET /admin/jsi18n/ HTTP/1.1" 200 3342
INFO 2025-05-29 02:18:29,864 basehttp "POST /admin/shop/employee/2/change/ HTTP/1.1" 302 0
INFO 2025-05-29 02:18:29,876 basehttp "GET /admin/shop/employee/ HTTP/1.1" 200 16017
INFO 2025-05-29 02:18:29,894 basehttp "GET /admin/jsi18n/ HTTP/1.1" 200 3342
INFO 2025-05-29 02:18:31,868 basehttp "GET /admin/shop/employee/2/change/ HTTP/1.1" 200 22091
INFO 2025-05-29 02:18:31,890 basehttp "GET /admin/jsi18n/ HTTP/1.1" 200 3342
INFO 2025-05-29 02:18:34,124 basehttp "GET /admin/shop/employee/ HTTP/1.1" 200 15761
INFO 2025-05-29 02:18:35,421 basehttp "GET /admin/shop/employee/2/change/ HTTP/1.1" 200 22091
INFO 2025-05-29 02:18:35,450 basehttp "GET /admin/jsi18n/ HTTP/1.1" 200 3342
INFO 2025-05-29 02:18:36,839 basehttp "GET /media/employees/8815077.png HTTP/1.1" 200 23904
INFO 2025-05-29 02:18:38,328 basehttp "GET /admin/shop/employee/2/change/ HTTP/1.1" 200 22091
INFO 2025-05-29 02:18:38,905 basehttp "GET /admin/shop/employee/ HTTP/1.1" 200 15761
INFO 2025-05-29 02:18:43,268 basehttp "GET /admin/shop/product/ HTTP/1.1" 200 20639
INFO 2025-05-29 02:18:43,291 basehttp "GET /admin/jsi18n/ HTTP/1.1" 200 3342
INFO 2025-05-29 02:18:45,001 basehttp "GET /admin/shop/product/19/change/ HTTP/1.1" 200 23051
INFO 2025-05-29 02:18:45,025 basehttp "GET /admin/jsi18n/ HTTP/1.1" 200 3342
INFO 2025-05-29 02:18:47,890 basehttp "GET /admin/shop/product/19/change/ HTTP/1.1" 200 23051
INFO 2025-05-29 02:18:48,118 basehttp "GET /admin/shop/product/ HTTP/1.1" 200 20639
INFO 2025-05-29 02:18:49,682 basehttp "GET /admin/shop/manufacturer/ HTTP/1.1" 200 17109
INFO 2025-05-29 02:18:49,706 basehttp "GET /admin/jsi18n/ HTTP/1.1" 200 3342
INFO 2025-05-29 02:18:50,868 basehttp "GET /admin/shop/manufacturer/6/change/ HTTP/1.1" 200 17608
INFO 2025-05-29 02:18:50,896 basehttp "GET /admin/jsi18n/ HTTP/1.1" 200 3342
INFO 2025-05-29 02:19:10,034 basehttp "POST /admin/shop/manufacturer/6/change/ HTTP/1.1" 302 0
INFO 2025-05-29 02:19:10,051 basehttp "GET /admin/shop/manufacturer/ HTTP/1.1" 200 17342
INFO 2025-05-29 02:19:10,075 basehttp "GET /admin/jsi18n/ HTTP/1.1" 200 3342
INFO 2025-05-29 02:19:11,612 basehttp "GET /admin/shop/manufacturer/5/change/ HTTP/1.1" 200 17645
INFO 2025-05-29 02:19:11,630 basehttp "GET /admin/jsi18n/ HTTP/1.1" 200 3342
INFO 2025-05-29 02:19:15,625 basehttp "POST /admin/shop/manufacturer/5/change/ HTTP/1.1" 302 0
INFO 2025-05-29 02:19:15,642 basehttp "GET /admin/shop/manufacturer/ HTTP/1.1" 200 17333
INFO 2025-05-29 02:19:15,663 basehttp "GET /admin/jsi18n/ HTTP/1.1" 200 3342
INFO 2025-05-29 02:19:17,356 basehttp "GET /admin/shop/manufacturer/3/change/ HTTP/1.1" 200 17566
INFO 2025-05-29 02:19:17,381 basehttp "GET /admin/jsi18n/ HTTP/1.1" 200 3342
INFO 2025-05-29 02:19:21,944 basehttp "POST /admin/shop/manufacturer/3/change/ HTTP/1.1" 302 0
INFO 2025-05-29 02:19:21,958 basehttp "GET /admin/shop/manufacturer/ HTTP/1.1" 200 17328
INFO 2025-05-29 02:19:21,977 basehttp "GET /admin/jsi18n/ HTTP/1.1" 200 3342
INFO 2025-05-29 02:19:23,935 basehttp "GET /admin/shop/manufacturer/2/change/ HTTP/1.1" 200 17268
INFO 2025-05-29 02:19:23,962 basehttp "GET /admin/jsi18n/ HTTP/1.1" 200 3342
INFO 2025-05-29 02:19:28,467 basehttp "POST /admin/shop/manufacturer/2/change/ HTTP/1.1" 302 0
INFO 2025-05-29 02:19:28,486 basehttp "GET /admin/shop/manufacturer/ HTTP/1.1" 200 17327
INFO 2025-05-29 02:19:28,507 basehttp "GET /admin/jsi18n/ HTTP/1.1" 200 3342
INFO 2025-05-29 02:19:29,624 basehttp "GET /admin/shop/manufacturer/1/change/ HTTP/1.1" 200 17577
INFO 2025-05-29 02:19:29,651 basehttp "GET /admin/jsi18n/ HTTP/1.1" 200 3342
INFO 2025-05-29 02:19:33,510 basehttp "POST /admin/shop/manufacturer/1/change/ HTTP/1.1" 302 0
INFO 2025-05-29 02:19:33,528 basehttp "GET /admin/shop/manufacturer/ HTTP/1.1" 200 17330
INFO 2025-05-29 02:19:33,549 basehttp "GET /admin/jsi18n/ HTTP/1.1" 200 3342
INFO 2025-05-29 02:19:38,171 basehttp "GET /admin/ HTTP/1.1" 200 19235
INFO 2025-05-29 02:19:38,815 basehttp "GET / HTTP/1.1" 200 2516
INFO 2025-05-29 02:19:43,311 basehttp "GET /manufacturers/ HTTP/1.1" 200 3225
INFO 2025-05-29 02:19:43,346 basehttp "GET /media/manufacturers/0522953127611617.jpg HTTP/1.1" 200 16318
INFO 2025-05-29 02:19:43,349 basehttp "GET /media/manufacturers/15028595_w640_h640_15028595.webp HTTP/1.1" 200 46748
INFO 2025-05-29 02:19:43,351 basehttp "GET /media/manufacturers/1973894_18606198.jpeg HTTP/1.1" 200 58015
INFO 2025-05-29 02:19:43,352 basehttp "GET /media/manufacturers/logo.png HTTP/1.1" 200 62940
INFO 2025-05-29 02:19:43,352 basehttp "GET /media/manufacturers/Kommunarka-Logotip-s-deskriptorom-i-obvodkoy.png HTTP/1.1" 200 162046
INFO 2025-05-29 02:20:56,096 autoreload C:\Users\Кирилл\Desktop\353505_HOROSHKO_24\IGI\LR5\shop\views.py changed, reloading.
INFO 2025-05-29 02:20:56,535 autoreload Watching for file changes with StatReloader
INFO 2025-05-29 02:21:01,078 autoreload C:\Users\Кирилл\Desktop\353505_HOROSHKO_24\IGI\LR5\shop\views.py changed, reloading.
INFO 2025-05-29 02:21:03,580 autoreload Watching for file changes with StatReloader
INFO 2025-05-29 02:21:07,462 autoreload C:\Users\Кирилл\Desktop\353505_HOROSHKO_24\IGI\LR5\shop\views.py changed, reloading.
INFO 2025-05-29 02:21:08,517 autoreload Watching for file changes with StatReloader
INFO 2025-05-29 02:21:13,114 autoreload C:\Users\Кирилл\Desktop\353505_HOROSHKO_24\IGI\LR5\shop\views.py changed, reloading.
INFO 2025-05-29 02:21:14,116 autoreload Watching for file changes with StatReloader
INFO 2025-05-29 02:21:27,535 autoreload C:\Users\Кирилл\Desktop\353505_HOROSHKO_24\IGI\LR5\shop\views.py changed, reloading.
INFO 2025-05-29 02:21:28,301 autoreload Watching for file changes with StatReloader
INFO 2025-05-29 02:21:45,322 autoreload C:\Users\Кирилл\Desktop\353505_HOROSHKO_24\IGI\LR5\shop\forms.py changed, reloading.
INFO 2025-05-29 02:21:45,751 autoreload Watching for file changes with StatReloader
INFO 2025-05-29 02:23:39,911 autoreload C:\Users\Кирилл\Desktop\353505_HOROSHKO_24\IGI\LR5\shop\views.py changed, reloading.
INFO 2025-05-29 02:23:40,262 autoreload Watching for file changes with StatReloader
INFO 2025-05-29 02:24:00,111 autoreload C:\Users\Кирилл\Desktop\353505_HOROSHKO_24\IGI\LR5\shop\urls.py changed, reloading.
INFO 2025-05-29 02:24:00,743 autoreload Watching for file changes with StatReloader
INFO 2025-05-29 02:24:37,812 autoreload C:\Users\Кирилл\Desktop\353505_HOROSHKO_24\IGI\LR5\shop\urls.py changed, reloading.
INFO 2025-05-29 02:24:38,301 autoreload Watching for file changes with StatReloader
INFO 2025-05-29 02:25:15,358 autoreload C:\Users\Кирилл\Desktop\353505_HOROSHKO_24\IGI\LR5\shop\urls.py changed, reloading.
INFO 2025-05-29 02:25:15,839 autoreload Watching for file changes with StatReloader
INFO 2025-05-29 02:25:20,271 autoreload C:\Users\Кирилл\Desktop\353505_HOROSHKO_24\IGI\LR5\shop\urls.py changed, reloading.
INFO 2025-05-29 02:25:20,626 autoreload Watching for file changes with StatReloader
INFO 2025-05-29 02:25:26,033 autoreload C:\Users\Кирилл\Desktop\353505_HOROSHKO_24\IGI\LR5\shop\urls.py changed, reloading.
INFO 2025-05-29 02:25:26,431 autoreload Watching for file changes with StatReloader
INFO 2025-05-29 02:25:37,072 basehttp "GET / HTTP/1.1" 200 2530
INFO 2025-05-29 02:25:41,259 basehttp "GET /manufacturers/ HTTP/1.1" 200 4090
INFO 2025-05-29 02:25:41,284 basehttp "GET /media/manufacturers/0522953127611617.jpg HTTP/1.1" 304 0
INFO 2025-05-29 02:25:41,284 basehttp "GET /media/manufacturers/Kommunarka-Logotip-s-deskriptorom-i-obvodkoy.png HTTP/1.1" 304 0
INFO 2025-05-29 02:25:41,285 basehttp "GET /media/manufacturers/logo.png HTTP/1.1" 304 0
INFO 2025-05-29 02:25:41,287 basehttp "GET /media/manufacturers/1973894_18606198.jpeg HTTP/1.1" 304 0
INFO 2025-05-29 02:25:41,287 basehttp "GET /media/manufacturers/15028595_w640_h640_15028595.webp HTTP/1.1" 304 0
INFO 2025-05-29 02:25:52,862 basehttp "GET /manufacturers/ HTTP/1.1" 200 4090
INFO 2025-05-29 02:26:01,861 autoreload C:\Users\Кирилл\Desktop\353505_HOROSHKO_24\IGI\LR5\shop\urls.py changed, reloading.
INFO 2025-05-29 02:26:02,232 autoreload Watching for file changes with StatReloader
INFO 2025-05-29 02:26:04,745 basehttp "GET /manufacturers/ HTTP/1.1" 200 4090
INFO 2025-05-29 02:26:36,473 autoreload C:\Users\Кирилл\Desktop\353505_HOROSHKO_24\IGI\LR5\shop\urls.py changed, reloading.
INFO 2025-05-29 02:26:36,906 autoreload Watching for file changes with StatReloader
INFO 2025-05-29 02:27:00,037 basehttp "GET / HTTP/1.1" 200 2513
ERROR 2025-05-29 02:27:02,392 log Internal Server Error: /manufacturers/
Traceback (most recent call last):
  File "C:\Users\Кирилл\Desktop\353505_HOROSHKO_24\IGI\LR5\.venv\Lib\site-packages\django\core\handlers\exception.py", line 55, in inner
    response = get_response(request)
  File "C:\Users\Кирилл\Desktop\353505_HOROSHKO_24\IGI\LR5\.venv\Lib\site-packages\django\core\handlers\base.py", line 197, in _get_response
    response = wrapped_callback(request, *callback_args, **callback_kwargs)
  File "C:\Users\Кирилл\Desktop\353505_HOROSHKO_24\IGI\LR5\shop\views.py", line 148, in manufacturers
    return render(request, 'shop/manufacturers.html', {
        'manufacturers': manufacturers_list
    })
  File "C:\Users\Кирилл\Desktop\353505_HOROSHKO_24\IGI\LR5\.venv\Lib\site-packages\django\shortcuts.py", line 25, in render
    content = loader.render_to_string(template_name, context, request, using=using)
  File "C:\Users\Кирилл\Desktop\353505_HOROSHKO_24\IGI\LR5\.venv\Lib\site-packages\django\template\loader.py", line 62, in render_to_string
    return template.render(context, request)
           ~~~~~~~~~~~~~~~^^^^^^^^^^^^^^^^^^
  File "C:\Users\Кирилл\Desktop\353505_HOROSHKO_24\IGI\LR5\.venv\Lib\site-packages\django\template\backends\django.py", line 107, in render
    return self.template.render(context)
           ~~~~~~~~~~~~~~~~~~~~^^^^^^^^^
  File "C:\Users\Кирилл\Desktop\353505_HOROSHKO_24\IGI\LR5\.venv\Lib\site-packages\django\template\base.py", line 171, in render
    return self._render(context)
           ~~~~~~~~~~~~^^^^^^^^^
  File "C:\Users\Кирилл\Desktop\353505_HOROSHKO_24\IGI\LR5\.venv\Lib\site-packages\django\template\base.py", line 163, in _render
    return self.nodelist.render(context)
           ~~~~~~~~~~~~~~~~~~~~^^^^^^^^^
  File "C:\Users\Кирилл\Desktop\353505_HOROSHKO_24\IGI\LR5\.venv\Lib\site-packages\django\template\base.py", line 1016, in render
    return SafeString("".join([node.render_annotated(context) for node in self]))
                               ~~~~~~~~~~~~~~~~~~~~~^^^^^^^^^
  File "C:\Users\Кирилл\Desktop\353505_HOROSHKO_24\IGI\LR5\.venv\Lib\site-packages\django\template\base.py", line 977, in render_annotated
    return self.render(context)
           ~~~~~~~~~~~^^^^^^^^^
  File "C:\Users\Кирилл\Desktop\353505_HOROSHKO_24\IGI\LR5\.venv\Lib\site-packages\django\template\loader_tags.py", line 159, in render
    return compiled_parent._render(context)
           ~~~~~~~~~~~~~~~~~~~~~~~^^^^^^^^^
  File "C:\Users\Кирилл\Desktop\353505_HOROSHKO_24\IGI\LR5\.venv\Lib\site-packages\django\template\base.py", line 163, in _render
    return self.nodelist.render(context)
           ~~~~~~~~~~~~~~~~~~~~^^^^^^^^^
  File "C:\Users\Кирилл\Desktop\353505_HOROSHKO_24\IGI\LR5\.venv\Lib\site-packages\django\template\base.py", line 1016, in render
    return SafeString("".join([node.render_annotated(context) for node in self]))
                               ~~~~~~~~~~~~~~~~~~~~~^^^^^^^^^
  File "C:\Users\Кирилл\Desktop\353505_HOROSHKO_24\IGI\LR5\.venv\Lib\site-packages\django\template\base.py", line 977, in render_annotated
    return self.render(context)
           ~~~~~~~~~~~^^^^^^^^^
  File "C:\Users\Кирилл\Desktop\353505_HOROSHKO_24\IGI\LR5\.venv\Lib\site-packages\django\template\loader_tags.py", line 65, in render
    result = block.nodelist.render(context)
  File "C:\Users\Кирилл\Desktop\353505_HOROSHKO_24\IGI\LR5\.venv\Lib\site-packages\django\template\base.py", line 1016, in render
    return SafeString("".join([node.render_annotated(context) for node in self]))
                               ~~~~~~~~~~~~~~~~~~~~~^^^^^^^^^
  File "C:\Users\Кирилл\Desktop\353505_HOROSHKO_24\IGI\LR5\.venv\Lib\site-packages\django\template\base.py", line 977, in render_annotated
    return self.render(context)
           ~~~~~~~~~~~^^^^^^^^^
  File "C:\Users\Кирилл\Desktop\353505_HOROSHKO_24\IGI\LR5\.venv\Lib\site-packages\django\template\defaulttags.py", line 327, in render
    return nodelist.render(context)
           ~~~~~~~~~~~~~~~^^^^^^^^^
  File "C:\Users\Кирилл\Desktop\353505_HOROSHKO_24\IGI\LR5\.venv\Lib\site-packages\django\template\base.py", line 1016, in render
    return SafeString("".join([node.render_annotated(context) for node in self]))
                               ~~~~~~~~~~~~~~~~~~~~~^^^^^^^^^
  File "C:\Users\Кирилл\Desktop\353505_HOROSHKO_24\IGI\LR5\.venv\Lib\site-packages\django\template\base.py", line 977, in render_annotated
    return self.render(context)
           ~~~~~~~~~~~^^^^^^^^^
  File "C:\Users\Кирилл\Desktop\353505_HOROSHKO_24\IGI\LR5\.venv\Lib\site-packages\django\template\defaulttags.py", line 480, in render
    url = reverse(view_name, args=args, kwargs=kwargs, current_app=current_app)
  File "C:\Users\Кирилл\Desktop\353505_HOROSHKO_24\IGI\LR5\.venv\Lib\site-packages\django\urls\base.py", line 98, in reverse
    resolved_url = resolver._reverse_with_prefix(view, prefix, *args, **kwargs)
  File "C:\Users\Кирилл\Desktop\353505_HOROSHKO_24\IGI\LR5\.venv\Lib\site-packages\django\urls\resolvers.py", line 831, in _reverse_with_prefix
    raise NoReverseMatch(msg)
django.urls.exceptions.NoReverseMatch: Reverse for 'edit_manufacturer' with arguments '('',)' not found. 1 pattern(s) tried: ['manufacturers/edit/(?P<pk>[0-9]+)/\\Z']
ERROR 2025-05-29 02:27:02,396 basehttp "GET /manufacturers/ HTTP/1.1" 500 171134
INFO 2025-05-29 02:28:35,690 basehttp "GET /manufacturers/ HTTP/1.1" 200 5686
INFO 2025-05-29 02:28:35,726 basehttp "GET /media/manufacturers/0522953127611617.jpg HTTP/1.1" 304 0
INFO 2025-05-29 02:28:35,732 basehttp "GET /media/manufacturers/Kommunarka-Logotip-s-deskriptorom-i-obvodkoy.png HTTP/1.1" 304 0
INFO 2025-05-29 02:28:35,734 basehttp "GET /media/manufacturers/1973894_18606198.jpeg HTTP/1.1" 304 0
INFO 2025-05-29 02:28:35,735 basehttp "GET /media/manufacturers/logo.png HTTP/1.1" 304 0
INFO 2025-05-29 02:28:35,736 basehttp "GET /media/manufacturers/15028595_w640_h640_15028595.webp HTTP/1.1" 304 0
INFO 2025-05-29 02:28:43,197 basehttp "GET /manufacturers/ HTTP/1.1" 200 5686
INFO 2025-05-29 02:29:28,536 autoreload C:\Users\Кирилл\Desktop\353505_HOROSHKO_24\IGI\LR5\shop\urls.py changed, reloading.
INFO 2025-05-29 02:29:29,017 autoreload Watching for file changes with StatReloader
INFO 2025-05-29 02:30:40,894 autoreload C:\Users\Кирилл\Desktop\353505_HOROSHKO_24\IGI\LR5\shop\views.py changed, reloading.
INFO 2025-05-29 02:30:41,665 autoreload Watching for file changes with StatReloader
INFO 2025-05-29 02:31:29,221 autoreload C:\Users\Кирилл\Desktop\353505_HOROSHKO_24\IGI\LR5\shop\urls.py changed, reloading.
INFO 2025-05-29 02:31:29,603 autoreload Watching for file changes with StatReloader
INFO 2025-05-29 02:31:33,197 basehttp "GET / HTTP/1.1" 200 2522
INFO 2025-05-29 02:31:35,140 basehttp "GET /manufacturers/ HTTP/1.1" 200 5686
INFO 2025-05-29 02:31:35,165 basehttp "GET /media/manufacturers/0522953127611617.jpg HTTP/1.1" 304 0
INFO 2025-05-29 02:31:35,165 basehttp "GET /media/manufacturers/Kommunarka-Logotip-s-deskriptorom-i-obvodkoy.png HTTP/1.1" 304 0
INFO 2025-05-29 02:31:35,166 basehttp "GET /media/manufacturers/logo.png HTTP/1.1" 304 0
INFO 2025-05-29 02:31:35,168 basehttp "GET /media/manufacturers/1973894_18606198.jpeg HTTP/1.1" 304 0
INFO 2025-05-29 02:31:35,168 basehttp "GET /media/manufacturers/15028595_w640_h640_15028595.webp HTTP/1.1" 304 0
INFO 2025-05-29 02:31:37,669 basehttp "GET /manufacturers/ HTTP/1.1" 200 5686
INFO 2025-05-29 02:32:31,373 basehttp "GET /manufacturers/ HTTP/1.1" 200 8806
INFO 2025-05-29 02:32:37,656 basehttp "GET /manufacturers/add/ HTTP/1.1" 200 2460
INFO 2025-05-29 02:32:42,292 basehttp "GET /manufacturers/edit/3/ HTTP/1.1" 200 3119
INFO 2025-05-29 02:33:42,807 basehttp "GET /products/ HTTP/1.1" 200 1594
INFO 2025-05-29 02:35:42,291 autoreload C:\Users\Кирилл\Desktop\353505_HOROSHKO_24\IGI\LR5\shop\views.py changed, reloading.
INFO 2025-05-29 02:35:42,786 autoreload Watching for file changes with StatReloader
INFO 2025-05-29 02:35:55,406 autoreload C:\Users\Кирилл\Desktop\353505_HOROSHKO_24\IGI\LR5\shop\urls.py changed, reloading.
INFO 2025-05-29 02:35:55,874 autoreload Watching for file changes with StatReloader
INFO 2025-05-29 02:39:24,164 autoreload C:\Users\Кирилл\Desktop\353505_HOROSHKO_24\IGI\LR5\shop\views.py changed, reloading.
INFO 2025-05-29 02:39:25,967 autoreload Watching for file changes with StatReloader
INFO 2025-05-29 02:39:35,206 autoreload C:\Users\Кирилл\Desktop\353505_HOROSHKO_24\IGI\LR5\shop\views.py changed, reloading.
INFO 2025-05-29 02:39:37,092 autoreload Watching for file changes with StatReloader
INFO 2025-05-29 02:39:46,148 autoreload C:\Users\Кирилл\Desktop\353505_HOROSHKO_24\IGI\LR5\shop\forms.py changed, reloading.
INFO 2025-05-29 02:39:47,106 autoreload Watching for file changes with StatReloader
INFO 2025-05-29 02:41:59,529 autoreload Watching for file changes with StatReloader
INFO 2025-05-29 02:42:14,873 autoreload C:\Users\Кирилл\Desktop\353505_HOROSHKO_24\IGI\LR5\shop\urls.py changed, reloading.
INFO 2025-05-29 02:42:15,169 autoreload Watching for file changes with StatReloader
INFO 2025-05-29 02:42:19,512 basehttp "GET / HTTP/1.1" 200 2592
INFO 2025-05-29 02:42:21,429 basehttp "GET /products/ HTTP/1.1" 200 12982
WARNING 2025-05-29 02:42:21,457 log Not Found: /media/products/00031070.n_1_1000x1000.png.webp
WARNING 2025-05-29 02:42:21,457 basehttp "GET /media/products/00031070.n_1_1000x1000.png.webp HTTP/1.1" 404 9680
INFO 2025-05-29 02:42:33,067 basehttp "GET /products/?search=%D0%9E%D0%B2%D1%81%D1%8F%D0%BD%D0%BE%D0%B5&category=&manufacturer=&sort=name HTTP/1.1" 200 3740
INFO 2025-05-29 02:42:40,478 basehttp "GET /products/?search=&category=&manufacturer=&sort=name HTTP/1.1" 200 12982
WARNING 2025-05-29 02:42:40,501 log Not Found: /media/products/00031070.n_1_1000x1000.png.webp
WARNING 2025-05-29 02:42:40,501 basehttp "GET /media/products/00031070.n_1_1000x1000.png.webp HTTP/1.1" 404 9680
INFO 2025-05-29 02:42:47,486 basehttp "GET /products/?search=&category=&manufacturer=&sort=price_asc HTTP/1.1" 200 12982
WARNING 2025-05-29 02:42:47,507 log Not Found: /media/products/00031070.n_1_1000x1000.png.webp
WARNING 2025-05-29 02:42:47,507 basehttp "GET /media/products/00031070.n_1_1000x1000.png.webp HTTP/1.1" 404 9680
INFO 2025-05-29 02:42:52,056 basehttp "GET /products/?search=&category=&manufacturer=&sort=name HTTP/1.1" 200 12982
WARNING 2025-05-29 02:42:52,083 log Not Found: /media/products/00031070.n_1_1000x1000.png.webp
WARNING 2025-05-29 02:42:52,083 basehttp "GET /media/products/00031070.n_1_1000x1000.png.webp HTTP/1.1" 404 9680
INFO 2025-05-29 02:42:54,305 basehttp "GET /products/edit/12/ HTTP/1.1" 200 4182
ERROR 2025-05-29 02:42:58,223 log Internal Server Error: /products/delete/12/
Traceback (most recent call last):
  File "C:\Users\Кирилл\Desktop\353505_HOROSHKO_24\IGI\LR5\.venv\Lib\site-packages\django\core\handlers\exception.py", line 55, in inner
    response = get_response(request)
  File "C:\Users\Кирилл\Desktop\353505_HOROSHKO_24\IGI\LR5\.venv\Lib\site-packages\django\core\handlers\base.py", line 197, in _get_response
    response = wrapped_callback(request, *callback_args, **callback_kwargs)
  File "C:\Users\Кирилл\Desktop\353505_HOROSHKO_24\IGI\LR5\.venv\Lib\site-packages\django\contrib\auth\decorators.py", line 59, in _view_wrapper
    return view_func(request, *args, **kwargs)
  File "C:\Users\Кирилл\Desktop\353505_HOROSHKO_24\IGI\LR5\.venv\Lib\site-packages\django\contrib\auth\decorators.py", line 59, in _view_wrapper
    return view_func(request, *args, **kwargs)
  File "C:\Users\Кирилл\Desktop\353505_HOROSHKO_24\IGI\LR5\shop\views.py", line 322, in delete_product
    return render(request, 'shop/confirm_delete.html', {
        'object': product,
        'title': 'Удалить продукт'
    })
  File "C:\Users\Кирилл\Desktop\353505_HOROSHKO_24\IGI\LR5\.venv\Lib\site-packages\django\shortcuts.py", line 25, in render
    content = loader.render_to_string(template_name, context, request, using=using)
  File "C:\Users\Кирилл\Desktop\353505_HOROSHKO_24\IGI\LR5\.venv\Lib\site-packages\django\template\loader.py", line 61, in render_to_string
    template = get_template(template_name, using=using)
  File "C:\Users\Кирилл\Desktop\353505_HOROSHKO_24\IGI\LR5\.venv\Lib\site-packages\django\template\loader.py", line 19, in get_template
    raise TemplateDoesNotExist(template_name, chain=chain)
django.template.exceptions.TemplateDoesNotExist: shop/confirm_delete.html
ERROR 2025-05-29 02:42:58,225 basehttp "GET /products/delete/12/ HTTP/1.1" 500 92216
INFO 2025-05-29 02:44:17,556 basehttp "GET /products/delete/12/ HTTP/1.1" 200 1845
INFO 2025-05-29 02:44:19,784 basehttp "GET /manufacturers/ HTTP/1.1" 200 8806
INFO 2025-05-29 02:44:19,812 basehttp "GET /media/manufacturers/Kommunarka-Logotip-s-deskriptorom-i-obvodkoy.png HTTP/1.1" 304 0
INFO 2025-05-29 02:44:19,813 basehttp "GET /media/manufacturers/0522953127611617.jpg HTTP/1.1" 304 0
INFO 2025-05-29 02:44:19,814 basehttp "GET /media/manufacturers/1973894_18606198.jpeg HTTP/1.1" 304 0
INFO 2025-05-29 02:44:19,814 basehttp "GET /media/manufacturers/logo.png HTTP/1.1" 304 0
INFO 2025-05-29 02:44:19,815 basehttp "GET /media/manufacturers/15028595_w640_h640_15028595.webp HTTP/1.1" 304 0
INFO 2025-05-29 02:44:23,307 basehttp "GET /manufacturers/delete/3/ HTTP/1.1" 200 1867
INFO 2025-05-29 02:44:24,501 basehttp "GET /manufacturers/ HTTP/1.1" 200 8806
INFO 2025-05-29 02:44:26,543 basehttp "GET /products/ HTTP/1.1" 200 12982
WARNING 2025-05-29 02:44:26,567 log Not Found: /media/products/00031070.n_1_1000x1000.png.webp
WARNING 2025-05-29 02:44:26,567 basehttp "GET /media/products/00031070.n_1_1000x1000.png.webp HTTP/1.1" 404 9680
INFO 2025-05-29 02:44:40,581 basehttp "GET /logout/ HTTP/1.1" 302 0
INFO 2025-05-29 02:44:40,587 basehttp "GET /auth-options/ HTTP/1.1" 200 803
ERROR 2025-05-29 02:44:44,988 log Internal Server Error: /
Traceback (most recent call last):
  File "C:\Users\Кирилл\Desktop\353505_HOROSHKO_24\IGI\LR5\.venv\Lib\site-packages\django\core\handlers\exception.py", line 55, in inner
    response = get_response(request)
  File "C:\Users\Кирилл\Desktop\353505_HOROSHKO_24\IGI\LR5\.venv\Lib\site-packages\django\core\handlers\base.py", line 197, in _get_response
    response = wrapped_callback(request, *callback_args, **callback_kwargs)
  File "C:\Users\Кирилл\Desktop\353505_HOROSHKO_24\IGI\LR5\shop\views.py", line 38, in home
    return render(request, 'shop/home.html', {
        'utc_time': utc_time,
    ...<2 lines>...
        'jokes': jokes,
    })
  File "C:\Users\Кирилл\Desktop\353505_HOROSHKO_24\IGI\LR5\.venv\Lib\site-packages\django\shortcuts.py", line 25, in render
    content = loader.render_to_string(template_name, context, request, using=using)
  File "C:\Users\Кирилл\Desktop\353505_HOROSHKO_24\IGI\LR5\.venv\Lib\site-packages\django\template\loader.py", line 62, in render_to_string
    return template.render(context, request)
           ~~~~~~~~~~~~~~~^^^^^^^^^^^^^^^^^^
  File "C:\Users\Кирилл\Desktop\353505_HOROSHKO_24\IGI\LR5\.venv\Lib\site-packages\django\template\backends\django.py", line 107, in render
    return self.template.render(context)
           ~~~~~~~~~~~~~~~~~~~~^^^^^^^^^
  File "C:\Users\Кирилл\Desktop\353505_HOROSHKO_24\IGI\LR5\.venv\Lib\site-packages\django\template\base.py", line 171, in render
    return self._render(context)
           ~~~~~~~~~~~~^^^^^^^^^
  File "C:\Users\Кирилл\Desktop\353505_HOROSHKO_24\IGI\LR5\.venv\Lib\site-packages\django\template\base.py", line 163, in _render
    return self.nodelist.render(context)
           ~~~~~~~~~~~~~~~~~~~~^^^^^^^^^
  File "C:\Users\Кирилл\Desktop\353505_HOROSHKO_24\IGI\LR5\.venv\Lib\site-packages\django\template\base.py", line 1016, in render
    return SafeString("".join([node.render_annotated(context) for node in self]))
                               ~~~~~~~~~~~~~~~~~~~~~^^^^^^^^^
  File "C:\Users\Кирилл\Desktop\353505_HOROSHKO_24\IGI\LR5\.venv\Lib\site-packages\django\template\base.py", line 977, in render_annotated
    return self.render(context)
           ~~~~~~~~~~~^^^^^^^^^
  File "C:\Users\Кирилл\Desktop\353505_HOROSHKO_24\IGI\LR5\.venv\Lib\site-packages\django\template\loader_tags.py", line 159, in render
    return compiled_parent._render(context)
           ~~~~~~~~~~~~~~~~~~~~~~~^^^^^^^^^
  File "C:\Users\Кирилл\Desktop\353505_HOROSHKO_24\IGI\LR5\.venv\Lib\site-packages\django\template\base.py", line 163, in _render
    return self.nodelist.render(context)
           ~~~~~~~~~~~~~~~~~~~~^^^^^^^^^
  File "C:\Users\Кирилл\Desktop\353505_HOROSHKO_24\IGI\LR5\.venv\Lib\site-packages\django\template\base.py", line 1016, in render
    return SafeString("".join([node.render_annotated(context) for node in self]))
                               ~~~~~~~~~~~~~~~~~~~~~^^^^^^^^^
  File "C:\Users\Кирилл\Desktop\353505_HOROSHKO_24\IGI\LR5\.venv\Lib\site-packages\django\template\base.py", line 977, in render_annotated
    return self.render(context)
           ~~~~~~~~~~~^^^^^^^^^
  File "C:\Users\Кирилл\Desktop\353505_HOROSHKO_24\IGI\LR5\.venv\Lib\site-packages\django\template\defaulttags.py", line 327, in render
    return nodelist.render(context)
           ~~~~~~~~~~~~~~~^^^^^^^^^
  File "C:\Users\Кирилл\Desktop\353505_HOROSHKO_24\IGI\LR5\.venv\Lib\site-packages\django\template\base.py", line 1016, in render
    return SafeString("".join([node.render_annotated(context) for node in self]))
                               ~~~~~~~~~~~~~~~~~~~~~^^^^^^^^^
  File "C:\Users\Кирилл\Desktop\353505_HOROSHKO_24\IGI\LR5\.venv\Lib\site-packages\django\template\base.py", line 977, in render_annotated
    return self.render(context)
           ~~~~~~~~~~~^^^^^^^^^
  File "C:\Users\Кирилл\Desktop\353505_HOROSHKO_24\IGI\LR5\.venv\Lib\site-packages\django\template\defaulttags.py", line 480, in render
    url = reverse(view_name, args=args, kwargs=kwargs, current_app=current_app)
  File "C:\Users\Кирилл\Desktop\353505_HOROSHKO_24\IGI\LR5\.venv\Lib\site-packages\django\urls\base.py", line 98, in reverse
    resolved_url = resolver._reverse_with_prefix(view, prefix, *args, **kwargs)
  File "C:\Users\Кирилл\Desktop\353505_HOROSHKO_24\IGI\LR5\.venv\Lib\site-packages\django\urls\resolvers.py", line 831, in _reverse_with_prefix
    raise NoReverseMatch(msg)
django.urls.exceptions.NoReverseMatch: Reverse for 'signup' not found. 'signup' is not a valid view function or pattern name.
ERROR 2025-05-29 02:44:44,991 basehttp "GET / HTTP/1.1" 500 168432
INFO 2025-05-29 02:45:59,055 basehttp "GET / HTTP/1.1" 200 2300
INFO 2025-05-29 02:46:01,921 basehttp "GET /login/ HTTP/1.1" 200 1119
INFO 2025-05-29 02:46:11,484 basehttp "GET / HTTP/1.1" 200 2292
INFO 2025-05-29 02:46:15,547 basehttp "GET /login/ HTTP/1.1" 200 1119
INFO 2025-05-29 02:46:20,139 basehttp "GET / HTTP/1.1" 200 2298
INFO 2025-05-29 02:46:22,039 basehttp "GET /login/ HTTP/1.1" 200 1119
INFO 2025-05-29 02:46:25,747 basehttp "GET / HTTP/1.1" 200 2377
INFO 2025-05-29 02:46:27,825 basehttp "GET /manufacturers/ HTTP/1.1" 200 5495
INFO 2025-05-29 02:46:31,280 basehttp "GET /products/ HTTP/1.1" 200 10026
WARNING 2025-05-29 02:46:31,304 log Not Found: /media/products/00031070.n_1_1000x1000.png.webp
WARNING 2025-05-29 02:46:31,304 basehttp "GET /media/products/00031070.n_1_1000x1000.png.webp HTTP/1.1" 404 9680
INFO 2025-05-29 02:47:47,553 basehttp "GET /login/ HTTP/1.1" 200 1119
INFO 2025-05-29 02:47:49,094 basehttp "POST /login/ HTTP/1.1" 302 0
INFO 2025-05-29 02:47:50,332 basehttp "GET / HTTP/1.1" 200 2518
INFO 2025-05-29 02:47:55,115 basehttp "GET /manufacturers/ HTTP/1.1" 200 8806
INFO 2025-05-29 02:47:55,141 basehttp "GET /media/manufacturers/0522953127611617.jpg HTTP/1.1" 304 0
INFO 2025-05-29 02:47:55,141 basehttp "GET /media/manufacturers/15028595_w640_h640_15028595.webp HTTP/1.1" 304 0
INFO 2025-05-29 02:47:55,141 basehttp "GET /media/manufacturers/Kommunarka-Logotip-s-deskriptorom-i-obvodkoy.png HTTP/1.1" 304 0
INFO 2025-05-29 02:47:55,141 basehttp "GET /media/manufacturers/1973894_18606198.jpeg HTTP/1.1" 304 0
INFO 2025-05-29 02:47:55,141 basehttp "GET /media/manufacturers/logo.png HTTP/1.1" 304 0
INFO 2025-05-29 02:47:59,154 basehttp "GET /products/ HTTP/1.1" 200 12982
WARNING 2025-05-29 02:47:59,179 log Not Found: /media/products/00031070.n_1_1000x1000.png.webp
WARNING 2025-05-29 02:47:59,179 basehttp "GET /media/products/00031070.n_1_1000x1000.png.webp HTTP/1.1" 404 9680
INFO 2025-05-29 02:49:28,121 basehttp "GET /products/ HTTP/1.1" 200 12982
WARNING 2025-05-29 02:49:28,144 log Not Found: /media/products/00031070.n_1_1000x1000.png.webp
WARNING 2025-05-29 02:49:28,145 basehttp "GET /media/products/00031070.n_1_1000x1000.png.webp HTTP/1.1" 404 9680
INFO 2025-05-29 02:49:29,427 basehttp "GET /manufacturers/ HTTP/1.1" 200 4696
INFO 2025-05-29 02:49:31,202 basehttp "GET /manufacturers/ HTTP/1.1" 200 4696
INFO 2025-05-29 02:50:13,781 basehttp "GET /privacy/ HTTP/1.1" 200 1481
INFO 2025-05-29 02:50:16,926 basehttp "GET /coupons/ HTTP/1.1" 200 1594
INFO 2025-05-29 02:51:55,440 autoreload C:\Users\Кирилл\Desktop\353505_HOROSHKO_24\IGI\LR5\shop\views.py changed, reloading.
INFO 2025-05-29 02:51:57,408 autoreload Watching for file changes with StatReloader
INFO 2025-05-29 02:52:22,882 autoreload C:\Users\Кирилл\Desktop\353505_HOROSHKO_24\IGI\LR5\shop\views.py changed, reloading.
INFO 2025-05-29 02:52:24,832 autoreload Watching for file changes with StatReloader
INFO 2025-05-29 02:52:56,517 autoreload C:\Users\Кирилл\Desktop\353505_HOROSHKO_24\IGI\LR5\shop\views.py changed, reloading.
INFO 2025-05-29 02:52:57,312 autoreload Watching for file changes with StatReloader
INFO 2025-05-29 02:52:59,855 autoreload C:\Users\Кирилл\Desktop\353505_HOROSHKO_24\IGI\LR5\shop\views.py changed, reloading.
INFO 2025-05-29 02:53:00,725 autoreload Watching for file changes with StatReloader
INFO 2025-05-29 02:53:14,542 basehttp "GET /coupons/ HTTP/1.1" 200 1892
INFO 2025-05-29 02:53:19,844 basehttp "GET /careers/ HTTP/1.1" 200 1594
INFO 2025-05-29 02:54:35,208 autoreload C:\Users\Кирилл\Desktop\353505_HOROSHKO_24\IGI\LR5\shop\views.py changed, reloading.
INFO 2025-05-29 02:54:36,776 autoreload Watching for file changes with StatReloader
INFO 2025-05-29 02:54:51,512 autoreload C:\Users\Кирилл\Desktop\353505_HOROSHKO_24\IGI\LR5\shop\views.py changed, reloading.
INFO 2025-05-29 02:54:52,638 autoreload Watching for file changes with StatReloader
INFO 2025-05-29 02:55:14,611 basehttp "GET /about/ HTTP/1.1" 200 1718
INFO 2025-05-29 02:55:32,558 basehttp "GET /admin/ HTTP/1.1" 200 19235
INFO 2025-05-29 02:55:35,427 basehttp "GET /admin/shop/aboutcompany/ HTTP/1.1" 200 14355
INFO 2025-05-29 02:55:35,450 basehttp "GET /admin/jsi18n/ HTTP/1.1" 200 3342
INFO 2025-05-29 02:55:36,897 basehttp "GET /admin/shop/aboutcompany/add/ HTTP/1.1" 200 17188
INFO 2025-05-29 02:55:36,923 basehttp "GET /admin/jsi18n/ HTTP/1.1" 200 3342
INFO 2025-05-29 02:57:55,893 basehttp "POST /admin/shop/aboutcompany/add/ HTTP/1.1" 302 0
INFO 2025-05-29 02:57:55,904 basehttp "GET /admin/shop/aboutcompany/ HTTP/1.1" 200 15911
INFO 2025-05-29 02:57:55,926 basehttp "GET /admin/jsi18n/ HTTP/1.1" 200 3342
INFO 2025-05-29 02:58:00,526 basehttp "GET /admin/shop/aboutcompany/ HTTP/1.1" 200 15684
INFO 2025-05-29 02:58:04,015 basehttp "GET / HTTP/1.1" 200 2591
INFO 2025-05-29 02:58:06,342 basehttp "GET /about/ HTTP/1.1" 200 2256
INFO 2025-05-29 02:58:06,397 basehttp "GET /media/about/logo/Top-Cake-logo-min.jpg HTTP/1.1" 200 74817
INFO 2025-05-29 02:59:16,852 basehttp "GET /about/ HTTP/1.1" 200 2277
INFO 2025-05-29 02:59:16,883 basehttp "GET /media/about/logo/Top-Cake-logo-min.jpg HTTP/1.1" 304 0
INFO 2025-05-29 02:59:23,105 basehttp "GET /faq/ HTTP/1.1" 200 1594
INFO 2025-05-29 02:59:26,547 basehttp "GET /contacts/ HTTP/1.1" 200 1594
INFO 2025-05-29 02:59:29,879 basehttp "GET /coupons/ HTTP/1.1" 200 1892
INFO 2025-05-29 02:59:31,232 basehttp "GET /careers/ HTTP/1.1" 200 1594
INFO 2025-05-29 02:59:31,943 basehttp "GET /privacy/ HTTP/1.1" 200 1481
INFO 2025-05-29 02:59:33,086 basehttp "GET /careers/ HTTP/1.1" 200 1594
INFO 2025-05-29 03:08:13,491 autoreload C:\Users\Кирилл\Desktop\353505_HOROSHKO_24\IGI\LR5\shop\views.py changed, reloading.
INFO 2025-05-29 03:08:14,505 autoreload Watching for file changes with StatReloader
INFO 2025-05-29 03:08:20,091 autoreload C:\Users\Кирилл\Desktop\353505_HOROSHKO_24\IGI\LR5\shop\views.py changed, reloading.
INFO 2025-05-29 03:08:21,802 autoreload Watching for file changes with StatReloader
INFO 2025-05-29 03:08:26,634 autoreload C:\Users\Кирилл\Desktop\353505_HOROSHKO_24\IGI\LR5\shop\views.py changed, reloading.
INFO 2025-05-29 03:08:28,315 autoreload Watching for file changes with StatReloader
ERROR 2025-05-29 03:08:53,128 log Internal Server Error: /news/
Traceback (most recent call last):
  File "C:\Users\Кирилл\Desktop\353505_HOROSHKO_24\IGI\LR5\.venv\Lib\site-packages\django\core\handlers\exception.py", line 55, in inner
    response = get_response(request)
  File "C:\Users\Кирилл\Desktop\353505_HOROSHKO_24\IGI\LR5\.venv\Lib\site-packages\django\core\handlers\base.py", line 197, in _get_response
    response = wrapped_callback(request, *callback_args, **callback_kwargs)
  File "C:\Users\Кирилл\Desktop\353505_HOROSHKO_24\IGI\LR5\shop\views.py", line 243, in news
    return render(request, 'shop/news.html', context)
  File "C:\Users\Кирилл\Desktop\353505_HOROSHKO_24\IGI\LR5\.venv\Lib\site-packages\django\shortcuts.py", line 25, in render
    content = loader.render_to_string(template_name, context, request, using=using)
  File "C:\Users\Кирилл\Desktop\353505_HOROSHKO_24\IGI\LR5\.venv\Lib\site-packages\django\template\loader.py", line 61, in render_to_string
    template = get_template(template_name, using=using)
  File "C:\Users\Кирилл\Desktop\353505_HOROSHKO_24\IGI\LR5\.venv\Lib\site-packages\django\template\loader.py", line 15, in get_template
    return engine.get_template(template_name)
           ~~~~~~~~~~~~~~~~~~~^^^^^^^^^^^^^^^
  File "C:\Users\Кирилл\Desktop\353505_HOROSHKO_24\IGI\LR5\.venv\Lib\site-packages\django\template\backends\django.py", line 79, in get_template
    return Template(self.engine.get_template(template_name), self)
                    ~~~~~~~~~~~~~~~~~~~~~~~~^^^^^^^^^^^^^^^
  File "C:\Users\Кирилл\Desktop\353505_HOROSHKO_24\IGI\LR5\.venv\Lib\site-packages\django\template\engine.py", line 177, in get_template
    template, origin = self.find_template(template_name)
                       ~~~~~~~~~~~~~~~~~~^^^^^^^^^^^^^^^
  File "C:\Users\Кирилл\Desktop\353505_HOROSHKO_24\IGI\LR5\.venv\Lib\site-packages\django\template\engine.py", line 159, in find_template
    template = loader.get_template(name, skip=skip)
  File "C:\Users\Кирилл\Desktop\353505_HOROSHKO_24\IGI\LR5\.venv\Lib\site-packages\django\template\loaders\cached.py", line 57, in get_template
    template = super().get_template(template_name, skip)
  File "C:\Users\Кирилл\Desktop\353505_HOROSHKO_24\IGI\LR5\.venv\Lib\site-packages\django\template\loaders\base.py", line 28, in get_template
    return Template(
        contents,
    ...<2 lines>...
        self.engine,
    )
  File "C:\Users\Кирилл\Desktop\353505_HOROSHKO_24\IGI\LR5\.venv\Lib\site-packages\django\template\base.py", line 154, in __init__
    self.nodelist = self.compile_nodelist()
                    ~~~~~~~~~~~~~~~~~~~~~^^
  File "C:\Users\Кирилл\Desktop\353505_HOROSHKO_24\IGI\LR5\.venv\Lib\site-packages\django\template\base.py", line 196, in compile_nodelist
    nodelist = parser.parse()
  File "C:\Users\Кирилл\Desktop\353505_HOROSHKO_24\IGI\LR5\.venv\Lib\site-packages\django\template\base.py", line 518, in parse
    raise self.error(token, e)
  File "C:\Users\Кирилл\Desktop\353505_HOROSHKO_24\IGI\LR5\.venv\Lib\site-packages\django\template\base.py", line 516, in parse
    compiled_result = compile_func(self, token)
  File "C:\Users\Кирилл\Desktop\353505_HOROSHKO_24\IGI\LR5\.venv\Lib\site-packages\django\template\loader_tags.py", line 299, in do_extends
    nodelist = parser.parse()
  File "C:\Users\Кирилл\Desktop\353505_HOROSHKO_24\IGI\LR5\.venv\Lib\site-packages\django\template\base.py", line 518, in parse
    raise self.error(token, e)
  File "C:\Users\Кирилл\Desktop\353505_HOROSHKO_24\IGI\LR5\.venv\Lib\site-packages\django\template\base.py", line 516, in parse
    compiled_result = compile_func(self, token)
  File "C:\Users\Кирилл\Desktop\353505_HOROSHKO_24\IGI\LR5\.venv\Lib\site-packages\django\template\loader_tags.py", line 234, in do_block
    nodelist = parser.parse(("endblock",))
  File "C:\Users\Кирилл\Desktop\353505_HOROSHKO_24\IGI\LR5\.venv\Lib\site-packages\django\template\base.py", line 518, in parse
    raise self.error(token, e)
  File "C:\Users\Кирилл\Desktop\353505_HOROSHKO_24\IGI\LR5\.venv\Lib\site-packages\django\template\base.py", line 516, in parse
    compiled_result = compile_func(self, token)
  File "C:\Users\Кирилл\Desktop\353505_HOROSHKO_24\IGI\LR5\.venv\Lib\site-packages\django\template\defaulttags.py", line 862, in do_for
    nodelist_loop = parser.parse(
        (
    ...<2 lines>...
        )
    )
  File "C:\Users\Кирилл\Desktop\353505_HOROSHKO_24\IGI\LR5\.venv\Lib\site-packages\django\template\base.py", line 518, in parse
    raise self.error(token, e)
  File "C:\Users\Кирилл\Desktop\353505_HOROSHKO_24\IGI\LR5\.venv\Lib\site-packages\django\template\base.py", line 516, in parse
    compiled_result = compile_func(self, token)
  File "C:\Users\Кирилл\Desktop\353505_HOROSHKO_24\IGI\LR5\.venv\Lib\site-packages\django\template\defaulttags.py", line 962, in do_if
    nodelist = parser.parse(("elif", "else", "endif"))
  File "C:\Users\Кирилл\Desktop\353505_HOROSHKO_24\IGI\LR5\.venv\Lib\site-packages\django\template\base.py", line 489, in parse
    raise self.error(token, e)
  File "C:\Users\Кирилл\Desktop\353505_HOROSHKO_24\IGI\LR5\.venv\Lib\site-packages\django\template\base.py", line 487, in parse
    filter_expression = self.compile_filter(token.contents)
  File "C:\Users\Кирилл\Desktop\353505_HOROSHKO_24\IGI\LR5\.venv\Lib\site-packages\django\template\base.py", line 609, in compile_filter
    return FilterExpression(token, self)
  File "C:\Users\Кирилл\Desktop\353505_HOROSHKO_24\IGI\LR5\.venv\Lib\site-packages\django\template\base.py", line 705, in __init__
    filter_func = parser.find_filter(filter_name)
  File "C:\Users\Кирилл\Desktop\353505_HOROSHKO_24\IGI\LR5\.venv\Lib\site-packages\django\template\base.py", line 615, in find_filter
    raise TemplateSyntaxError("Invalid filter: '%s'" % filter_name)
django.template.exceptions.TemplateSyntaxError: Invalid filter: 'replace'
ERROR 2025-05-29 03:08:53,132 basehttp "GET /news/ HTTP/1.1" 500 219932
INFO 2025-05-29 03:12:47,277 autoreload C:\Users\Кирилл\Desktop\353505_HOROSHKO_24\IGI\LR5\shop\views.py changed, reloading.
INFO 2025-05-29 03:12:48,051 autoreload Watching for file changes with StatReloader
ERROR 2025-05-29 03:12:54,605 log Internal Server Error: /news/
Traceback (most recent call last):
  File "C:\Users\Кирилл\Desktop\353505_HOROSHKO_24\IGI\LR5\.venv\Lib\site-packages\django\template\backends\django.py", line 107, in render
    return self.template.render(context)
           ~~~~~~~~~~~~~~~~~~~~^^^^^^^^^
  File "C:\Users\Кирилл\Desktop\353505_HOROSHKO_24\IGI\LR5\.venv\Lib\site-packages\django\template\base.py", line 171, in render
    return self._render(context)
           ~~~~~~~~~~~~^^^^^^^^^
  File "C:\Users\Кирилл\Desktop\353505_HOROSHKO_24\IGI\LR5\.venv\Lib\site-packages\django\template\base.py", line 163, in _render
    return self.nodelist.render(context)
           ~~~~~~~~~~~~~~~~~~~~^^^^^^^^^
  File "C:\Users\Кирилл\Desktop\353505_HOROSHKO_24\IGI\LR5\.venv\Lib\site-packages\django\template\base.py", line 1016, in render
    return SafeString("".join([node.render_annotated(context) for node in self]))
                               ~~~~~~~~~~~~~~~~~~~~~^^^^^^^^^
  File "C:\Users\Кирилл\Desktop\353505_HOROSHKO_24\IGI\LR5\.venv\Lib\site-packages\django\template\base.py", line 977, in render_annotated
    return self.render(context)
           ~~~~~~~~~~~^^^^^^^^^
  File "C:\Users\Кирилл\Desktop\353505_HOROSHKO_24\IGI\LR5\.venv\Lib\site-packages\django\template\loader_tags.py", line 134, in render
    compiled_parent = self.get_parent(context)
  File "C:\Users\Кирилл\Desktop\353505_HOROSHKO_24\IGI\LR5\.venv\Lib\site-packages\django\template\loader_tags.py", line 131, in get_parent
    return self.find_template(parent, context)
           ~~~~~~~~~~~~~~~~~~^^^^^^^^^^^^^^^^^
  File "C:\Users\Кирилл\Desktop\353505_HOROSHKO_24\IGI\LR5\.venv\Lib\site-packages\django\template\loader_tags.py", line 109, in find_template
    template, origin = context.template.engine.find_template(
                       ~~~~~~~~~~~~~~~~~~~~~~~~~~~~~~~~~~~~~^
        template_name,
        ^^^^^^^^^^^^^^
        skip=history,
        ^^^^^^^^^^^^^
    )
    ^
  File "C:\Users\Кирилл\Desktop\353505_HOROSHKO_24\IGI\LR5\.venv\Lib\site-packages\django\template\engine.py", line 163, in find_template
    raise TemplateDoesNotExist(name, tried=tried)
django.template.exceptions.TemplateDoesNotExist: base.html

The above exception was the direct cause of the following exception:

Traceback (most recent call last):
  File "C:\Users\Кирилл\Desktop\353505_HOROSHKO_24\IGI\LR5\.venv\Lib\site-packages\django\core\handlers\exception.py", line 55, in inner
    response = get_response(request)
  File "C:\Users\Кирилл\Desktop\353505_HOROSHKO_24\IGI\LR5\.venv\Lib\site-packages\django\core\handlers\base.py", line 197, in _get_response
    response = wrapped_callback(request, *callback_args, **callback_kwargs)
  File "C:\Users\Кирилл\Desktop\353505_HOROSHKO_24\IGI\LR5\shop\views.py", line 246, in news
    return render(request, 'shop/news.html', context)
  File "C:\Users\Кирилл\Desktop\353505_HOROSHKO_24\IGI\LR5\.venv\Lib\site-packages\django\shortcuts.py", line 25, in render
    content = loader.render_to_string(template_name, context, request, using=using)
  File "C:\Users\Кирилл\Desktop\353505_HOROSHKO_24\IGI\LR5\.venv\Lib\site-packages\django\template\loader.py", line 62, in render_to_string
    return template.render(context, request)
           ~~~~~~~~~~~~~~~^^^^^^^^^^^^^^^^^^
  File "C:\Users\Кирилл\Desktop\353505_HOROSHKO_24\IGI\LR5\.venv\Lib\site-packages\django\template\backends\django.py", line 109, in render
    reraise(exc, self.backend)
    ~~~~~~~^^^^^^^^^^^^^^^^^^^
  File "C:\Users\Кирилл\Desktop\353505_HOROSHKO_24\IGI\LR5\.venv\Lib\site-packages\django\template\backends\django.py", line 130, in reraise
    raise new from exc
django.template.exceptions.TemplateDoesNotExist: base.html
ERROR 2025-05-29 03:12:54,610 basehttp "GET /news/ HTTP/1.1" 500 129153
INFO 2025-05-29 03:14:09,069 basehttp "GET /careers/ HTTP/1.1" 200 1594
INFO 2025-05-29 03:14:10,206 basehttp "GET /news/ HTTP/1.1" 200 2572
WARNING 2025-05-29 03:14:10,238 log Not Found: /media/news/Kommunarka-Logotip-s-deskriptorom-i-obvodkoy.png
WARNING 2025-05-29 03:14:10,238 basehttp "GET /media/news/Kommunarka-Logotip-s-deskriptorom-i-obvodkoy.png HTTP/1.1" 404 9732
INFO 2025-05-29 03:14:39,248 basehttp "GET /admin/shop/newsarticle/ HTTP/1.1" 200 15666
INFO 2025-05-29 03:14:39,274 basehttp "GET /admin/jsi18n/ HTTP/1.1" 200 3342
INFO 2025-05-29 03:14:40,754 basehttp "GET /admin/shop/newsarticle/1/change/ HTTP/1.1" 200 20021
INFO 2025-05-29 03:14:40,774 basehttp "GET /admin/jsi18n/ HTTP/1.1" 200 3342
WARNING 2025-05-29 03:14:42,897 log Not Found: /media/news/Kommunarka-Logotip-s-deskriptorom-i-obvodkoy.png
WARNING 2025-05-29 03:14:42,897 basehttp "GET /media/news/Kommunarka-Logotip-s-deskriptorom-i-obvodkoy.png HTTP/1.1" 404 9732
INFO 2025-05-29 03:14:44,570 basehttp "GET /admin/shop/newsarticle/1/change/ HTTP/1.1" 200 20021
INFO 2025-05-29 03:15:00,984 basehttp "POST /admin/shop/newsarticle/1/change/ HTTP/1.1" 302 0
INFO 2025-05-29 03:15:00,995 basehttp "GET /admin/shop/newsarticle/ HTTP/1.1" 200 15889
INFO 2025-05-29 03:15:01,015 basehttp "GET /admin/jsi18n/ HTTP/1.1" 200 3342
INFO 2025-05-29 03:15:03,604 basehttp "GET /news/ HTTP/1.1" 200 2583
INFO 2025-05-29 03:15:03,650 basehttp "GET /media/news/Kommunarka-Logotip-s-deskriptorom-i-obvodkoy.png HTTP/1.1" 200 162046
INFO 2025-05-29 03:15:48,093 basehttp "GET /news/ HTTP/1.1" 200 2633
INFO 2025-05-29 03:15:48,123 basehttp "GET /media/news/Kommunarka-Logotip-s-deskriptorom-i-obvodkoy.png HTTP/1.1" 304 0
INFO 2025-05-29 03:16:21,573 basehttp "GET /news/ HTTP/1.1" 200 2651
INFO 2025-05-29 03:16:21,607 basehttp "GET /media/news/Kommunarka-Logotip-s-deskriptorom-i-obvodkoy.png HTTP/1.1" 304 0
INFO 2025-05-29 03:17:04,998 basehttp "GET /news/ HTTP/1.1" 200 2669
INFO 2025-05-29 03:17:05,010 basehttp "GET /media/news/Kommunarka-Logotip-s-deskriptorom-i-obvodkoy.png HTTP/1.1" 304 0
INFO 2025-05-29 03:18:25,290 autoreload C:\Users\Кирилл\Desktop\353505_HOROSHKO_24\IGI\LR5\shop\templatetags\custom_filters.py changed, reloading.
INFO 2025-05-29 03:18:25,662 autoreload Watching for file changes with StatReloader
INFO 2025-05-29 03:19:02,381 basehttp "GET /news/ HTTP/1.1" 200 2502
INFO 2025-05-29 03:19:02,413 basehttp "GET /media/news/Kommunarka-Logotip-s-deskriptorom-i-obvodkoy.png HTTP/1.1" 304 0
WARNING 2025-05-29 03:19:04,361 log Not Found: /favicon.ico
WARNING 2025-05-29 03:19:04,362 basehttp "GET /favicon.ico HTTP/1.1" 404 9310
INFO 2025-05-29 03:19:14,574 basehttp "GET /logout/ HTTP/1.1" 302 0
INFO 2025-05-29 03:19:14,579 basehttp "GET /auth-options/ HTTP/1.1" 200 803
INFO 2025-05-29 03:19:17,044 basehttp "GET / HTTP/1.1" 200 2299
INFO 2025-05-29 03:19:19,052 basehttp "GET /news/ HTTP/1.1" 200 2311
INFO 2025-05-29 03:19:21,701 basehttp "GET /login/ HTTP/1.1" 200 1119
INFO 2025-05-29 03:19:23,307 basehttp "POST /login/ HTTP/1.1" 302 0
INFO 2025-05-29 03:19:23,538 basehttp "GET / HTTP/1.1" 200 2541
INFO 2025-05-29 03:19:27,312 basehttp "GET /faq/ HTTP/1.1" 200 1594
INFO 2025-05-29 03:21:33,930 autoreload C:\Users\Кирилл\Desktop\353505_HOROSHKO_24\IGI\LR5\shop\views.py changed, reloading.
INFO 2025-05-29 03:21:35,508 autoreload Watching for file changes with StatReloader
INFO 2025-05-29 03:21:50,314 autoreload C:\Users\Кирилл\Desktop\353505_HOROSHKO_24\IGI\LR5\shop\views.py changed, reloading.
INFO 2025-05-29 03:21:51,701 autoreload Watching for file changes with StatReloader
ERROR 2025-05-29 03:22:08,580 log Internal Server Error: /faq/
Traceback (most recent call last):
  File "C:\Users\Кирилл\Desktop\353505_HOROSHKO_24\IGI\LR5\.venv\Lib\site-packages\django\template\backends\django.py", line 107, in render
    return self.template.render(context)
           ~~~~~~~~~~~~~~~~~~~~^^^^^^^^^
  File "C:\Users\Кирилл\Desktop\353505_HOROSHKO_24\IGI\LR5\.venv\Lib\site-packages\django\template\base.py", line 171, in render
    return self._render(context)
           ~~~~~~~~~~~~^^^^^^^^^
  File "C:\Users\Кирилл\Desktop\353505_HOROSHKO_24\IGI\LR5\.venv\Lib\site-packages\django\template\base.py", line 163, in _render
    return self.nodelist.render(context)
           ~~~~~~~~~~~~~~~~~~~~^^^^^^^^^
  File "C:\Users\Кирилл\Desktop\353505_HOROSHKO_24\IGI\LR5\.venv\Lib\site-packages\django\template\base.py", line 1016, in render
    return SafeString("".join([node.render_annotated(context) for node in self]))
                               ~~~~~~~~~~~~~~~~~~~~~^^^^^^^^^
  File "C:\Users\Кирилл\Desktop\353505_HOROSHKO_24\IGI\LR5\.venv\Lib\site-packages\django\template\base.py", line 977, in render_annotated
    return self.render(context)
           ~~~~~~~~~~~^^^^^^^^^
  File "C:\Users\Кирилл\Desktop\353505_HOROSHKO_24\IGI\LR5\.venv\Lib\site-packages\django\template\loader_tags.py", line 134, in render
    compiled_parent = self.get_parent(context)
  File "C:\Users\Кирилл\Desktop\353505_HOROSHKO_24\IGI\LR5\.venv\Lib\site-packages\django\template\loader_tags.py", line 131, in get_parent
    return self.find_template(parent, context)
           ~~~~~~~~~~~~~~~~~~^^^^^^^^^^^^^^^^^
  File "C:\Users\Кирилл\Desktop\353505_HOROSHKO_24\IGI\LR5\.venv\Lib\site-packages\django\template\loader_tags.py", line 109, in find_template
    template, origin = context.template.engine.find_template(
                       ~~~~~~~~~~~~~~~~~~~~~~~~~~~~~~~~~~~~~^
        template_name,
        ^^^^^^^^^^^^^^
        skip=history,
        ^^^^^^^^^^^^^
    )
    ^
  File "C:\Users\Кирилл\Desktop\353505_HOROSHKO_24\IGI\LR5\.venv\Lib\site-packages\django\template\engine.py", line 163, in find_template
    raise TemplateDoesNotExist(name, tried=tried)
django.template.exceptions.TemplateDoesNotExist: base.html

The above exception was the direct cause of the following exception:

Traceback (most recent call last):
  File "C:\Users\Кирилл\Desktop\353505_HOROSHKO_24\IGI\LR5\.venv\Lib\site-packages\django\core\handlers\exception.py", line 55, in inner
    response = get_response(request)
  File "C:\Users\Кирилл\Desktop\353505_HOROSHKO_24\IGI\LR5\.venv\Lib\site-packages\django\core\handlers\base.py", line 197, in _get_response
    response = wrapped_callback(request, *callback_args, **callback_kwargs)
  File "C:\Users\Кирилл\Desktop\353505_HOROSHKO_24\IGI\LR5\shop\views.py", line 97, in faq
    return render(request, 'shop/faq.html', context)
  File "C:\Users\Кирилл\Desktop\353505_HOROSHKO_24\IGI\LR5\.venv\Lib\site-packages\django\shortcuts.py", line 25, in render
    content = loader.render_to_string(template_name, context, request, using=using)
  File "C:\Users\Кирилл\Desktop\353505_HOROSHKO_24\IGI\LR5\.venv\Lib\site-packages\django\template\loader.py", line 62, in render_to_string
    return template.render(context, request)
           ~~~~~~~~~~~~~~~^^^^^^^^^^^^^^^^^^
  File "C:\Users\Кирилл\Desktop\353505_HOROSHKO_24\IGI\LR5\.venv\Lib\site-packages\django\template\backends\django.py", line 109, in render
    reraise(exc, self.backend)
    ~~~~~~~^^^^^^^^^^^^^^^^^^^
  File "C:\Users\Кирилл\Desktop\353505_HOROSHKO_24\IGI\LR5\.venv\Lib\site-packages\django\template\backends\django.py", line 130, in reraise
    raise new from exc
django.template.exceptions.TemplateDoesNotExist: base.html
ERROR 2025-05-29 03:22:08,583 basehttp "GET /faq/ HTTP/1.1" 500 133280
INFO 2025-05-29 03:22:20,322 basehttp "GET /faq/ HTTP/1.1" 200 3285
INFO 2025-05-29 03:22:36,709 basehttp "GET /admin/shop/faqitem/ HTTP/1.1" 200 16307
INFO 2025-05-29 03:22:36,728 basehttp "GET /static/admin/css/dark_mode.css HTTP/1.1" 304 0
INFO 2025-05-29 03:22:36,729 basehttp "GET /static/admin/css/base.css HTTP/1.1" 304 0
INFO 2025-05-29 03:22:36,730 basehttp "GET /static/admin/css/nav_sidebar.css HTTP/1.1" 304 0
INFO 2025-05-29 03:22:36,731 basehttp "GET /static/admin/js/theme.js HTTP/1.1" 304 0
INFO 2025-05-29 03:22:36,732 basehttp "GET /static/admin/css/responsive.css HTTP/1.1" 304 0
INFO 2025-05-29 03:22:36,734 basehttp "GET /admin/jsi18n/ HTTP/1.1" 200 3342
INFO 2025-05-29 03:22:36,740 basehttp "GET /static/admin/js/nav_sidebar.js HTTP/1.1" 304 0
INFO 2025-05-29 03:22:36,750 basehttp "GET /static/admin/img/icon-addlink.svg HTTP/1.1" 304 0
INFO 2025-05-29 03:23:39,205 basehttp "GET /faq/ HTTP/1.1" 200 2350
INFO 2025-05-29 03:23:51,705 basehttp "GET /admin/shop/faqitem/1/change/ HTTP/1.1" 200 17293
INFO 2025-05-29 03:23:51,729 basehttp "GET /admin/jsi18n/ HTTP/1.1" 200 3342
INFO 2025-05-29 03:23:53,581 basehttp "GET /admin/shop/faqitem/ HTTP/1.1" 200 16307
INFO 2025-05-29 03:23:55,010 basehttp "GET /admin/shop/faqitem/2/change/ HTTP/1.1" 200 17300
INFO 2025-05-29 03:23:55,028 basehttp "GET /admin/jsi18n/ HTTP/1.1" 200 3342
INFO 2025-05-29 03:23:57,201 basehttp "POST /admin/shop/faqitem/2/change/ HTTP/1.1" 302 0
INFO 2025-05-29 03:23:57,213 basehttp "GET /admin/shop/faqitem/ HTTP/1.1" 200 16535
INFO 2025-05-29 03:23:57,232 basehttp "GET /admin/jsi18n/ HTTP/1.1" 200 3342
INFO 2025-05-29 03:23:59,387 basehttp "GET /faq/ HTTP/1.1" 200 2620
INFO 2025-05-29 03:24:15,610 basehttp "GET /contacts/ HTTP/1.1" 200 1594
INFO 2025-05-29 03:26:51,301 autoreload C:\Users\Кирилл\Desktop\353505_HOROSHKO_24\IGI\LR5\shop\views.py changed, reloading.
INFO 2025-05-29 03:26:52,875 autoreload Watching for file changes with StatReloader
ERROR 2025-05-29 03:27:11,249 log Internal Server Error: /contacts/
Traceback (most recent call last):
  File "C:\Users\Кирилл\Desktop\353505_HOROSHKO_24\IGI\LR5\.venv\Lib\site-packages\django\template\backends\django.py", line 107, in render
    return self.template.render(context)
           ~~~~~~~~~~~~~~~~~~~~^^^^^^^^^
  File "C:\Users\Кирилл\Desktop\353505_HOROSHKO_24\IGI\LR5\.venv\Lib\site-packages\django\template\base.py", line 171, in render
    return self._render(context)
           ~~~~~~~~~~~~^^^^^^^^^
  File "C:\Users\Кирилл\Desktop\353505_HOROSHKO_24\IGI\LR5\.venv\Lib\site-packages\django\template\base.py", line 163, in _render
    return self.nodelist.render(context)
           ~~~~~~~~~~~~~~~~~~~~^^^^^^^^^
  File "C:\Users\Кирилл\Desktop\353505_HOROSHKO_24\IGI\LR5\.venv\Lib\site-packages\django\template\base.py", line 1016, in render
    return SafeString("".join([node.render_annotated(context) for node in self]))
                               ~~~~~~~~~~~~~~~~~~~~~^^^^^^^^^
  File "C:\Users\Кирилл\Desktop\353505_HOROSHKO_24\IGI\LR5\.venv\Lib\site-packages\django\template\base.py", line 977, in render_annotated
    return self.render(context)
           ~~~~~~~~~~~^^^^^^^^^
  File "C:\Users\Кирилл\Desktop\353505_HOROSHKO_24\IGI\LR5\.venv\Lib\site-packages\django\template\loader_tags.py", line 134, in render
    compiled_parent = self.get_parent(context)
  File "C:\Users\Кирилл\Desktop\353505_HOROSHKO_24\IGI\LR5\.venv\Lib\site-packages\django\template\loader_tags.py", line 131, in get_parent
    return self.find_template(parent, context)
           ~~~~~~~~~~~~~~~~~~^^^^^^^^^^^^^^^^^
  File "C:\Users\Кирилл\Desktop\353505_HOROSHKO_24\IGI\LR5\.venv\Lib\site-packages\django\template\loader_tags.py", line 109, in find_template
    template, origin = context.template.engine.find_template(
                       ~~~~~~~~~~~~~~~~~~~~~~~~~~~~~~~~~~~~~^
        template_name,
        ^^^^^^^^^^^^^^
        skip=history,
        ^^^^^^^^^^^^^
    )
    ^
  File "C:\Users\Кирилл\Desktop\353505_HOROSHKO_24\IGI\LR5\.venv\Lib\site-packages\django\template\engine.py", line 163, in find_template
    raise TemplateDoesNotExist(name, tried=tried)
django.template.exceptions.TemplateDoesNotExist: base.html

The above exception was the direct cause of the following exception:

Traceback (most recent call last):
  File "C:\Users\Кирилл\Desktop\353505_HOROSHKO_24\IGI\LR5\.venv\Lib\site-packages\django\core\handlers\exception.py", line 55, in inner
    response = get_response(request)
  File "C:\Users\Кирилл\Desktop\353505_HOROSHKO_24\IGI\LR5\.venv\Lib\site-packages\django\core\handlers\base.py", line 197, in _get_response
    response = wrapped_callback(request, *callback_args, **callback_kwargs)
  File "C:\Users\Кирилл\Desktop\353505_HOROSHKO_24\IGI\LR5\shop\views.py", line 84, in contacts
    return render(request, 'shop/contacts.html', context)
  File "C:\Users\Кирилл\Desktop\353505_HOROSHKO_24\IGI\LR5\.venv\Lib\site-packages\django\shortcuts.py", line 25, in render
    content = loader.render_to_string(template_name, context, request, using=using)
  File "C:\Users\Кирилл\Desktop\353505_HOROSHKO_24\IGI\LR5\.venv\Lib\site-packages\django\template\loader.py", line 62, in render_to_string
    return template.render(context, request)
           ~~~~~~~~~~~~~~~^^^^^^^^^^^^^^^^^^
  File "C:\Users\Кирилл\Desktop\353505_HOROSHKO_24\IGI\LR5\.venv\Lib\site-packages\django\template\backends\django.py", line 109, in render
    reraise(exc, self.backend)
    ~~~~~~~^^^^^^^^^^^^^^^^^^^
  File "C:\Users\Кирилл\Desktop\353505_HOROSHKO_24\IGI\LR5\.venv\Lib\site-packages\django\template\backends\django.py", line 130, in reraise
    raise new from exc
django.template.exceptions.TemplateDoesNotExist: base.html
ERROR 2025-05-29 03:27:11,252 basehttp "GET /contacts/ HTTP/1.1" 500 129939
INFO 2025-05-29 03:27:27,060 basehttp "GET /contacts/ HTTP/1.1" 200 3088
INFO 2025-05-29 03:27:27,079 basehttp "GET /media/employees/8815077.png HTTP/1.1" 304 0
INFO 2025-05-29 03:28:05,877 basehttp "GET /contacts/ HTTP/1.1" 200 2765
INFO 2025-05-29 03:28:13,338 basehttp "GET /contacts/ HTTP/1.1" 200 2724
INFO 2025-05-29 03:28:30,438 basehttp "GET /privacy/ HTTP/1.1" 200 1481
INFO 2025-05-29 03:28:32,015 basehttp "GET /careers/ HTTP/1.1" 200 1594
INFO 2025-05-29 03:30:45,432 autoreload C:\Users\Кирилл\Desktop\353505_HOROSHKO_24\IGI\LR5\shop\views.py changed, reloading.
INFO 2025-05-29 03:30:47,386 autoreload Watching for file changes with StatReloader
INFO 2025-05-29 03:30:59,031 autoreload C:\Users\Кирилл\Desktop\353505_HOROSHKO_24\IGI\LR5\shop\views.py changed, reloading.
INFO 2025-05-29 03:31:00,489 autoreload Watching for file changes with StatReloader
INFO 2025-05-29 03:32:04,186 basehttp "GET /careers/ HTTP/1.1" 200 8469
INFO 2025-05-29 03:33:35,735 basehttp "GET /careers/ HTTP/1.1" 200 7081
INFO 2025-05-29 03:33:53,334 basehttp "GET /reviews/ HTTP/1.1" 200 1594
INFO 2025-05-29 03:35:52,414 basehttp "GET /contacts/ HTTP/1.1" 200 2724
INFO 2025-05-29 03:35:52,440 basehttp "GET /media/employees/8815077.png HTTP/1.1" 304 0
INFO 2025-05-29 03:35:54,287 basehttp "GET /reviews/ HTTP/1.1" 200 1594
INFO 2025-05-29 12:09:05,835 basehttp "GET /careers/ HTTP/1.1" 200 7081
INFO 2025-05-29 12:10:31,897 basehttp "GET /about/ HTTP/1.1" 200 2277
INFO 2025-05-29 12:10:31,981 basehttp "GET /media/about/logo/Top-Cake-logo-min.jpg HTTP/1.1" 304 0
INFO 2025-05-29 12:10:32,745 basehttp "GET /news/ HTTP/1.1" 200 2502
INFO 2025-05-29 12:10:32,817 basehttp "GET /media/news/Kommunarka-Logotip-s-deskriptorom-i-obvodkoy.png HTTP/1.1" 304 0
INFO 2025-05-29 12:10:38,837 basehttp "GET /reviews/ HTTP/1.1" 200 1594
INFO 2025-05-29 12:10:58,854 basehttp "GET /reviews/ HTTP/1.1" 200 1594
INFO 2025-05-29 12:11:00,674 basehttp "GET /careers/ HTTP/1.1" 200 7081
INFO 2025-05-29 12:11:02,068 basehttp "GET /privacy/ HTTP/1.1" 200 1481
INFO 2025-05-29 12:11:03,009 basehttp "GET /contacts/ HTTP/1.1" 200 2724
INFO 2025-05-29 12:11:03,109 basehttp "GET /media/employees/8815077.png HTTP/1.1" 304 0
INFO 2025-05-29 12:11:03,977 basehttp "GET /about/ HTTP/1.1" 200 2277
INFO 2025-05-29 12:11:05,181 basehttp "GET /products/ HTTP/1.1" 200 12982
WARNING 2025-05-29 12:11:05,268 log Not Found: /media/products/01517118.n_1.png.webp
WARNING 2025-05-29 12:11:05,282 log Not Found: /media/products/00031070.n_1_1000x1000.png.webp
WARNING 2025-05-29 12:11:05,283 log Not Found: /media/products/00879807.n_1.png.webp
WARNING 2025-05-29 12:11:05,289 log Not Found: /media/products/Grilyazh_na_arakhise.webp
WARNING 2025-05-29 12:11:05,292 log Not Found: /media/products/01329525.n_1.png.webp
WARNING 2025-05-29 12:11:05,292 basehttp "GET /media/products/00031070.n_1_1000x1000.png.webp HTTP/1.1" 404 9680
WARNING 2025-05-29 12:11:05,292 basehttp "GET /media/products/01517118.n_1.png.webp HTTP/1.1" 404 9640
WARNING 2025-05-29 12:11:05,302 log Not Found: /media/products/20200623220617_kuznechik.png
WARNING 2025-05-29 12:11:05,303 basehttp "GET /media/products/00879807.n_1.png.webp HTTP/1.1" 404 9640
WARNING 2025-05-29 12:11:05,303 basehttp "GET /media/products/Grilyazh_na_arakhise.webp HTTP/1.1" 404 9656
WARNING 2025-05-29 12:11:05,304 basehttp "GET /media/products/01329525.n_1.png.webp HTTP/1.1" 404 9640
WARNING 2025-05-29 12:11:05,318 log Not Found: /media/products/00694030.n_1.png.webp
WARNING 2025-05-29 12:11:05,320 basehttp "GET /media/products/20200623220617_kuznechik.png HTTP/1.1" 404 9668
WARNING 2025-05-29 12:11:05,332 log Not Found: /media/products/00972854_k6iCBT3.n_1.png.webp
WARNING 2025-05-29 12:11:05,337 log Not Found: /media/products/00694969.n_1.png.webp
WARNING 2025-05-29 12:11:05,338 basehttp "GET /media/products/00694030.n_1.png.webp HTTP/1.1" 404 9640
WARNING 2025-05-29 12:11:05,345 log Not Found: /media/products/02102477.n_1.png.webp
WARNING 2025-05-29 12:11:05,352 log Not Found: /media/products/01742391.n_1.png.webp
WARNING 2025-05-29 12:11:05,354 basehttp "GET /media/products/00694969.n_1.png.webp HTTP/1.1" 404 9640
WARNING 2025-05-29 12:11:05,354 basehttp "GET /media/products/00972854_k6iCBT3.n_1.png.webp HTTP/1.1" 404 9672
WARNING 2025-05-29 12:11:05,365 log Not Found: /media/products/00023129.n_1.png.webp
WARNING 2025-05-29 12:11:05,366 basehttp "GET /media/products/02102477.n_1.png.webp HTTP/1.1" 404 9640
WARNING 2025-05-29 12:11:05,367 basehttp "GET /media/products/01742391.n_1.png.webp HTTP/1.1" 404 9640
WARNING 2025-05-29 12:11:05,378 log Not Found: /media/products/5b2483c39a1cc005bd5344e76b555e95.webp
WARNING 2025-05-29 12:11:05,379 basehttp "GET /media/products/00023129.n_1.png.webp HTTP/1.1" 404 9640
WARNING 2025-05-29 12:11:05,388 log Not Found: /media/products/02102474.n_1.png.webp
WARNING 2025-05-29 12:11:05,397 log Not Found: /media/products/a8cc84e69b221875b8e38df008db2309.webp
WARNING 2025-05-29 12:11:05,406 log Not Found: /media/products/00975722.n_1.png.webp
WARNING 2025-05-29 12:11:05,408 basehttp "GET /media/products/02102474.n_1.png.webp HTTP/1.1" 404 9640
WARNING 2025-05-29 12:11:05,409 basehttp "GET /media/products/5b2483c39a1cc005bd5344e76b555e95.webp HTTP/1.1" 404 9704
WARNING 2025-05-29 12:11:05,416 log Not Found: /media/products/00997603.n_1.png.webp
WARNING 2025-05-29 12:11:05,417 basehttp "GET /media/products/a8cc84e69b221875b8e38df008db2309.webp HTTP/1.1" 404 9704
WARNING 2025-05-29 12:11:05,425 log Not Found: /media/products/00189563.n_1.png.webp
WARNING 2025-05-29 12:11:05,426 basehttp "GET /media/products/00975722.n_1.png.webp HTTP/1.1" 404 9640
WARNING 2025-05-29 12:11:05,428 basehttp "GET /media/products/00997603.n_1.png.webp HTTP/1.1" 404 9640
WARNING 2025-05-29 12:11:05,429 basehttp "GET /media/products/00189563.n_1.png.webp HTTP/1.1" 404 9640
INFO 2025-05-29 12:11:12,982 basehttp "GET /products/ HTTP/1.1" 200 12982
WARNING 2025-05-29 12:11:13,055 log Not Found: /media/products/01517118.n_1.png.webp
WARNING 2025-05-29 12:11:13,064 log Not Found: /media/products/01329525.n_1.png.webp
WARNING 2025-05-29 12:11:13,075 log Not Found: /media/products/00031070.n_1_1000x1000.png.webp
WARNING 2025-05-29 12:11:13,086 log Not Found: /media/products/00879807.n_1.png.webp
WARNING 2025-05-29 12:11:13,098 log Not Found: /media/products/Grilyazh_na_arakhise.webp
WARNING 2025-05-29 12:11:13,100 log Not Found: /media/products/20200623220617_kuznechik.png
WARNING 2025-05-29 12:11:13,101 basehttp "GET /media/products/01329525.n_1.png.webp HTTP/1.1" 404 9640
WARNING 2025-05-29 12:11:13,102 basehttp "GET /media/products/01517118.n_1.png.webp HTTP/1.1" 404 9640
WARNING 2025-05-29 12:11:13,102 basehttp "GET /media/products/00031070.n_1_1000x1000.png.webp HTTP/1.1" 404 9680
WARNING 2025-05-29 12:11:13,103 basehttp "GET /media/products/00879807.n_1.png.webp HTTP/1.1" 404 9640
WARNING 2025-05-29 12:11:13,104 basehttp "GET /media/products/Grilyazh_na_arakhise.webp HTTP/1.1" 404 9656
WARNING 2025-05-29 12:11:13,105 basehttp "GET /media/products/20200623220617_kuznechik.png HTTP/1.1" 404 9668
WARNING 2025-05-29 12:11:13,152 log Not Found: /media/products/00972854_k6iCBT3.n_1.png.webp
WARNING 2025-05-29 12:11:13,163 log Not Found: /media/products/00694030.n_1.png.webp
WARNING 2025-05-29 12:11:13,172 log Not Found: /media/products/00694969.n_1.png.webp
WARNING 2025-05-29 12:11:13,173 basehttp "GET /media/products/00694030.n_1.png.webp HTTP/1.1" 404 9640
WARNING 2025-05-29 12:11:13,182 log Not Found: /media/products/02102477.n_1.png.webp
WARNING 2025-05-29 12:11:13,182 basehttp "GET /media/products/00694969.n_1.png.webp HTTP/1.1" 404 9640
WARNING 2025-05-29 12:11:13,192 log Not Found: /media/products/01742391.n_1.png.webp
WARNING 2025-05-29 12:11:13,195 basehttp "GET /media/products/00972854_k6iCBT3.n_1.png.webp HTTP/1.1" 404 9672
WARNING 2025-05-29 12:11:13,203 log Not Found: /media/products/00023129.n_1.png.webp
WARNING 2025-05-29 12:11:13,206 basehttp "GET /media/products/02102477.n_1.png.webp HTTP/1.1" 404 9640
WARNING 2025-05-29 12:11:13,216 log Not Found: /media/products/5b2483c39a1cc005bd5344e76b555e95.webp
WARNING 2025-05-29 12:11:13,220 basehttp "GET /media/products/01742391.n_1.png.webp HTTP/1.1" 404 9640
WARNING 2025-05-29 12:11:13,229 log Not Found: /media/products/a8cc84e69b221875b8e38df008db2309.webp
WARNING 2025-05-29 12:11:13,231 basehttp "GET /media/products/00023129.n_1.png.webp HTTP/1.1" 404 9640
WARNING 2025-05-29 12:11:13,239 log Not Found: /media/products/02102474.n_1.png.webp
WARNING 2025-05-29 12:11:13,242 basehttp "GET /media/products/5b2483c39a1cc005bd5344e76b555e95.webp HTTP/1.1" 404 9704
WARNING 2025-05-29 12:11:13,246 basehttp "GET /media/products/a8cc84e69b221875b8e38df008db2309.webp HTTP/1.1" 404 9704
WARNING 2025-05-29 12:11:13,255 log Not Found: /media/products/00997603.n_1.png.webp
WARNING 2025-05-29 12:11:13,265 log Not Found: /media/products/00975722.n_1.png.webp
WARNING 2025-05-29 12:11:13,266 basehttp "GET /media/products/02102474.n_1.png.webp HTTP/1.1" 404 9640
WARNING 2025-05-29 12:11:13,275 log Not Found: /media/products/00189563.n_1.png.webp
WARNING 2025-05-29 12:11:13,277 basehttp "GET /media/products/00997603.n_1.png.webp HTTP/1.1" 404 9640
WARNING 2025-05-29 12:11:13,277 basehttp "GET /media/products/00975722.n_1.png.webp HTTP/1.1" 404 9640
WARNING 2025-05-29 12:11:13,279 basehttp "GET /media/products/00189563.n_1.png.webp HTTP/1.1" 404 9640
INFO 2025-05-29 12:11:19,189 basehttp "GET /manufacturers/ HTTP/1.1" 200 4696
INFO 2025-05-29 12:11:19,295 basehttp "GET /media/manufacturers/0522953127611617.jpg HTTP/1.1" 304 0
INFO 2025-05-29 12:11:19,308 basehttp "GET /media/manufacturers/15028595_w640_h640_15028595.webp HTTP/1.1" 304 0
WARNING 2025-05-29 12:11:19,320 log Not Found: /media/manufacturers/images.png
INFO 2025-05-29 12:11:19,321 basehttp "GET /media/manufacturers/logo.png HTTP/1.1" 304 0
INFO 2025-05-29 12:11:19,321 basehttp "GET /media/manufacturers/Kommunarka-Logotip-s-deskriptorom-i-obvodkoy.png HTTP/1.1" 304 0
INFO 2025-05-29 12:11:19,322 basehttp "GET /media/manufacturers/1973894_18606198.jpeg HTTP/1.1" 304 0
WARNING 2025-05-29 12:11:19,323 basehttp "GET /media/manufacturers/images.png HTTP/1.1" 404 9616
INFO 2025-05-29 12:11:20,855 basehttp "GET /products/ HTTP/1.1" 200 12982
WARNING 2025-05-29 12:11:20,934 log Not Found: /media/products/01517118.n_1.png.webp
WARNING 2025-05-29 12:11:20,935 basehttp "GET /media/products/01517118.n_1.png.webp HTTP/1.1" 404 9640
WARNING 2025-05-29 12:11:20,958 log Not Found: /media/products/Grilyazh_na_arakhise.webp
WARNING 2025-05-29 12:11:20,974 log Not Found: /media/products/01329525.n_1.png.webp
WARNING 2025-05-29 12:11:20,988 log Not Found: /media/products/00031070.n_1_1000x1000.png.webp
WARNING 2025-05-29 12:11:20,991 log Not Found: /media/products/00879807.n_1.png.webp
WARNING 2025-05-29 12:11:20,991 basehttp "GET /media/products/01329525.n_1.png.webp HTTP/1.1" 404 9640
WARNING 2025-05-29 12:11:20,992 basehttp "GET /media/products/Grilyazh_na_arakhise.webp HTTP/1.1" 404 9656
WARNING 2025-05-29 12:11:21,001 log Not Found: /media/products/20200623220617_kuznechik.png
WARNING 2025-05-29 12:11:21,010 log Not Found: /media/products/00972854_k6iCBT3.n_1.png.webp
WARNING 2025-05-29 12:11:21,011 basehttp "GET /media/products/00031070.n_1_1000x1000.png.webp HTTP/1.1" 404 9680
WARNING 2025-05-29 12:11:21,013 basehttp "GET /media/products/00879807.n_1.png.webp HTTP/1.1" 404 9640
WARNING 2025-05-29 12:11:21,017 basehttp "GET /media/products/00972854_k6iCBT3.n_1.png.webp HTTP/1.1" 404 9672
WARNING 2025-05-29 12:11:21,020 basehttp "GET /media/products/20200623220617_kuznechik.png HTTP/1.1" 404 9668
WARNING 2025-05-29 12:11:21,031 log Not Found: /media/products/00694969.n_1.png.webp
WARNING 2025-05-29 12:11:21,043 log Not Found: /media/products/00694030.n_1.png.webp
WARNING 2025-05-29 12:11:21,050 log Not Found: /media/products/02102477.n_1.png.webp
WARNING 2025-05-29 12:11:21,061 log Not Found: /media/products/00023129.n_1.png.webp
WARNING 2025-05-29 12:11:21,069 log Not Found: /media/products/01742391.n_1.png.webp
WARNING 2025-05-29 12:11:21,071 basehttp "GET /media/products/00694969.n_1.png.webp HTTP/1.1" 404 9640
WARNING 2025-05-29 12:11:21,078 log Not Found: /media/products/5b2483c39a1cc005bd5344e76b555e95.webp
WARNING 2025-05-29 12:11:21,079 basehttp "GET /media/products/00694030.n_1.png.webp HTTP/1.1" 404 9640
WARNING 2025-05-29 12:11:21,079 basehttp "GET /media/products/02102477.n_1.png.webp HTTP/1.1" 404 9640
WARNING 2025-05-29 12:11:21,080 basehttp "GET /media/products/00023129.n_1.png.webp HTTP/1.1" 404 9640
WARNING 2025-05-29 12:11:21,083 basehttp "GET /media/products/01742391.n_1.png.webp HTTP/1.1" 404 9640
WARNING 2025-05-29 12:11:21,083 basehttp "GET /media/products/5b2483c39a1cc005bd5344e76b555e95.webp HTTP/1.1" 404 9704
WARNING 2025-05-29 12:11:21,095 log Not Found: /media/products/a8cc84e69b221875b8e38df008db2309.webp
WARNING 2025-05-29 12:11:21,110 log Not Found: /media/products/02102474.n_1.png.webp
WARNING 2025-05-29 12:11:21,119 log Not Found: /media/products/00189563.n_1.png.webp
WARNING 2025-05-29 12:11:21,126 log Not Found: /media/products/00975722.n_1.png.webp
WARNING 2025-05-29 12:11:21,135 log Not Found: /media/products/00997603.n_1.png.webp
WARNING 2025-05-29 12:11:21,135 basehttp "GET /media/products/02102474.n_1.png.webp HTTP/1.1" 404 9640
WARNING 2025-05-29 12:11:21,135 basehttp "GET /media/products/a8cc84e69b221875b8e38df008db2309.webp HTTP/1.1" 404 9704
WARNING 2025-05-29 12:11:21,136 basehttp "GET /media/products/00975722.n_1.png.webp HTTP/1.1" 404 9640
WARNING 2025-05-29 12:11:21,137 basehttp "GET /media/products/00189563.n_1.png.webp HTTP/1.1" 404 9640
WARNING 2025-05-29 12:11:21,138 basehttp "GET /media/products/00997603.n_1.png.webp HTTP/1.1" 404 9640
INFO 2025-05-29 12:11:22,920 basehttp "GET /products/edit/12/ HTTP/1.1" 200 4182
WARNING 2025-05-29 12:11:23,005 log Not Found: /media/products/01517118.n_1.png.webp
WARNING 2025-05-29 12:11:23,006 basehttp "GET /media/products/01517118.n_1.png.webp HTTP/1.1" 404 9640
WARNING 2025-05-29 12:11:30,990 log Not Found: /media/products/01517118.n_1.png.webp
WARNING 2025-05-29 12:11:30,991 basehttp "GET /media/products/01517118.n_1.png.webp HTTP/1.1" 404 9640
INFO 2025-05-29 12:11:56,130 autoreload Watching for file changes with StatReloader
INFO 2025-05-29 12:12:00,346 basehttp "GET /products/ HTTP/1.1" 200 12982
WARNING 2025-05-29 12:12:00,376 log Not Found: /media/products/01517118.n_1.png.webp
WARNING 2025-05-29 12:12:00,381 log Not Found: /media/products/00879807.n_1.png.webp
WARNING 2025-05-29 12:12:00,384 log Not Found: /media/products/01329525.n_1.png.webp
WARNING 2025-05-29 12:12:00,386 log Not Found: /media/products/00031070.n_1_1000x1000.png.webp
WARNING 2025-05-29 12:12:00,388 basehttp "GET /media/products/01517118.n_1.png.webp HTTP/1.1" 404 9640
WARNING 2025-05-29 12:12:00,393 log Not Found: /media/products/Grilyazh_na_arakhise.webp
WARNING 2025-05-29 12:12:00,394 basehttp "GET /media/products/00879807.n_1.png.webp HTTP/1.1" 404 9640
WARNING 2025-05-29 12:12:00,396 basehttp "GET /media/products/01329525.n_1.png.webp HTTP/1.1" 404 9640
WARNING 2025-05-29 12:12:00,399 basehttp "GET /media/products/00031070.n_1_1000x1000.png.webp HTTP/1.1" 404 9680
WARNING 2025-05-29 12:12:00,405 log Not Found: /media/products/20200623220617_kuznechik.png
WARNING 2025-05-29 12:12:00,409 log Not Found: /media/products/00972854_k6iCBT3.n_1.png.webp
WARNING 2025-05-29 12:12:00,410 basehttp "GET /media/products/Grilyazh_na_arakhise.webp HTTP/1.1" 404 9656
WARNING 2025-05-29 12:12:00,418 log Not Found: /media/products/00694030.n_1.png.webp
WARNING 2025-05-29 12:12:00,422 log Not Found: /media/products/02102477.n_1.png.webp
WARNING 2025-05-29 12:12:00,424 basehttp "GET /media/products/20200623220617_kuznechik.png HTTP/1.1" 404 9668
WARNING 2025-05-29 12:12:00,426 basehttp "GET /media/products/00972854_k6iCBT3.n_1.png.webp HTTP/1.1" 404 9672
WARNING 2025-05-29 12:12:00,428 log Not Found: /media/products/00694969.n_1.png.webp
WARNING 2025-05-29 12:12:00,432 log Not Found: /media/products/01742391.n_1.png.webp
WARNING 2025-05-29 12:12:00,432 basehttp "GET /media/products/00694030.n_1.png.webp HTTP/1.1" 404 9640
WARNING 2025-05-29 12:12:00,433 basehttp "GET /media/products/02102477.n_1.png.webp HTTP/1.1" 404 9640
WARNING 2025-05-29 12:12:00,436 basehttp "GET /media/products/00694969.n_1.png.webp HTTP/1.1" 404 9640
WARNING 2025-05-29 12:12:00,441 log Not Found: /media/products/5b2483c39a1cc005bd5344e76b555e95.webp
WARNING 2025-05-29 12:12:00,443 log Not Found: /media/products/00023129.n_1.png.webp
WARNING 2025-05-29 12:12:00,448 basehttp "GET /media/products/01742391.n_1.png.webp HTTP/1.1" 404 9640
WARNING 2025-05-29 12:12:00,453 basehttp "GET /media/products/5b2483c39a1cc005bd5344e76b555e95.webp HTTP/1.1" 404 9704
WARNING 2025-05-29 12:12:00,455 log Not Found: /media/products/02102474.n_1.png.webp
WARNING 2025-05-29 12:12:00,460 log Not Found: /media/products/a8cc84e69b221875b8e38df008db2309.webp
WARNING 2025-05-29 12:12:00,463 log Not Found: /media/products/00997603.n_1.png.webp
WARNING 2025-05-29 12:12:00,464 basehttp "GET /media/products/00023129.n_1.png.webp HTTP/1.1" 404 9640
WARNING 2025-05-29 12:12:00,471 log Not Found: /media/products/00189563.n_1.png.webp
WARNING 2025-05-29 12:12:00,472 basehttp "GET /media/products/02102474.n_1.png.webp HTTP/1.1" 404 9640
WARNING 2025-05-29 12:12:00,473 basehttp "GET /media/products/a8cc84e69b221875b8e38df008db2309.webp HTTP/1.1" 404 9704
WARNING 2025-05-29 12:12:00,479 log Not Found: /media/products/00975722.n_1.png.webp
WARNING 2025-05-29 12:12:00,480 basehttp "GET /media/products/00997603.n_1.png.webp HTTP/1.1" 404 9640
WARNING 2025-05-29 12:12:00,481 basehttp "GET /media/products/00189563.n_1.png.webp HTTP/1.1" 404 9640
WARNING 2025-05-29 12:12:00,482 basehttp "GET /media/products/00975722.n_1.png.webp HTTP/1.1" 404 9640
INFO 2025-05-29 12:12:03,311 basehttp "GET /products/edit/12/ HTTP/1.1" 200 4182
WARNING 2025-05-29 12:12:03,343 log Not Found: /media/products/01517118.n_1.png.webp
WARNING 2025-05-29 12:12:03,344 basehttp "GET /media/products/01517118.n_1.png.webp HTTP/1.1" 404 9640
INFO 2025-05-29 12:12:17,264 basehttp "POST /products/edit/12/ HTTP/1.1" 302 0
INFO 2025-05-29 12:12:17,320 basehttp "GET /products/ HTTP/1.1" 200 12982
WARNING 2025-05-29 12:12:17,410 log Not Found: /media/products/Grilyazh_na_arakhise.webp
WARNING 2025-05-29 12:12:17,412 log Not Found: /media/products/00879807.n_1.png.webp
WARNING 2025-05-29 12:12:17,417 log Not Found: /media/products/00031070.n_1_1000x1000.png.webp
WARNING 2025-05-29 12:12:17,424 log Not Found: /media/products/01329525.n_1.png.webp
WARNING 2025-05-29 12:12:17,430 log Not Found: /media/products/20200623220617_kuznechik.png
WARNING 2025-05-29 12:12:17,433 basehttp "GET /media/products/Grilyazh_na_arakhise.webp HTTP/1.1" 404 9656
WARNING 2025-05-29 12:12:17,433 basehttp "GET /media/products/00879807.n_1.png.webp HTTP/1.1" 404 9640
WARNING 2025-05-29 12:12:17,434 basehttp "GET /media/products/00031070.n_1_1000x1000.png.webp HTTP/1.1" 404 9680
WARNING 2025-05-29 12:12:17,435 basehttp "GET /media/products/01329525.n_1.png.webp HTTP/1.1" 404 9640
WARNING 2025-05-29 12:12:17,436 basehttp "GET /media/products/20200623220617_kuznechik.png HTTP/1.1" 404 9668
WARNING 2025-05-29 12:12:17,456 log Not Found: /media/products/00972854_k6iCBT3.n_1.png.webp
WARNING 2025-05-29 12:12:17,470 log Not Found: /media/products/00694969.n_1.png.webp
WARNING 2025-05-29 12:12:17,477 log Not Found: /media/products/00694030.n_1.png.webp
WARNING 2025-05-29 12:12:17,478 basehttp "GET /media/products/00972854_k6iCBT3.n_1.png.webp HTTP/1.1" 404 9672
WARNING 2025-05-29 12:12:17,480 basehttp "GET /media/products/00694969.n_1.png.webp HTTP/1.1" 404 9640
WARNING 2025-05-29 12:12:17,487 log Not Found: /media/products/01742391.n_1.png.webp
WARNING 2025-05-29 12:12:17,494 log Not Found: /media/products/02102477.n_1.png.webp
WARNING 2025-05-29 12:12:17,495 basehttp "GET /media/products/00694030.n_1.png.webp HTTP/1.1" 404 9640
WARNING 2025-05-29 12:12:17,499 basehttp "GET /media/products/01742391.n_1.png.webp HTTP/1.1" 404 9640
WARNING 2025-05-29 12:12:17,507 log Not Found: /media/products/00023129.n_1.png.webp
WARNING 2025-05-29 12:12:17,510 basehttp "GET /media/products/02102477.n_1.png.webp HTTP/1.1" 404 9640
WARNING 2025-05-29 12:12:17,518 log Not Found: /media/products/5b2483c39a1cc005bd5344e76b555e95.webp
WARNING 2025-05-29 12:12:17,525 basehttp "GET /media/products/00023129.n_1.png.webp HTTP/1.1" 404 9640
WARNING 2025-05-29 12:12:17,533 log Not Found: /media/products/02102474.n_1.png.webp
WARNING 2025-05-29 12:12:17,542 log Not Found: /media/products/a8cc84e69b221875b8e38df008db2309.webp
WARNING 2025-05-29 12:12:17,544 basehttp "GET /media/products/5b2483c39a1cc005bd5344e76b555e95.webp HTTP/1.1" 404 9704
INFO 2025-05-29 12:12:17,545 basehttp "GET /media/products/01517118.n_1.png.webp HTTP/1.1" 200 12114
WARNING 2025-05-29 12:12:17,557 log Not Found: /media/products/00997603.n_1.png.webp
WARNING 2025-05-29 12:12:17,558 basehttp "GET /media/products/02102474.n_1.png.webp HTTP/1.1" 404 9640
WARNING 2025-05-29 12:12:17,559 basehttp "GET /media/products/a8cc84e69b221875b8e38df008db2309.webp HTTP/1.1" 404 9704
WARNING 2025-05-29 12:12:17,568 log Not Found: /media/products/00975722.n_1.png.webp
WARNING 2025-05-29 12:12:17,572 basehttp "GET /media/products/00997603.n_1.png.webp HTTP/1.1" 404 9640
WARNING 2025-05-29 12:12:17,588 log Not Found: /media/products/00189563.n_1.png.webp
WARNING 2025-05-29 12:12:17,589 basehttp "GET /media/products/00975722.n_1.png.webp HTTP/1.1" 404 9640
WARNING 2025-05-29 12:12:17,591 basehttp "GET /media/products/00189563.n_1.png.webp HTTP/1.1" 404 9640
INFO 2025-05-29 12:12:19,952 basehttp "GET /products/edit/11/ HTTP/1.1" 200 4177
WARNING 2025-05-29 12:12:20,013 log Not Found: /media/products/01329525.n_1.png.webp
WARNING 2025-05-29 12:12:20,014 basehttp "GET /media/products/01329525.n_1.png.webp HTTP/1.1" 404 9640
INFO 2025-05-29 12:12:29,302 basehttp "POST /products/edit/11/ HTTP/1.1" 302 0
INFO 2025-05-29 12:12:29,361 basehttp "GET /products/ HTTP/1.1" 200 12982
INFO 2025-05-29 12:12:29,416 basehttp "GET /media/products/01517118.n_1.png.webp HTTP/1.1" 304 0
WARNING 2025-05-29 12:12:29,425 log Not Found: /media/products/Grilyazh_na_arakhise.webp
WARNING 2025-05-29 12:12:29,435 log Not Found: /media/products/00031070.n_1_1000x1000.png.webp
WARNING 2025-05-29 12:12:29,441 log Not Found: /media/products/00879807.n_1.png.webp
WARNING 2025-05-29 12:12:29,451 log Not Found: /media/products/20200623220617_kuznechik.png
WARNING 2025-05-29 12:12:29,452 basehttp "GET /media/products/00031070.n_1_1000x1000.png.webp HTTP/1.1" 404 9680
INFO 2025-05-29 12:12:29,452 basehttp "GET /media/products/01329525.n_1.png.webp HTTP/1.1" 200 3690
WARNING 2025-05-29 12:12:29,454 basehttp "GET /media/products/Grilyazh_na_arakhise.webp HTTP/1.1" 404 9656
WARNING 2025-05-29 12:12:29,464 log Not Found: /media/products/00972854_k6iCBT3.n_1.png.webp
WARNING 2025-05-29 12:12:29,468 basehttp "GET /media/products/00879807.n_1.png.webp HTTP/1.1" 404 9640
WARNING 2025-05-29 12:12:29,469 basehttp "GET /media/products/20200623220617_kuznechik.png HTTP/1.1" 404 9668
WARNING 2025-05-29 12:12:29,483 log Not Found: /media/products/00694969.n_1.png.webp
WARNING 2025-05-29 12:12:29,491 log Not Found: /media/products/02102477.n_1.png.webp
WARNING 2025-05-29 12:12:29,494 basehttp "GET /media/products/00972854_k6iCBT3.n_1.png.webp HTTP/1.1" 404 9672
WARNING 2025-05-29 12:12:29,501 log Not Found: /media/products/00694030.n_1.png.webp
WARNING 2025-05-29 12:12:29,511 log Not Found: /media/products/01742391.n_1.png.webp
WARNING 2025-05-29 12:12:29,513 basehttp "GET /media/products/00694969.n_1.png.webp HTTP/1.1" 404 9640
WARNING 2025-05-29 12:12:29,520 log Not Found: /media/products/00023129.n_1.png.webp
WARNING 2025-05-29 12:12:29,522 basehttp "GET /media/products/02102477.n_1.png.webp HTTP/1.1" 404 9640
WARNING 2025-05-29 12:12:29,535 log Not Found: /media/products/5b2483c39a1cc005bd5344e76b555e95.webp
WARNING 2025-05-29 12:12:29,535 basehttp "GET /media/products/00694030.n_1.png.webp HTTP/1.1" 404 9640
WARNING 2025-05-29 12:12:29,536 basehttp "GET /media/products/01742391.n_1.png.webp HTTP/1.1" 404 9640
WARNING 2025-05-29 12:12:29,540 basehttp "GET /media/products/00023129.n_1.png.webp HTTP/1.1" 404 9640
WARNING 2025-05-29 12:12:29,549 log Not Found: /media/products/02102474.n_1.png.webp
WARNING 2025-05-29 12:12:29,556 log Not Found: /media/products/a8cc84e69b221875b8e38df008db2309.webp
WARNING 2025-05-29 12:12:29,560 basehttp "GET /media/products/5b2483c39a1cc005bd5344e76b555e95.webp HTTP/1.1" 404 9704
WARNING 2025-05-29 12:12:29,569 log Not Found: /media/products/00997603.n_1.png.webp
WARNING 2025-05-29 12:12:29,569 basehttp "GET /media/products/02102474.n_1.png.webp HTTP/1.1" 404 9640
WARNING 2025-05-29 12:12:29,570 basehttp "GET /media/products/a8cc84e69b221875b8e38df008db2309.webp HTTP/1.1" 404 9704
WARNING 2025-05-29 12:12:29,579 log Not Found: /media/products/00975722.n_1.png.webp
WARNING 2025-05-29 12:12:29,587 log Not Found: /media/products/00189563.n_1.png.webp
WARNING 2025-05-29 12:12:29,588 basehttp "GET /media/products/00997603.n_1.png.webp HTTP/1.1" 404 9640
WARNING 2025-05-29 12:12:29,589 basehttp "GET /media/products/00975722.n_1.png.webp HTTP/1.1" 404 9640
WARNING 2025-05-29 12:12:29,590 basehttp "GET /media/products/00189563.n_1.png.webp HTTP/1.1" 404 9640
INFO 2025-05-29 12:12:32,053 basehttp "GET /products/edit/18/ HTTP/1.1" 200 3872
INFO 2025-05-29 12:12:38,440 basehttp "POST /products/edit/18/ HTTP/1.1" 302 0
INFO 2025-05-29 12:12:38,499 basehttp "GET /products/ HTTP/1.1" 200 13098
INFO 2025-05-29 12:12:38,557 basehttp "GET /media/products/01517118.n_1.png.webp HTTP/1.1" 304 0
WARNING 2025-05-29 12:12:38,576 log Not Found: /media/products/Grilyazh_na_arakhise.webp
INFO 2025-05-29 12:12:38,579 basehttp "GET /media/products/01329525.n_1.png.webp HTTP/1.1" 304 0
WARNING 2025-05-29 12:12:38,581 basehttp "GET /media/products/Grilyazh_na_arakhise.webp HTTP/1.1" 404 9656
WARNING 2025-05-29 12:12:38,594 log Not Found: /media/products/00879807.n_1.png.webp
WARNING 2025-05-29 12:12:38,601 log Not Found: /media/products/00031070.n_1_1000x1000.png.webp
WARNING 2025-05-29 12:12:38,613 log Not Found: /media/products/20200623220617_kuznechik.png
WARNING 2025-05-29 12:12:38,619 log Not Found: /media/products/00694030.n_1.png.webp
WARNING 2025-05-29 12:12:38,619 basehttp "GET /media/products/00879807.n_1.png.webp HTTP/1.1" 404 9640
WARNING 2025-05-29 12:12:38,621 basehttp "GET /media/products/20200623220617_kuznechik.png HTTP/1.1" 404 9668
WARNING 2025-05-29 12:12:38,627 log Not Found: /media/products/00972854_k6iCBT3.n_1.png.webp
WARNING 2025-05-29 12:12:38,627 basehttp "GET /media/products/00031070.n_1_1000x1000.png.webp HTTP/1.1" 404 9680
WARNING 2025-05-29 12:12:38,628 basehttp "GET /media/products/00694030.n_1.png.webp HTTP/1.1" 404 9640
WARNING 2025-05-29 12:12:38,633 basehttp "GET /media/products/00972854_k6iCBT3.n_1.png.webp HTTP/1.1" 404 9672
WARNING 2025-05-29 12:12:38,642 log Not Found: /media/products/02102477.n_1.png.webp
WARNING 2025-05-29 12:12:38,650 log Not Found: /media/products/00694969.n_1.png.webp
WARNING 2025-05-29 12:12:38,659 log Not Found: /media/products/01742391.n_1.png.webp
INFO 2025-05-29 12:12:38,661 basehttp "GET /media/products/Aeroflotskie_35_gr.webp HTTP/1.1" 200 56920
WARNING 2025-05-29 12:12:38,662 basehttp "GET /media/products/02102477.n_1.png.webp HTTP/1.1" 404 9640
WARNING 2025-05-29 12:12:38,679 log Not Found: /media/products/00023129.n_1.png.webp
WARNING 2025-05-29 12:12:38,681 log Not Found: /media/products/5b2483c39a1cc005bd5344e76b555e95.webp
WARNING 2025-05-29 12:12:38,686 basehttp "GET /media/products/00694969.n_1.png.webp HTTP/1.1" 404 9640
WARNING 2025-05-29 12:12:38,687 basehttp "GET /media/products/01742391.n_1.png.webp HTTP/1.1" 404 9640
WARNING 2025-05-29 12:12:38,694 log Not Found: /media/products/02102474.n_1.png.webp
WARNING 2025-05-29 12:12:38,694 basehttp "GET /media/products/00023129.n_1.png.webp HTTP/1.1" 404 9640
WARNING 2025-05-29 12:12:38,703 log Not Found: /media/products/a8cc84e69b221875b8e38df008db2309.webp
WARNING 2025-05-29 12:12:38,705 basehttp "GET /media/products/5b2483c39a1cc005bd5344e76b555e95.webp HTTP/1.1" 404 9704
WARNING 2025-05-29 12:12:38,708 basehttp "GET /media/products/02102474.n_1.png.webp HTTP/1.1" 404 9640
WARNING 2025-05-29 12:12:38,718 log Not Found: /media/products/00997603.n_1.png.webp
WARNING 2025-05-29 12:12:38,727 log Not Found: /media/products/00975722.n_1.png.webp
WARNING 2025-05-29 12:12:38,735 log Not Found: /media/products/00189563.n_1.png.webp
WARNING 2025-05-29 12:12:38,736 basehttp "GET /media/products/a8cc84e69b221875b8e38df008db2309.webp HTTP/1.1" 404 9704
WARNING 2025-05-29 12:12:38,737 basehttp "GET /media/products/00997603.n_1.png.webp HTTP/1.1" 404 9640
WARNING 2025-05-29 12:12:38,737 basehttp "GET /media/products/00975722.n_1.png.webp HTTP/1.1" 404 9640
WARNING 2025-05-29 12:12:38,738 basehttp "GET /media/products/00189563.n_1.png.webp HTTP/1.1" 404 9640
INFO 2025-05-29 12:12:41,690 basehttp "GET /products/edit/7/ HTTP/1.1" 200 4192
WARNING 2025-05-29 12:12:41,757 log Not Found: /media/products/00879807.n_1.png.webp
WARNING 2025-05-29 12:12:41,758 basehttp "GET /media/products/00879807.n_1.png.webp HTTP/1.1" 404 9640
INFO 2025-05-29 12:12:55,951 basehttp "POST /products/edit/7/ HTTP/1.1" 302 0
INFO 2025-05-29 12:12:56,009 basehttp "GET /products/ HTTP/1.1" 200 13098
INFO 2025-05-29 12:12:56,064 basehttp "GET /media/products/01517118.n_1.png.webp HTTP/1.1" 304 0
INFO 2025-05-29 12:12:56,075 basehttp "GET /media/products/01329525.n_1.png.webp HTTP/1.1" 304 0
WARNING 2025-05-29 12:12:56,082 log Not Found: /media/products/Grilyazh_na_arakhise.webp
INFO 2025-05-29 12:12:56,087 basehttp "GET /media/products/Aeroflotskie_35_gr.webp HTTP/1.1" 304 0
WARNING 2025-05-29 12:12:56,089 log Not Found: /media/products/00031070.n_1_1000x1000.png.webp
WARNING 2025-05-29 12:12:56,091 basehttp "GET /media/products/Grilyazh_na_arakhise.webp HTTP/1.1" 404 9656
INFO 2025-05-29 12:12:56,092 basehttp "GET /media/products/00879807.n_1.png.webp HTTP/1.1" 200 10796
WARNING 2025-05-29 12:12:56,092 basehttp "GET /media/products/00031070.n_1_1000x1000.png.webp HTTP/1.1" 404 9680
WARNING 2025-05-29 12:12:56,105 log Not Found: /media/products/20200623220617_kuznechik.png
WARNING 2025-05-29 12:12:56,122 log Not Found: /media/products/00972854_k6iCBT3.n_1.png.webp
WARNING 2025-05-29 12:12:56,132 log Not Found: /media/products/00694969.n_1.png.webp
WARNING 2025-05-29 12:12:56,133 basehttp "GET /media/products/00972854_k6iCBT3.n_1.png.webp HTTP/1.1" 404 9672
WARNING 2025-05-29 12:12:56,141 log Not Found: /media/products/00694030.n_1.png.webp
WARNING 2025-05-29 12:12:56,144 basehttp "GET /media/products/20200623220617_kuznechik.png HTTP/1.1" 404 9668
WARNING 2025-05-29 12:12:56,150 log Not Found: /media/products/02102477.n_1.png.webp
WARNING 2025-05-29 12:12:56,151 log Not Found: /media/products/01742391.n_1.png.webp
WARNING 2025-05-29 12:12:56,152 basehttp "GET /media/products/00694969.n_1.png.webp HTTP/1.1" 404 9640
WARNING 2025-05-29 12:12:56,154 basehttp "GET /media/products/00694030.n_1.png.webp HTTP/1.1" 404 9640
WARNING 2025-05-29 12:12:56,163 log Not Found: /media/products/00023129.n_1.png.webp
WARNING 2025-05-29 12:12:56,164 basehttp "GET /media/products/02102477.n_1.png.webp HTTP/1.1" 404 9640
WARNING 2025-05-29 12:12:56,174 log Not Found: /media/products/5b2483c39a1cc005bd5344e76b555e95.webp
WARNING 2025-05-29 12:12:56,176 basehttp "GET /media/products/01742391.n_1.png.webp HTTP/1.1" 404 9640
WARNING 2025-05-29 12:12:56,193 log Not Found: /media/products/a8cc84e69b221875b8e38df008db2309.webp
WARNING 2025-05-29 12:12:56,194 log Not Found: /media/products/02102474.n_1.png.webp
WARNING 2025-05-29 12:12:56,194 basehttp "GET /media/products/00023129.n_1.png.webp HTTP/1.1" 404 9640
WARNING 2025-05-29 12:12:56,197 basehttp "GET /media/products/5b2483c39a1cc005bd5344e76b555e95.webp HTTP/1.1" 404 9704
WARNING 2025-05-29 12:12:56,209 log Not Found: /media/products/00997603.n_1.png.webp
WARNING 2025-05-29 12:12:56,213 log Not Found: /media/products/00975722.n_1.png.webp
WARNING 2025-05-29 12:12:56,214 basehttp "GET /media/products/02102474.n_1.png.webp HTTP/1.1" 404 9640
WARNING 2025-05-29 12:12:56,214 basehttp "GET /media/products/a8cc84e69b221875b8e38df008db2309.webp HTTP/1.1" 404 9704
WARNING 2025-05-29 12:12:56,225 log Not Found: /media/products/00189563.n_1.png.webp
WARNING 2025-05-29 12:12:56,225 basehttp "GET /media/products/00997603.n_1.png.webp HTTP/1.1" 404 9640
WARNING 2025-05-29 12:12:56,226 basehttp "GET /media/products/00975722.n_1.png.webp HTTP/1.1" 404 9640
WARNING 2025-05-29 12:12:56,227 basehttp "GET /media/products/00189563.n_1.png.webp HTTP/1.1" 404 9640
INFO 2025-05-29 12:13:01,244 basehttp "GET /products/edit/4/ HTTP/1.1" 200 4193
WARNING 2025-05-29 12:13:01,305 log Not Found: /media/products/00189563.n_1.png.webp
WARNING 2025-05-29 12:13:01,306 basehttp "GET /media/products/00189563.n_1.png.webp HTTP/1.1" 404 9640
INFO 2025-05-29 12:13:07,773 basehttp "POST /products/edit/4/ HTTP/1.1" 302 0
INFO 2025-05-29 12:13:07,828 basehttp "GET /products/ HTTP/1.1" 200 13098
INFO 2025-05-29 12:13:07,878 basehttp "GET /media/products/01517118.n_1.png.webp HTTP/1.1" 304 0
INFO 2025-05-29 12:13:07,879 basehttp "GET /media/products/00879807.n_1.png.webp HTTP/1.1" 304 0
INFO 2025-05-29 12:13:07,879 basehttp "GET /media/products/Aeroflotskie_35_gr.webp HTTP/1.1" 304 0
INFO 2025-05-29 12:13:07,880 basehttp "GET /media/products/01329525.n_1.png.webp HTTP/1.1" 304 0
WARNING 2025-05-29 12:13:07,887 log Not Found: /media/products/Grilyazh_na_arakhise.webp
WARNING 2025-05-29 12:13:07,895 log Not Found: /media/products/00031070.n_1_1000x1000.png.webp
WARNING 2025-05-29 12:13:07,897 basehttp "GET /media/products/Grilyazh_na_arakhise.webp HTTP/1.1" 404 9656
WARNING 2025-05-29 12:13:07,897 basehttp "GET /media/products/00031070.n_1_1000x1000.png.webp HTTP/1.1" 404 9680
WARNING 2025-05-29 12:13:07,924 log Not Found: /media/products/00972854_k6iCBT3.n_1.png.webp
WARNING 2025-05-29 12:13:07,934 log Not Found: /media/products/20200623220617_kuznechik.png
WARNING 2025-05-29 12:13:07,937 basehttp "GET /media/products/00972854_k6iCBT3.n_1.png.webp HTTP/1.1" 404 9672
WARNING 2025-05-29 12:13:07,952 log Not Found: /media/products/01742391.n_1.png.webp
WARNING 2025-05-29 12:13:07,954 log Not Found: /media/products/00694030.n_1.png.webp
WARNING 2025-05-29 12:13:07,955 basehttp "GET /media/products/20200623220617_kuznechik.png HTTP/1.1" 404 9668
WARNING 2025-05-29 12:13:07,967 log Not Found: /media/products/00694969.n_1.png.webp
WARNING 2025-05-29 12:13:07,973 log Not Found: /media/products/02102477.n_1.png.webp
WARNING 2025-05-29 12:13:07,975 basehttp "GET /media/products/01742391.n_1.png.webp HTTP/1.1" 404 9640
WARNING 2025-05-29 12:13:07,983 log Not Found: /media/products/00023129.n_1.png.webp
WARNING 2025-05-29 12:13:07,985 basehttp "GET /media/products/00694030.n_1.png.webp HTTP/1.1" 404 9640
WARNING 2025-05-29 12:13:07,986 basehttp "GET /media/products/00694969.n_1.png.webp HTTP/1.1" 404 9640
WARNING 2025-05-29 12:13:07,996 log Not Found: /media/products/5b2483c39a1cc005bd5344e76b555e95.webp
WARNING 2025-05-29 12:13:07,997 basehttp "GET /media/products/02102477.n_1.png.webp HTTP/1.1" 404 9640
WARNING 2025-05-29 12:13:07,998 basehttp "GET /media/products/00023129.n_1.png.webp HTTP/1.1" 404 9640
WARNING 2025-05-29 12:13:08,010 log Not Found: /media/products/a8cc84e69b221875b8e38df008db2309.webp
WARNING 2025-05-29 12:13:08,013 basehttp "GET /media/products/5b2483c39a1cc005bd5344e76b555e95.webp HTTP/1.1" 404 9704
WARNING 2025-05-29 12:13:08,021 log Not Found: /media/products/02102474.n_1.png.webp
WARNING 2025-05-29 12:13:08,029 log Not Found: /media/products/00997603.n_1.png.webp
WARNING 2025-05-29 12:13:08,037 log Not Found: /media/products/00975722.n_1.png.webp
WARNING 2025-05-29 12:13:08,039 basehttp "GET /media/products/a8cc84e69b221875b8e38df008db2309.webp HTTP/1.1" 404 9704
WARNING 2025-05-29 12:13:08,039 basehttp "GET /media/products/02102474.n_1.png.webp HTTP/1.1" 404 9640
WARNING 2025-05-29 12:13:08,041 basehttp "GET /media/products/00997603.n_1.png.webp HTTP/1.1" 404 9640
WARNING 2025-05-29 12:13:08,041 basehttp "GET /media/products/00975722.n_1.png.webp HTTP/1.1" 404 9640
INFO 2025-05-29 12:13:08,042 basehttp "GET /media/products/00189563.n_1.png.webp HTTP/1.1" 200 6198
INFO 2025-05-29 12:13:11,252 basehttp "GET /products/edit/9/ HTTP/1.1" 200 4207
WARNING 2025-05-29 12:13:11,322 log Not Found: /media/products/00975722.n_1.png.webp
WARNING 2025-05-29 12:13:11,322 basehttp "GET /media/products/00975722.n_1.png.webp HTTP/1.1" 404 9640
INFO 2025-05-29 12:13:25,641 basehttp "POST /products/edit/9/ HTTP/1.1" 302 0
INFO 2025-05-29 12:13:25,706 basehttp "GET /products/ HTTP/1.1" 200 13098
INFO 2025-05-29 12:13:25,758 basehttp "GET /media/products/01517118.n_1.png.webp HTTP/1.1" 304 0
INFO 2025-05-29 12:13:25,767 basehttp "GET /media/products/01329525.n_1.png.webp HTTP/1.1" 304 0
WARNING 2025-05-29 12:13:25,776 log Not Found: /media/products/00031070.n_1_1000x1000.png.webp
INFO 2025-05-29 12:13:25,776 basehttp "GET /media/products/Aeroflotskie_35_gr.webp HTTP/1.1" 304 0
INFO 2025-05-29 12:13:25,776 basehttp "GET /media/products/00879807.n_1.png.webp HTTP/1.1" 304 0
WARNING 2025-05-29 12:13:25,784 log Not Found: /media/products/Grilyazh_na_arakhise.webp
WARNING 2025-05-29 12:13:25,785 basehttp "GET /media/products/00031070.n_1_1000x1000.png.webp HTTP/1.1" 404 9680
WARNING 2025-05-29 12:13:25,786 basehttp "GET /media/products/Grilyazh_na_arakhise.webp HTTP/1.1" 404 9656
WARNING 2025-05-29 12:13:25,813 log Not Found: /media/products/00694030.n_1.png.webp
WARNING 2025-05-29 12:13:25,818 log Not Found: /media/products/20200623220617_kuznechik.png
WARNING 2025-05-29 12:13:25,829 log Not Found: /media/products/00972854_k6iCBT3.n_1.png.webp
WARNING 2025-05-29 12:13:25,835 log Not Found: /media/products/00694969.n_1.png.webp
WARNING 2025-05-29 12:13:25,835 basehttp "GET /media/products/00694030.n_1.png.webp HTTP/1.1" 404 9640
WARNING 2025-05-29 12:13:25,836 basehttp "GET /media/products/00972854_k6iCBT3.n_1.png.webp HTTP/1.1" 404 9672
WARNING 2025-05-29 12:13:25,838 basehttp "GET /media/products/20200623220617_kuznechik.png HTTP/1.1" 404 9668
WARNING 2025-05-29 12:13:25,846 log Not Found: /media/products/01742391.n_1.png.webp
WARNING 2025-05-29 12:13:25,847 basehttp "GET /media/products/00694969.n_1.png.webp HTTP/1.1" 404 9640
WARNING 2025-05-29 12:13:25,856 log Not Found: /media/products/02102477.n_1.png.webp
WARNING 2025-05-29 12:13:25,864 log Not Found: /media/products/00023129.n_1.png.webp
WARNING 2025-05-29 12:13:25,867 basehttp "GET /media/products/01742391.n_1.png.webp HTTP/1.1" 404 9640
WARNING 2025-05-29 12:13:25,875 log Not Found: /media/products/a8cc84e69b221875b8e38df008db2309.webp
WARNING 2025-05-29 12:13:25,875 basehttp "GET /media/products/02102477.n_1.png.webp HTTP/1.1" 404 9640
WARNING 2025-05-29 12:13:25,883 log Not Found: /media/products/5b2483c39a1cc005bd5344e76b555e95.webp
WARNING 2025-05-29 12:13:25,888 log Not Found: /media/products/02102474.n_1.png.webp
WARNING 2025-05-29 12:13:25,889 basehttp "GET /media/products/00023129.n_1.png.webp HTTP/1.1" 404 9640
WARNING 2025-05-29 12:13:25,889 basehttp "GET /media/products/a8cc84e69b221875b8e38df008db2309.webp HTTP/1.1" 404 9704
WARNING 2025-05-29 12:13:25,893 basehttp "GET /media/products/5b2483c39a1cc005bd5344e76b555e95.webp HTTP/1.1" 404 9704
WARNING 2025-05-29 12:13:25,893 basehttp "GET /media/products/02102474.n_1.png.webp HTTP/1.1" 404 9640
WARNING 2025-05-29 12:13:25,903 log Not Found: /media/products/00997603.n_1.png.webp
INFO 2025-05-29 12:13:25,904 basehttp "GET /media/products/00975722.n_1.png.webp HTTP/1.1" 200 5820
INFO 2025-05-29 12:13:25,905 basehttp "GET /media/products/00189563.n_1.png.webp HTTP/1.1" 304 0
WARNING 2025-05-29 12:13:25,906 basehttp "GET /media/products/00997603.n_1.png.webp HTTP/1.1" 404 9640
INFO 2025-05-29 12:13:30,952 basehttp "GET /products/edit/10/ HTTP/1.1" 200 4185
WARNING 2025-05-29 12:13:31,015 log Not Found: /media/products/00997603.n_1.png.webp
WARNING 2025-05-29 12:13:31,016 basehttp "GET /media/products/00997603.n_1.png.webp HTTP/1.1" 404 9640
INFO 2025-05-29 12:13:37,331 basehttp "POST /products/edit/10/ HTTP/1.1" 302 0
INFO 2025-05-29 12:13:37,388 basehttp "GET /products/ HTTP/1.1" 200 13098
INFO 2025-05-29 12:13:37,448 basehttp "GET /media/products/01517118.n_1.png.webp HTTP/1.1" 304 0
INFO 2025-05-29 12:13:37,449 basehttp "GET /media/products/01329525.n_1.png.webp HTTP/1.1" 304 0
INFO 2025-05-29 12:13:37,451 basehttp "GET /media/products/Aeroflotskie_35_gr.webp HTTP/1.1" 304 0
WARNING 2025-05-29 12:13:37,459 log Not Found: /media/products/Grilyazh_na_arakhise.webp
INFO 2025-05-29 12:13:37,460 basehttp "GET /media/products/00879807.n_1.png.webp HTTP/1.1" 304 0
WARNING 2025-05-29 12:13:37,467 log Not Found: /media/products/00031070.n_1_1000x1000.png.webp
WARNING 2025-05-29 12:13:37,468 basehttp "GET /media/products/Grilyazh_na_arakhise.webp HTTP/1.1" 404 9656
WARNING 2025-05-29 12:13:37,469 basehttp "GET /media/products/00031070.n_1_1000x1000.png.webp HTTP/1.1" 404 9680
WARNING 2025-05-29 12:13:37,488 log Not Found: /media/products/20200623220617_kuznechik.png
WARNING 2025-05-29 12:13:37,500 log Not Found: /media/products/00694969.n_1.png.webp
WARNING 2025-05-29 12:13:37,508 log Not Found: /media/products/00694030.n_1.png.webp
WARNING 2025-05-29 12:13:37,509 basehttp "GET /media/products/00694969.n_1.png.webp HTTP/1.1" 404 9640
WARNING 2025-05-29 12:13:37,515 log Not Found: /media/products/02102477.n_1.png.webp
WARNING 2025-05-29 12:13:37,524 log Not Found: /media/products/01742391.n_1.png.webp
WARNING 2025-05-29 12:13:37,533 log Not Found: /media/products/00972854_k6iCBT3.n_1.png.webp
WARNING 2025-05-29 12:13:37,533 basehttp "GET /media/products/00694030.n_1.png.webp HTTP/1.1" 404 9640
WARNING 2025-05-29 12:13:37,535 basehttp "GET /media/products/20200623220617_kuznechik.png HTTP/1.1" 404 9668
WARNING 2025-05-29 12:13:37,537 basehttp "GET /media/products/02102477.n_1.png.webp HTTP/1.1" 404 9640
WARNING 2025-05-29 12:13:37,538 basehttp "GET /media/products/01742391.n_1.png.webp HTTP/1.1" 404 9640
WARNING 2025-05-29 12:13:37,546 log Not Found: /media/products/00023129.n_1.png.webp
WARNING 2025-05-29 12:13:37,551 basehttp "GET /media/products/00972854_k6iCBT3.n_1.png.webp HTTP/1.1" 404 9672
WARNING 2025-05-29 12:13:37,569 log Not Found: /media/products/02102474.n_1.png.webp
WARNING 2025-05-29 12:13:37,573 log Not Found: /media/products/a8cc84e69b221875b8e38df008db2309.webp
WARNING 2025-05-29 12:13:37,581 log Not Found: /media/products/5b2483c39a1cc005bd5344e76b555e95.webp
INFO 2025-05-29 12:13:37,582 basehttp "GET /media/products/00975722.n_1.png.webp HTTP/1.1" 304 0
WARNING 2025-05-29 12:13:37,583 basehttp "GET /media/products/00023129.n_1.png.webp HTTP/1.1" 404 9640
WARNING 2025-05-29 12:13:37,583 basehttp "GET /media/products/a8cc84e69b221875b8e38df008db2309.webp HTTP/1.1" 404 9704
WARNING 2025-05-29 12:13:37,584 basehttp "GET /media/products/5b2483c39a1cc005bd5344e76b555e95.webp HTTP/1.1" 404 9704
WARNING 2025-05-29 12:13:37,584 basehttp "GET /media/products/02102474.n_1.png.webp HTTP/1.1" 404 9640
INFO 2025-05-29 12:13:37,589 basehttp "GET /media/products/00189563.n_1.png.webp HTTP/1.1" 304 0
INFO 2025-05-29 12:13:37,601 basehttp "GET /media/products/00997603.n_1.png.webp HTTP/1.1" 200 8920
INFO 2025-05-29 12:13:40,225 basehttp "GET /products/edit/3/ HTTP/1.1" 200 4220
WARNING 2025-05-29 12:13:40,284 log Not Found: /media/products/00031070.n_1_1000x1000.png.webp
WARNING 2025-05-29 12:13:40,285 basehttp "GET /media/products/00031070.n_1_1000x1000.png.webp HTTP/1.1" 404 9680
INFO 2025-05-29 12:13:48,190 basehttp "POST /products/edit/3/ HTTP/1.1" 302 0
INFO 2025-05-29 12:13:48,252 basehttp "GET /products/ HTTP/1.1" 200 13098
INFO 2025-05-29 12:13:48,324 basehttp "GET /media/products/01517118.n_1.png.webp HTTP/1.1" 304 0
INFO 2025-05-29 12:13:48,349 basehttp "GET /media/products/01329525.n_1.png.webp HTTP/1.1" 304 0
INFO 2025-05-29 12:13:48,349 basehttp "GET /media/products/Aeroflotskie_35_gr.webp HTTP/1.1" 304 0
WARNING 2025-05-29 12:13:48,355 log Not Found: /media/products/Grilyazh_na_arakhise.webp
WARNING 2025-05-29 12:13:48,369 log Not Found: /media/products/20200623220617_kuznechik.png
INFO 2025-05-29 12:13:48,369 basehttp "GET /media/products/00879807.n_1.png.webp HTTP/1.1" 304 0
WARNING 2025-05-29 12:13:48,373 basehttp "GET /media/products/Grilyazh_na_arakhise.webp HTTP/1.1" 404 9656
WARNING 2025-05-29 12:13:48,381 log Not Found: /media/products/00694030.n_1.png.webp
WARNING 2025-05-29 12:13:48,381 basehttp "GET /media/products/20200623220617_kuznechik.png HTTP/1.1" 404 9668
WARNING 2025-05-29 12:13:48,391 log Not Found: /media/products/00972854_k6iCBT3.n_1.png.webp
WARNING 2025-05-29 12:13:48,404 log Not Found: /media/products/00694969.n_1.png.webp
WARNING 2025-05-29 12:13:48,405 basehttp "GET /media/products/00694030.n_1.png.webp HTTP/1.1" 404 9640
WARNING 2025-05-29 12:13:48,406 basehttp "GET /media/products/00972854_k6iCBT3.n_1.png.webp HTTP/1.1" 404 9672
WARNING 2025-05-29 12:13:48,416 log Not Found: /media/products/02102477.n_1.png.webp
INFO 2025-05-29 12:13:48,417 basehttp "GET /media/products/00031070.n_1_1000x1000.png.webp HTTP/1.1" 200 41182
WARNING 2025-05-29 12:13:48,419 basehttp "GET /media/products/00694969.n_1.png.webp HTTP/1.1" 404 9640
WARNING 2025-05-29 12:13:48,429 log Not Found: /media/products/01742391.n_1.png.webp
WARNING 2025-05-29 12:13:48,439 log Not Found: /media/products/a8cc84e69b221875b8e38df008db2309.webp
WARNING 2025-05-29 12:13:48,443 basehttp "GET /media/products/02102477.n_1.png.webp HTTP/1.1" 404 9640
WARNING 2025-05-29 12:13:48,450 log Not Found: /media/products/5b2483c39a1cc005bd5344e76b555e95.webp
WARNING 2025-05-29 12:13:48,452 basehttp "GET /media/products/01742391.n_1.png.webp HTTP/1.1" 404 9640
WARNING 2025-05-29 12:13:48,462 log Not Found: /media/products/00023129.n_1.png.webp
WARNING 2025-05-29 12:13:48,472 log Not Found: /media/products/02102474.n_1.png.webp
WARNING 2025-05-29 12:13:48,473 basehttp "GET /media/products/a8cc84e69b221875b8e38df008db2309.webp HTTP/1.1" 404 9704
INFO 2025-05-29 12:13:48,474 basehttp "GET /media/products/00997603.n_1.png.webp HTTP/1.1" 304 0
WARNING 2025-05-29 12:13:48,477 basehttp "GET /media/products/5b2483c39a1cc005bd5344e76b555e95.webp HTTP/1.1" 404 9704
WARNING 2025-05-29 12:13:48,477 basehttp "GET /media/products/00023129.n_1.png.webp HTTP/1.1" 404 9640
WARNING 2025-05-29 12:13:48,479 basehttp "GET /media/products/02102474.n_1.png.webp HTTP/1.1" 404 9640
INFO 2025-05-29 12:13:48,481 basehttp "GET /media/products/00975722.n_1.png.webp HTTP/1.1" 304 0
INFO 2025-05-29 12:13:48,483 basehttp "GET /media/products/00189563.n_1.png.webp HTTP/1.1" 304 0
INFO 2025-05-29 12:13:50,669 basehttp "GET /products/edit/19/ HTTP/1.1" 200 4202
WARNING 2025-05-29 12:13:50,722 log Not Found: /media/products/Grilyazh_na_arakhise.webp
WARNING 2025-05-29 12:13:50,723 basehttp "GET /media/products/Grilyazh_na_arakhise.webp HTTP/1.1" 404 9656
INFO 2025-05-29 12:14:04,115 basehttp "POST /products/edit/19/ HTTP/1.1" 302 0
INFO 2025-05-29 12:14:04,175 basehttp "GET /products/ HTTP/1.1" 200 13098
INFO 2025-05-29 12:14:04,227 basehttp "GET /media/products/01517118.n_1.png.webp HTTP/1.1" 304 0
INFO 2025-05-29 12:14:04,234 basehttp "GET /media/products/01329525.n_1.png.webp HTTP/1.1" 304 0
INFO 2025-05-29 12:14:04,235 basehttp "GET /media/products/00031070.n_1_1000x1000.png.webp HTTP/1.1" 304 0
INFO 2025-05-29 12:14:04,235 basehttp "GET /media/products/00879807.n_1.png.webp HTTP/1.1" 304 0
INFO 2025-05-29 12:14:04,236 basehttp "GET /media/products/Aeroflotskie_35_gr.webp HTTP/1.1" 304 0
INFO 2025-05-29 12:14:04,251 basehttp "GET /media/products/Grilyazh_na_arakhise.webp HTTP/1.1" 200 46544
WARNING 2025-05-29 12:14:04,274 log Not Found: /media/products/20200623220617_kuznechik.png
WARNING 2025-05-29 12:14:04,284 basehttp "GET /media/products/20200623220617_kuznechik.png HTTP/1.1" 404 9668
WARNING 2025-05-29 12:14:04,296 log Not Found: /media/products/00972854_k6iCBT3.n_1.png.webp
WARNING 2025-05-29 12:14:04,302 log Not Found: /media/products/00694969.n_1.png.webp
WARNING 2025-05-29 12:14:04,309 log Not Found: /media/products/01742391.n_1.png.webp
WARNING 2025-05-29 12:14:04,315 log Not Found: /media/products/00694030.n_1.png.webp
WARNING 2025-05-29 12:14:04,324 log Not Found: /media/products/02102477.n_1.png.webp
WARNING 2025-05-29 12:14:04,325 basehttp "GET /media/products/00972854_k6iCBT3.n_1.png.webp HTTP/1.1" 404 9672
WARNING 2025-05-29 12:14:04,334 log Not Found: /media/products/00023129.n_1.png.webp
WARNING 2025-05-29 12:14:04,327 basehttp "GET /media/products/00694969.n_1.png.webp HTTP/1.1" 404 9640
WARNING 2025-05-29 12:14:04,335 basehttp "GET /media/products/01742391.n_1.png.webp HTTP/1.1" 404 9640
WARNING 2025-05-29 12:14:04,336 basehttp "GET /media/products/00694030.n_1.png.webp HTTP/1.1" 404 9640
WARNING 2025-05-29 12:14:04,340 basehttp "GET /media/products/02102477.n_1.png.webp HTTP/1.1" 404 9640
WARNING 2025-05-29 12:14:04,342 basehttp "GET /media/products/00023129.n_1.png.webp HTTP/1.1" 404 9640
WARNING 2025-05-29 12:14:04,353 log Not Found: /media/products/5b2483c39a1cc005bd5344e76b555e95.webp
WARNING 2025-05-29 12:14:04,363 log Not Found: /media/products/02102474.n_1.png.webp
WARNING 2025-05-29 12:14:04,371 log Not Found: /media/products/a8cc84e69b221875b8e38df008db2309.webp
INFO 2025-05-29 12:14:04,373 basehttp "GET /media/products/00975722.n_1.png.webp HTTP/1.1" 304 0
WARNING 2025-05-29 12:14:04,373 basehttp "GET /media/products/5b2483c39a1cc005bd5344e76b555e95.webp HTTP/1.1" 404 9704
INFO 2025-05-29 12:14:04,373 basehttp "GET /media/products/00997603.n_1.png.webp HTTP/1.1" 304 0
INFO 2025-05-29 12:14:04,374 basehttp "GET /media/products/00189563.n_1.png.webp HTTP/1.1" 304 0
WARNING 2025-05-29 12:14:04,375 basehttp "GET /media/products/02102474.n_1.png.webp HTTP/1.1" 404 9640
WARNING 2025-05-29 12:14:04,376 basehttp "GET /media/products/a8cc84e69b221875b8e38df008db2309.webp HTTP/1.1" 404 9704
INFO 2025-05-29 12:14:08,589 basehttp "GET /products/edit/19/ HTTP/1.1" 200 4202
INFO 2025-05-29 12:14:08,642 basehttp "GET /media/products/Grilyazh_na_arakhise.webp HTTP/1.1" 304 0
INFO 2025-05-29 12:14:11,082 basehttp "GET /products/ HTTP/1.1" 200 13098
INFO 2025-05-29 12:14:11,145 basehttp "GET /media/products/00879807.n_1.png.webp HTTP/1.1" 304 0
INFO 2025-05-29 12:14:11,145 basehttp "GET /media/products/Grilyazh_na_arakhise.webp HTTP/1.1" 304 0
WARNING 2025-05-29 12:14:11,152 log Not Found: /media/products/00694030.n_1.png.webp
INFO 2025-05-29 12:14:11,152 basehttp "GET /media/products/00031070.n_1_1000x1000.png.webp HTTP/1.1" 304 0
WARNING 2025-05-29 12:14:11,160 log Not Found: /media/products/00972854_k6iCBT3.n_1.png.webp
WARNING 2025-05-29 12:14:11,170 log Not Found: /media/products/20200623220617_kuznechik.png
WARNING 2025-05-29 12:14:11,176 basehttp "GET /media/products/00694030.n_1.png.webp HTTP/1.1" 404 9640
WARNING 2025-05-29 12:14:11,177 basehttp "GET /media/products/00972854_k6iCBT3.n_1.png.webp HTTP/1.1" 404 9672
WARNING 2025-05-29 12:14:11,192 log Not Found: /media/products/00694969.n_1.png.webp
WARNING 2025-05-29 12:14:11,193 log Not Found: /media/products/01742391.n_1.png.webp
WARNING 2025-05-29 12:14:11,211 log Not Found: /media/products/5b2483c39a1cc005bd5344e76b555e95.webp
WARNING 2025-05-29 12:14:11,215 log Not Found: /media/products/02102477.n_1.png.webp
WARNING 2025-05-29 12:14:11,216 basehttp "GET /media/products/20200623220617_kuznechik.png HTTP/1.1" 404 9668
WARNING 2025-05-29 12:14:11,218 basehttp "GET /media/products/01742391.n_1.png.webp HTTP/1.1" 404 9640
WARNING 2025-05-29 12:14:11,220 basehttp "GET /media/products/00694969.n_1.png.webp HTTP/1.1" 404 9640
WARNING 2025-05-29 12:14:11,226 log Not Found: /media/products/00023129.n_1.png.webp
WARNING 2025-05-29 12:14:11,226 basehttp "GET /media/products/5b2483c39a1cc005bd5344e76b555e95.webp HTTP/1.1" 404 9704
WARNING 2025-05-29 12:14:11,227 basehttp "GET /media/products/02102477.n_1.png.webp HTTP/1.1" 404 9640
WARNING 2025-05-29 12:14:11,235 basehttp "GET /media/products/00023129.n_1.png.webp HTTP/1.1" 404 9640
INFO 2025-05-29 12:14:11,235 basehttp "GET /media/products/00997603.n_1.png.webp HTTP/1.1" 304 0
WARNING 2025-05-29 12:14:11,245 log Not Found: /media/products/a8cc84e69b221875b8e38df008db2309.webp
WARNING 2025-05-29 12:14:11,256 log Not Found: /media/products/02102474.n_1.png.webp
INFO 2025-05-29 12:14:11,258 basehttp "GET /media/products/00975722.n_1.png.webp HTTP/1.1" 304 0
WARNING 2025-05-29 12:14:11,260 basehttp "GET /media/products/02102474.n_1.png.webp HTTP/1.1" 404 9640
INFO 2025-05-29 12:14:11,261 basehttp "GET /media/products/00189563.n_1.png.webp HTTP/1.1" 304 0
WARNING 2025-05-29 12:14:11,262 basehttp "GET /media/products/a8cc84e69b221875b8e38df008db2309.webp HTTP/1.1" 404 9704
INFO 2025-05-29 12:14:16,287 basehttp "GET /products/edit/16/ HTTP/1.1" 200 4213
WARNING 2025-05-29 12:14:16,349 log Not Found: /media/products/20200623220617_kuznechik.png
WARNING 2025-05-29 12:14:16,350 basehttp "GET /media/products/20200623220617_kuznechik.png HTTP/1.1" 404 9668
INFO 2025-05-29 12:14:23,261 basehttp "POST /products/edit/16/ HTTP/1.1" 302 0
INFO 2025-05-29 12:14:23,321 basehttp "GET /products/ HTTP/1.1" 200 13098
INFO 2025-05-29 12:14:23,385 basehttp "GET /media/products/00879807.n_1.png.webp HTTP/1.1" 304 0
INFO 2025-05-29 12:14:23,387 basehttp "GET /media/products/Aeroflotskie_35_gr.webp HTTP/1.1" 304 0
INFO 2025-05-29 12:14:23,387 basehttp "GET /media/products/00031070.n_1_1000x1000.png.webp HTTP/1.1" 304 0
INFO 2025-05-29 12:14:23,387 basehttp "GET /media/products/01329525.n_1.png.webp HTTP/1.1" 304 0
INFO 2025-05-29 12:14:23,388 basehttp "GET /media/products/Grilyazh_na_arakhise.webp HTTP/1.1" 304 0
INFO 2025-05-29 12:14:23,388 basehttp "GET /media/products/01517118.n_1.png.webp HTTP/1.1" 304 0
WARNING 2025-05-29 12:14:23,445 log Not Found: /media/products/00694030.n_1.png.webp
WARNING 2025-05-29 12:14:23,447 log Not Found: /media/products/00694969.n_1.png.webp
WARNING 2025-05-29 12:14:23,453 log Not Found: /media/products/00972854_k6iCBT3.n_1.png.webp
WARNING 2025-05-29 12:14:23,461 log Not Found: /media/products/01742391.n_1.png.webp
WARNING 2025-05-29 12:14:23,466 log Not Found: /media/products/02102477.n_1.png.webp
WARNING 2025-05-29 12:14:23,468 basehttp "GET /media/products/00694030.n_1.png.webp HTTP/1.1" 404 9640
WARNING 2025-05-29 12:14:23,468 basehttp "GET /media/products/00694969.n_1.png.webp HTTP/1.1" 404 9640
WARNING 2025-05-29 12:14:23,470 basehttp "GET /media/products/01742391.n_1.png.webp HTTP/1.1" 404 9640
WARNING 2025-05-29 12:14:23,470 basehttp "GET /media/products/00972854_k6iCBT3.n_1.png.webp HTTP/1.1" 404 9672
WARNING 2025-05-29 12:14:23,470 basehttp "GET /media/products/02102477.n_1.png.webp HTTP/1.1" 404 9640
INFO 2025-05-29 12:14:23,473 basehttp "GET /media/products/20200623220617_kuznechik.png HTTP/1.1" 200 110463
WARNING 2025-05-29 12:14:23,485 log Not Found: /media/products/00023129.n_1.png.webp
WARNING 2025-05-29 12:14:23,492 log Not Found: /media/products/5b2483c39a1cc005bd5344e76b555e95.webp
WARNING 2025-05-29 12:14:23,492 basehttp "GET /media/products/00023129.n_1.png.webp HTTP/1.1" 404 9640
WARNING 2025-05-29 12:14:23,493 basehttp "GET /media/products/5b2483c39a1cc005bd5344e76b555e95.webp HTTP/1.1" 404 9704
INFO 2025-05-29 12:14:23,514 basehttp "GET /media/products/00997603.n_1.png.webp HTTP/1.1" 304 0
INFO 2025-05-29 12:14:23,516 basehttp "GET /media/products/00975722.n_1.png.webp HTTP/1.1" 304 0
WARNING 2025-05-29 12:14:23,526 log Not Found: /media/products/a8cc84e69b221875b8e38df008db2309.webp
WARNING 2025-05-29 12:14:23,531 log Not Found: /media/products/02102474.n_1.png.webp
INFO 2025-05-29 12:14:23,533 basehttp "GET /media/products/00189563.n_1.png.webp HTTP/1.1" 304 0
WARNING 2025-05-29 12:14:23,535 basehttp "GET /media/products/a8cc84e69b221875b8e38df008db2309.webp HTTP/1.1" 404 9704
WARNING 2025-05-29 12:14:23,535 basehttp "GET /media/products/02102474.n_1.png.webp HTTP/1.1" 404 9640
INFO 2025-05-29 12:14:26,293 basehttp "GET /products/edit/8/ HTTP/1.1" 200 4217
WARNING 2025-05-29 12:14:26,358 log Not Found: /media/products/00972854_k6iCBT3.n_1.png.webp
WARNING 2025-05-29 12:14:26,359 basehttp "GET /media/products/00972854_k6iCBT3.n_1.png.webp HTTP/1.1" 404 9672
INFO 2025-05-29 12:14:34,296 basehttp "POST /products/edit/8/ HTTP/1.1" 302 0
INFO 2025-05-29 12:14:34,365 basehttp "GET /products/ HTTP/1.1" 200 13098
INFO 2025-05-29 12:14:34,424 basehttp "GET /media/products/Grilyazh_na_arakhise.webp HTTP/1.1" 304 0
INFO 2025-05-29 12:14:34,424 basehttp "GET /media/products/00879807.n_1.png.webp HTTP/1.1" 304 0
INFO 2025-05-29 12:14:34,425 basehttp "GET /media/products/01329525.n_1.png.webp HTTP/1.1" 304 0
INFO 2025-05-29 12:14:34,425 basehttp "GET /media/products/00031070.n_1_1000x1000.png.webp HTTP/1.1" 304 0
INFO 2025-05-29 12:14:34,425 basehttp "GET /media/products/Aeroflotskie_35_gr.webp HTTP/1.1" 304 0
INFO 2025-05-29 12:14:34,445 basehttp "GET /media/products/20200623220617_kuznechik.png HTTP/1.1" 304 0
WARNING 2025-05-29 12:14:34,468 log Not Found: /media/products/02102477.n_1.png.webp
WARNING 2025-05-29 12:14:34,479 log Not Found: /media/products/01742391.n_1.png.webp
WARNING 2025-05-29 12:14:34,481 basehttp "GET /media/products/02102477.n_1.png.webp HTTP/1.1" 404 9640
WARNING 2025-05-29 12:14:34,491 log Not Found: /media/products/00694969.n_1.png.webp
WARNING 2025-05-29 12:14:34,499 log Not Found: /media/products/00023129.n_1.png.webp
WARNING 2025-05-29 12:14:34,500 basehttp "GET /media/products/01742391.n_1.png.webp HTTP/1.1" 404 9640
WARNING 2025-05-29 12:14:34,505 log Not Found: /media/products/00694030.n_1.png.webp
INFO 2025-05-29 12:14:34,506 basehttp "GET /media/products/00972854_k6iCBT3.n_1.png.webp HTTP/1.1" 200 8094
WARNING 2025-05-29 12:14:34,507 basehttp "GET /media/products/00694969.n_1.png.webp HTTP/1.1" 404 9640
WARNING 2025-05-29 12:14:34,509 basehttp "GET /media/products/00023129.n_1.png.webp HTTP/1.1" 404 9640
WARNING 2025-05-29 12:14:34,519 log Not Found: /media/products/5b2483c39a1cc005bd5344e76b555e95.webp
WARNING 2025-05-29 12:14:34,522 basehttp "GET /media/products/00694030.n_1.png.webp HTTP/1.1" 404 9640
WARNING 2025-05-29 12:14:34,530 log Not Found: /media/products/02102474.n_1.png.webp
WARNING 2025-05-29 12:14:34,539 log Not Found: /media/products/a8cc84e69b221875b8e38df008db2309.webp
WARNING 2025-05-29 12:14:34,540 basehttp "GET /media/products/5b2483c39a1cc005bd5344e76b555e95.webp HTTP/1.1" 404 9704
INFO 2025-05-29 12:14:34,541 basehttp "GET /media/products/00997603.n_1.png.webp HTTP/1.1" 304 0
WARNING 2025-05-29 12:14:34,542 basehttp "GET /media/products/02102474.n_1.png.webp HTTP/1.1" 404 9640
WARNING 2025-05-29 12:14:34,542 basehttp "GET /media/products/a8cc84e69b221875b8e38df008db2309.webp HTTP/1.1" 404 9704
INFO 2025-05-29 12:14:34,546 basehttp "GET /media/products/00975722.n_1.png.webp HTTP/1.1" 304 0
INFO 2025-05-29 12:14:34,552 basehttp "GET /media/products/00189563.n_1.png.webp HTTP/1.1" 304 0
INFO 2025-05-29 12:14:39,130 basehttp "GET /products/edit/5/ HTTP/1.1" 200 4194
WARNING 2025-05-29 12:14:39,191 log Not Found: /media/products/00694030.n_1.png.webp
WARNING 2025-05-29 12:14:39,192 basehttp "GET /media/products/00694030.n_1.png.webp HTTP/1.1" 404 9640
INFO 2025-05-29 12:14:49,112 basehttp "POST /products/edit/5/ HTTP/1.1" 302 0
INFO 2025-05-29 12:14:49,173 basehttp "GET /products/ HTTP/1.1" 200 13098
INFO 2025-05-29 12:14:49,224 basehttp "GET /media/products/01517118.n_1.png.webp HTTP/1.1" 304 0
INFO 2025-05-29 12:14:49,229 basehttp "GET /media/products/00879807.n_1.png.webp HTTP/1.1" 304 0
INFO 2025-05-29 12:14:49,231 basehttp "GET /media/products/01329525.n_1.png.webp HTTP/1.1" 304 0
INFO 2025-05-29 12:14:49,231 basehttp "GET /media/products/Grilyazh_na_arakhise.webp HTTP/1.1" 304 0
INFO 2025-05-29 12:14:49,232 basehttp "GET /media/products/00031070.n_1_1000x1000.png.webp HTTP/1.1" 304 0
INFO 2025-05-29 12:14:49,232 basehttp "GET /media/products/Aeroflotskie_35_gr.webp HTTP/1.1" 304 0
INFO 2025-05-29 12:14:49,258 basehttp "GET /media/products/20200623220617_kuznechik.png HTTP/1.1" 304 0
INFO 2025-05-29 12:14:49,258 basehttp "GET /media/products/00972854_k6iCBT3.n_1.png.webp HTTP/1.1" 304 0
WARNING 2025-05-29 12:14:49,277 log Not Found: /media/products/01742391.n_1.png.webp
WARNING 2025-05-29 12:14:49,294 log Not Found: /media/products/00694969.n_1.png.webp
WARNING 2025-05-29 12:14:49,305 log Not Found: /media/products/5b2483c39a1cc005bd5344e76b555e95.webp
WARNING 2025-05-29 12:14:49,310 log Not Found: /media/products/02102477.n_1.png.webp
WARNING 2025-05-29 12:14:49,312 basehttp "GET /media/products/01742391.n_1.png.webp HTTP/1.1" 404 9640
INFO 2025-05-29 12:14:49,312 basehttp "GET /media/products/00694030.n_1.png.webp HTTP/1.1" 200 7026
WARNING 2025-05-29 12:14:49,320 basehttp "GET /media/products/5b2483c39a1cc005bd5344e76b555e95.webp HTTP/1.1" 404 9704
WARNING 2025-05-29 12:14:49,320 basehttp "GET /media/products/00694969.n_1.png.webp HTTP/1.1" 404 9640
WARNING 2025-05-29 12:14:49,325 log Not Found: /media/products/00023129.n_1.png.webp
WARNING 2025-05-29 12:14:49,326 basehttp "GET /media/products/02102477.n_1.png.webp HTTP/1.1" 404 9640
WARNING 2025-05-29 12:14:49,339 log Not Found: /media/products/a8cc84e69b221875b8e38df008db2309.webp
WARNING 2025-05-29 12:14:49,347 log Not Found: /media/products/02102474.n_1.png.webp
INFO 2025-05-29 12:14:49,348 basehttp "GET /media/products/00975722.n_1.png.webp HTTP/1.1" 304 0
WARNING 2025-05-29 12:14:49,349 basehttp "GET /media/products/00023129.n_1.png.webp HTTP/1.1" 404 9640
INFO 2025-05-29 12:14:49,350 basehttp "GET /media/products/00997603.n_1.png.webp HTTP/1.1" 304 0
WARNING 2025-05-29 12:14:49,350 basehttp "GET /media/products/a8cc84e69b221875b8e38df008db2309.webp HTTP/1.1" 404 9704
INFO 2025-05-29 12:14:49,351 basehttp "GET /media/products/00189563.n_1.png.webp HTTP/1.1" 304 0
WARNING 2025-05-29 12:14:49,352 basehttp "GET /media/products/02102474.n_1.png.webp HTTP/1.1" 404 9640
INFO 2025-05-29 12:14:59,564 basehttp "GET /products/edit/6/ HTTP/1.1" 200 4189
WARNING 2025-05-29 12:14:59,628 log Not Found: /media/products/00694969.n_1.png.webp
WARNING 2025-05-29 12:14:59,630 basehttp "GET /media/products/00694969.n_1.png.webp HTTP/1.1" 404 9640
INFO 2025-05-29 12:15:06,043 basehttp "POST /products/edit/6/ HTTP/1.1" 302 0
INFO 2025-05-29 12:15:06,102 basehttp "GET /products/ HTTP/1.1" 200 13098
INFO 2025-05-29 12:15:06,150 basehttp "GET /media/products/01517118.n_1.png.webp HTTP/1.1" 304 0
INFO 2025-05-29 12:15:06,151 basehttp "GET /media/products/01329525.n_1.png.webp HTTP/1.1" 304 0
INFO 2025-05-29 12:15:06,151 basehttp "GET /media/products/Grilyazh_na_arakhise.webp HTTP/1.1" 304 0
INFO 2025-05-29 12:15:06,152 basehttp "GET /media/products/00879807.n_1.png.webp HTTP/1.1" 304 0
INFO 2025-05-29 12:15:06,152 basehttp "GET /media/products/00031070.n_1_1000x1000.png.webp HTTP/1.1" 304 0
INFO 2025-05-29 12:15:06,153 basehttp "GET /media/products/Aeroflotskie_35_gr.webp HTTP/1.1" 304 0
INFO 2025-05-29 12:15:06,177 basehttp "GET /media/products/20200623220617_kuznechik.png HTTP/1.1" 304 0
INFO 2025-05-29 12:15:06,180 basehttp "GET /media/products/00972854_k6iCBT3.n_1.png.webp HTTP/1.1" 304 0
INFO 2025-05-29 12:15:06,185 basehttp "GET /media/products/00694030.n_1.png.webp HTTP/1.1" 304 0
WARNING 2025-05-29 12:15:06,199 log Not Found: /media/products/01742391.n_1.png.webp
WARNING 2025-05-29 12:15:06,213 log Not Found: /media/products/02102477.n_1.png.webp
WARNING 2025-05-29 12:15:06,221 log Not Found: /media/products/5b2483c39a1cc005bd5344e76b555e95.webp
WARNING 2025-05-29 12:15:06,228 log Not Found: /media/products/00023129.n_1.png.webp
WARNING 2025-05-29 12:15:06,235 log Not Found: /media/products/a8cc84e69b221875b8e38df008db2309.webp
WARNING 2025-05-29 12:15:06,235 basehttp "GET /media/products/01742391.n_1.png.webp HTTP/1.1" 404 9640
WARNING 2025-05-29 12:15:06,237 basehttp "GET /media/products/02102477.n_1.png.webp HTTP/1.1" 404 9640
WARNING 2025-05-29 12:15:06,237 basehttp "GET /media/products/5b2483c39a1cc005bd5344e76b555e95.webp HTTP/1.1" 404 9704
WARNING 2025-05-29 12:15:06,241 basehttp "GET /media/products/a8cc84e69b221875b8e38df008db2309.webp HTTP/1.1" 404 9704
WARNING 2025-05-29 12:15:06,242 basehttp "GET /media/products/00023129.n_1.png.webp HTTP/1.1" 404 9640
INFO 2025-05-29 12:15:06,243 basehttp "GET /media/products/00694969.n_1.png.webp HTTP/1.1" 200 9786
INFO 2025-05-29 12:15:06,246 basehttp "GET /media/products/00997603.n_1.png.webp HTTP/1.1" 304 0
INFO 2025-05-29 12:15:06,248 basehttp "GET /media/products/00975722.n_1.png.webp HTTP/1.1" 304 0
WARNING 2025-05-29 12:15:06,256 log Not Found: /media/products/02102474.n_1.png.webp
INFO 2025-05-29 12:15:06,259 basehttp "GET /media/products/00189563.n_1.png.webp HTTP/1.1" 304 0
WARNING 2025-05-29 12:15:06,259 basehttp "GET /media/products/02102474.n_1.png.webp HTTP/1.1" 404 9640
INFO 2025-05-29 12:15:09,836 basehttp "GET /products/edit/15/ HTTP/1.1" 200 4180
WARNING 2025-05-29 12:15:09,900 log Not Found: /media/products/02102477.n_1.png.webp
WARNING 2025-05-29 12:15:09,901 basehttp "GET /media/products/02102477.n_1.png.webp HTTP/1.1" 404 9640
INFO 2025-05-29 12:15:16,701 basehttp "POST /products/edit/15/ HTTP/1.1" 302 0
INFO 2025-05-29 12:15:16,760 basehttp "GET /products/ HTTP/1.1" 200 13098
INFO 2025-05-29 12:15:16,815 basehttp "GET /media/products/00031070.n_1_1000x1000.png.webp HTTP/1.1" 304 0
INFO 2025-05-29 12:15:16,826 basehttp "GET /media/products/Grilyazh_na_arakhise.webp HTTP/1.1" 304 0
INFO 2025-05-29 12:15:16,827 basehttp "GET /media/products/00694969.n_1.png.webp HTTP/1.1" 304 0
INFO 2025-05-29 12:15:16,828 basehttp "GET /media/products/00972854_k6iCBT3.n_1.png.webp HTTP/1.1" 304 0
INFO 2025-05-29 12:15:16,828 basehttp "GET /media/products/20200623220617_kuznechik.png HTTP/1.1" 304 0
INFO 2025-05-29 12:15:16,829 basehttp "GET /media/products/00694030.n_1.png.webp HTTP/1.1" 304 0
WARNING 2025-05-29 12:15:16,872 log Not Found: /media/products/00023129.n_1.png.webp
WARNING 2025-05-29 12:15:16,878 log Not Found: /media/products/01742391.n_1.png.webp
WARNING 2025-05-29 12:15:16,885 log Not Found: /media/products/5b2483c39a1cc005bd5344e76b555e95.webp
WARNING 2025-05-29 12:15:16,895 log Not Found: /media/products/02102474.n_1.png.webp
WARNING 2025-05-29 12:15:16,902 log Not Found: /media/products/a8cc84e69b221875b8e38df008db2309.webp
WARNING 2025-05-29 12:15:16,903 basehttp "GET /media/products/01742391.n_1.png.webp HTTP/1.1" 404 9640
WARNING 2025-05-29 12:15:16,904 basehttp "GET /media/products/00023129.n_1.png.webp HTTP/1.1" 404 9640
WARNING 2025-05-29 12:15:16,905 basehttp "GET /media/products/02102474.n_1.png.webp HTTP/1.1" 404 9640
INFO 2025-05-29 12:15:16,906 basehttp "GET /media/products/02102477.n_1.png.webp HTTP/1.1" 200 9126
WARNING 2025-05-29 12:15:16,906 basehttp "GET /media/products/5b2483c39a1cc005bd5344e76b555e95.webp HTTP/1.1" 404 9704
WARNING 2025-05-29 12:15:16,907 basehttp "GET /media/products/a8cc84e69b221875b8e38df008db2309.webp HTTP/1.1" 404 9704
INFO 2025-05-29 12:15:16,913 basehttp "GET /media/products/00997603.n_1.png.webp HTTP/1.1" 304 0
INFO 2025-05-29 12:15:16,913 basehttp "GET /media/products/00975722.n_1.png.webp HTTP/1.1" 304 0
INFO 2025-05-29 12:15:21,370 basehttp "GET /products/edit/13/ HTTP/1.1" 200 4186
WARNING 2025-05-29 12:15:21,448 log Not Found: /media/products/01742391.n_1.png.webp
WARNING 2025-05-29 12:15:21,449 basehttp "GET /media/products/01742391.n_1.png.webp HTTP/1.1" 404 9640
INFO 2025-05-29 12:15:28,692 basehttp "POST /products/edit/13/ HTTP/1.1" 302 0
INFO 2025-05-29 12:15:28,749 basehttp "GET /products/ HTTP/1.1" 200 13098
INFO 2025-05-29 12:15:28,803 basehttp "GET /media/products/01329525.n_1.png.webp HTTP/1.1" 304 0
INFO 2025-05-29 12:15:28,804 basehttp "GET /media/products/00031070.n_1_1000x1000.png.webp HTTP/1.1" 304 0
INFO 2025-05-29 12:15:28,805 basehttp "GET /media/products/00879807.n_1.png.webp HTTP/1.1" 304 0
INFO 2025-05-29 12:15:28,805 basehttp "GET /media/products/Aeroflotskie_35_gr.webp HTTP/1.1" 304 0
INFO 2025-05-29 12:15:28,806 basehttp "GET /media/products/Grilyazh_na_arakhise.webp HTTP/1.1" 304 0
INFO 2025-05-29 12:15:28,806 basehttp "GET /media/products/01517118.n_1.png.webp HTTP/1.1" 304 0
INFO 2025-05-29 12:15:28,833 basehttp "GET /media/products/00694030.n_1.png.webp HTTP/1.1" 304 0
INFO 2025-05-29 12:15:28,833 basehttp "GET /media/products/00694969.n_1.png.webp HTTP/1.1" 304 0
INFO 2025-05-29 12:15:28,833 basehttp "GET /media/products/00972854_k6iCBT3.n_1.png.webp HTTP/1.1" 304 0
INFO 2025-05-29 12:15:28,834 basehttp "GET /media/products/20200623220617_kuznechik.png HTTP/1.1" 304 0
INFO 2025-05-29 12:15:28,837 basehttp "GET /media/products/02102477.n_1.png.webp HTTP/1.1" 304 0
INFO 2025-05-29 12:15:28,837 basehttp "GET /media/products/02102474.n_1.png.webp HTTP/1.1" 200 7838
WARNING 2025-05-29 12:15:28,864 log Not Found: /media/products/00023129.n_1.png.webp
INFO 2025-05-29 12:15:28,867 basehttp "GET /media/products/00189563.n_1.png.webp HTTP/1.1" 304 0
INFO 2025-05-29 12:15:28,874 basehttp "GET /media/products/00997603.n_1.png.webp HTTP/1.1" 304 0
WARNING 2025-05-29 12:15:28,874 basehttp "GET /media/products/00023129.n_1.png.webp HTTP/1.1" 404 9640
WARNING 2025-05-29 12:15:28,875 log Not Found: /media/products/5b2483c39a1cc005bd5344e76b555e95.webp
INFO 2025-05-29 12:15:28,877 basehttp "GET /media/products/00975722.n_1.png.webp HTTP/1.1" 304 0
WARNING 2025-05-29 12:15:28,883 log Not Found: /media/products/a8cc84e69b221875b8e38df008db2309.webp
WARNING 2025-05-29 12:15:28,886 basehttp "GET /media/products/5b2483c39a1cc005bd5344e76b555e95.webp HTTP/1.1" 404 9704
WARNING 2025-05-29 12:15:28,887 basehttp "GET /media/products/a8cc84e69b221875b8e38df008db2309.webp HTTP/1.1" 404 9704
INFO 2025-05-29 12:15:40,773 basehttp "GET /products/edit/13/ HTTP/1.1" 200 4186
INFO 2025-05-29 12:15:40,824 basehttp "GET /media/products/02102474.n_1.png.webp HTTP/1.1" 304 0
INFO 2025-05-29 12:15:50,732 basehttp "POST /products/edit/13/ HTTP/1.1" 302 0
INFO 2025-05-29 12:15:50,798 basehttp "GET /products/ HTTP/1.1" 200 13098
INFO 2025-05-29 12:15:50,854 basehttp "GET /media/products/01517118.n_1.png.webp HTTP/1.1" 304 0
INFO 2025-05-29 12:15:50,865 basehttp "GET /media/products/01329525.n_1.png.webp HTTP/1.1" 304 0
INFO 2025-05-29 12:15:50,866 basehttp "GET /media/products/00031070.n_1_1000x1000.png.webp HTTP/1.1" 304 0
INFO 2025-05-29 12:15:50,867 basehttp "GET /media/products/Grilyazh_na_arakhise.webp HTTP/1.1" 304 0
INFO 2025-05-29 12:15:50,868 basehttp "GET /media/products/Aeroflotskie_35_gr.webp HTTP/1.1" 304 0
INFO 2025-05-29 12:15:50,868 basehttp "GET /media/products/00879807.n_1.png.webp HTTP/1.1" 304 0
INFO 2025-05-29 12:15:50,879 basehttp "GET /media/products/20200623220617_kuznechik.png HTTP/1.1" 304 0
INFO 2025-05-29 12:15:50,886 basehttp "GET /media/products/00694030.n_1.png.webp HTTP/1.1" 304 0
INFO 2025-05-29 12:15:50,887 basehttp "GET /media/products/00972854_k6iCBT3.n_1.png.webp HTTP/1.1" 304 0
INFO 2025-05-29 12:15:50,888 basehttp "GET /media/products/00694969.n_1.png.webp HTTP/1.1" 304 0
INFO 2025-05-29 12:15:50,889 basehttp "GET /media/products/02102477.n_1.png.webp HTTP/1.1" 304 0
WARNING 2025-05-29 12:15:50,911 log Not Found: /media/products/00023129.n_1.png.webp
INFO 2025-05-29 12:15:50,922 basehttp "GET /media/products/00997603.n_1.png.webp HTTP/1.1" 304 0
WARNING 2025-05-29 12:15:50,930 log Not Found: /media/products/a8cc84e69b221875b8e38df008db2309.webp
WARNING 2025-05-29 12:15:50,934 log Not Found: /media/products/5b2483c39a1cc005bd5344e76b555e95.webp
WARNING 2025-05-29 12:15:50,934 basehttp "GET /media/products/00023129.n_1.png.webp HTTP/1.1" 404 9640
INFO 2025-05-29 12:15:50,936 basehttp "GET /media/products/02102474.n_1.png.webp HTTP/1.1" 304 0
INFO 2025-05-29 12:15:50,936 basehttp "GET /media/products/01742391.n_1.png.webp HTTP/1.1" 200 9760
INFO 2025-05-29 12:15:50,937 basehttp "GET /media/products/00975722.n_1.png.webp HTTP/1.1" 304 0
WARNING 2025-05-29 12:15:50,938 basehttp "GET /media/products/a8cc84e69b221875b8e38df008db2309.webp HTTP/1.1" 404 9704
WARNING 2025-05-29 12:15:50,938 basehttp "GET /media/products/5b2483c39a1cc005bd5344e76b555e95.webp HTTP/1.1" 404 9704
INFO 2025-05-29 12:15:50,942 basehttp "GET /media/products/00189563.n_1.png.webp HTTP/1.1" 304 0
INFO 2025-05-29 12:15:55,084 basehttp "GET /products/edit/17/ HTTP/1.1" 200 4242
WARNING 2025-05-29 12:15:55,147 log Not Found: /media/products/a8cc84e69b221875b8e38df008db2309.webp
WARNING 2025-05-29 12:15:55,149 basehttp "GET /media/products/a8cc84e69b221875b8e38df008db2309.webp HTTP/1.1" 404 9704
INFO 2025-05-29 12:16:14,640 basehttp "POST /products/edit/17/ HTTP/1.1" 302 0
INFO 2025-05-29 12:16:14,698 basehttp "GET /products/ HTTP/1.1" 200 13098
INFO 2025-05-29 12:16:14,755 basehttp "GET /media/products/01517118.n_1.png.webp HTTP/1.1" 304 0
INFO 2025-05-29 12:16:14,767 basehttp "GET /media/products/00031070.n_1_1000x1000.png.webp HTTP/1.1" 304 0
INFO 2025-05-29 12:16:14,768 basehttp "GET /media/products/Aeroflotskie_35_gr.webp HTTP/1.1" 304 0
INFO 2025-05-29 12:16:14,768 basehttp "GET /media/products/01329525.n_1.png.webp HTTP/1.1" 304 0
INFO 2025-05-29 12:16:14,769 basehttp "GET /media/products/00879807.n_1.png.webp HTTP/1.1" 304 0
INFO 2025-05-29 12:16:14,769 basehttp "GET /media/products/Grilyazh_na_arakhise.webp HTTP/1.1" 304 0
INFO 2025-05-29 12:16:14,786 basehttp "GET /media/products/20200623220617_kuznechik.png HTTP/1.1" 304 0
INFO 2025-05-29 12:16:14,794 basehttp "GET /media/products/00972854_k6iCBT3.n_1.png.webp HTTP/1.1" 304 0
INFO 2025-05-29 12:16:14,798 basehttp "GET /media/products/02102477.n_1.png.webp HTTP/1.1" 304 0
INFO 2025-05-29 12:16:14,798 basehttp "GET /media/products/00694969.n_1.png.webp HTTP/1.1" 304 0
INFO 2025-05-29 12:16:14,799 basehttp "GET /media/products/00694030.n_1.png.webp HTTP/1.1" 304 0
INFO 2025-05-29 12:16:14,799 basehttp "GET /media/products/01742391.n_1.png.webp HTTP/1.1" 304 0
WARNING 2025-05-29 12:16:14,812 log Not Found: /media/products/00023129.n_1.png.webp
INFO 2025-05-29 12:16:14,819 basehttp "GET /media/products/00997603.n_1.png.webp HTTP/1.1" 304 0
INFO 2025-05-29 12:16:14,820 basehttp "GET /media/products/02102474.n_1.png.webp HTTP/1.1" 304 0
INFO 2025-05-29 12:16:14,820 basehttp "GET /media/products/00975722.n_1.png.webp HTTP/1.1" 304 0
WARNING 2025-05-29 12:16:14,824 basehttp "GET /media/products/00023129.n_1.png.webp HTTP/1.1" 404 9640
WARNING 2025-05-29 12:16:14,832 log Not Found: /media/products/5b2483c39a1cc005bd5344e76b555e95.webp
WARNING 2025-05-29 12:16:14,834 basehttp "GET /media/products/5b2483c39a1cc005bd5344e76b555e95.webp HTTP/1.1" 404 9704
INFO 2025-05-29 12:16:14,835 basehttp "GET /media/products/00189563.n_1.png.webp HTTP/1.1" 304 0
INFO 2025-05-29 12:16:14,836 basehttp "GET /media/products/a8cc84e69b221875b8e38df008db2309.webp HTTP/1.1" 200 16794
INFO 2025-05-29 12:16:21,933 basehttp "GET /products/edit/1/ HTTP/1.1" 200 4242
WARNING 2025-05-29 12:16:21,997 log Not Found: /media/products/5b2483c39a1cc005bd5344e76b555e95.webp
WARNING 2025-05-29 12:16:21,998 basehttp "GET /media/products/5b2483c39a1cc005bd5344e76b555e95.webp HTTP/1.1" 404 9704
INFO 2025-05-29 12:16:26,929 basehttp "POST /products/edit/1/ HTTP/1.1" 302 0
INFO 2025-05-29 12:16:26,992 basehttp "GET /products/ HTTP/1.1" 200 13098
INFO 2025-05-29 12:16:27,048 basehttp "GET /media/products/Grilyazh_na_arakhise.webp HTTP/1.1" 304 0
INFO 2025-05-29 12:16:27,065 basehttp "GET /media/products/20200623220617_kuznechik.png HTTP/1.1" 304 0
INFO 2025-05-29 12:16:27,083 basehttp "GET /media/products/00972854_k6iCBT3.n_1.png.webp HTTP/1.1" 304 0
INFO 2025-05-29 12:16:27,083 basehttp "GET /media/products/01742391.n_1.png.webp HTTP/1.1" 304 0
INFO 2025-05-29 12:16:27,084 basehttp "GET /media/products/02102477.n_1.png.webp HTTP/1.1" 304 0
INFO 2025-05-29 12:16:27,086 basehttp "GET /media/products/00694969.n_1.png.webp HTTP/1.1" 304 0
INFO 2025-05-29 12:16:27,087 basehttp "GET /media/products/00694030.n_1.png.webp HTTP/1.1" 304 0
WARNING 2025-05-29 12:16:27,112 log Not Found: /media/products/00023129.n_1.png.webp
INFO 2025-05-29 12:16:27,118 basehttp "GET /media/products/a8cc84e69b221875b8e38df008db2309.webp HTTP/1.1" 304 0
INFO 2025-05-29 12:16:27,120 basehttp "GET /media/products/02102474.n_1.png.webp HTTP/1.1" 304 0
WARNING 2025-05-29 12:16:27,120 basehttp "GET /media/products/00023129.n_1.png.webp HTTP/1.1" 404 9640
INFO 2025-05-29 12:16:27,138 basehttp "GET /media/products/5b2483c39a1cc005bd5344e76b555e95.webp HTTP/1.1" 200 10710
INFO 2025-05-29 12:16:30,679 basehttp "GET /products/edit/2/ HTTP/1.1" 200 4187
WARNING 2025-05-29 12:16:30,744 log Not Found: /media/products/00023129.n_1.png.webp
WARNING 2025-05-29 12:16:30,745 basehttp "GET /media/products/00023129.n_1.png.webp HTTP/1.1" 404 9640
INFO 2025-05-29 12:16:36,095 basehttp "POST /products/edit/2/ HTTP/1.1" 302 0
INFO 2025-05-29 12:16:36,162 basehttp "GET /products/ HTTP/1.1" 200 13098
INFO 2025-05-29 12:16:36,230 basehttp "GET /media/products/01742391.n_1.png.webp HTTP/1.1" 304 0
INFO 2025-05-29 12:16:36,232 basehttp "GET /media/products/02102477.n_1.png.webp HTTP/1.1" 304 0
INFO 2025-05-29 12:16:36,233 basehttp "GET /media/products/Aeroflotskie_35_gr.webp HTTP/1.1" 304 0
INFO 2025-05-29 12:16:36,234 basehttp "GET /media/products/00031070.n_1_1000x1000.png.webp HTTP/1.1" 304 0
INFO 2025-05-29 12:16:36,234 basehttp "GET /media/products/00879807.n_1.png.webp HTTP/1.1" 304 0
INFO 2025-05-29 12:16:36,235 basehttp "GET /media/products/00694969.n_1.png.webp HTTP/1.1" 304 0
INFO 2025-05-29 12:16:36,266 basehttp "GET /media/products/00975722.n_1.png.webp HTTP/1.1" 304 0
INFO 2025-05-29 12:16:36,266 basehttp "GET /media/products/00997603.n_1.png.webp HTTP/1.1" 304 0
INFO 2025-05-29 12:16:36,268 basehttp "GET /media/products/a8cc84e69b221875b8e38df008db2309.webp HTTP/1.1" 304 0
INFO 2025-05-29 12:16:36,268 basehttp "GET /media/products/02102474.n_1.png.webp HTTP/1.1" 304 0
INFO 2025-05-29 12:16:36,269 basehttp "GET /media/products/5b2483c39a1cc005bd5344e76b555e95.webp HTTP/1.1" 304 0
INFO 2025-05-29 12:16:36,270 basehttp "GET /media/products/00023129.n_1.png.webp HTTP/1.1" 200 7300
INFO 2025-05-29 12:16:36,309 basehttp "GET /media/products/00189563.n_1.png.webp HTTP/1.1" 304 0
INFO 2025-05-29 12:20:10,855 autoreload C:\Users\Кирилл\Desktop\353505_HOROSHKO_24\IGI\LR5\shop\views.py changed, reloading.
INFO 2025-05-29 12:20:14,079 autoreload Watching for file changes with StatReloader
INFO 2025-05-29 12:20:29,008 autoreload C:\Users\Кирилл\Desktop\353505_HOROSHKO_24\IGI\LR5\shop\views.py changed, reloading.
INFO 2025-05-29 12:20:30,432 autoreload Watching for file changes with StatReloader
INFO 2025-05-29 12:20:34,894 autoreload C:\Users\Кирилл\Desktop\353505_HOROSHKO_24\IGI\LR5\shop\views.py changed, reloading.
INFO 2025-05-29 12:20:36,875 autoreload Watching for file changes with StatReloader
INFO 2025-05-29 12:20:51,129 autoreload C:\Users\Кирилл\Desktop\353505_HOROSHKO_24\IGI\LR5\shop\forms.py changed, reloading.
INFO 2025-05-29 12:20:52,575 autoreload Watching for file changes with StatReloader
INFO 2025-05-29 12:20:59,803 autoreload C:\Users\Кирилл\Desktop\353505_HOROSHKO_24\IGI\LR5\shop\forms.py changed, reloading.
INFO 2025-05-29 12:21:00,694 autoreload Watching for file changes with StatReloader
INFO 2025-05-29 12:22:03,424 basehttp "GET /products/ HTTP/1.1" 200 13098
INFO 2025-05-29 12:22:03,491 basehttp "GET /media/products/01517118.n_1.png.webp HTTP/1.1" 304 0
INFO 2025-05-29 12:22:03,495 basehttp "GET /media/products/01329525.n_1.png.webp HTTP/1.1" 304 0
INFO 2025-05-29 12:22:03,497 basehttp "GET /media/products/Aeroflotskie_35_gr.webp HTTP/1.1" 304 0
INFO 2025-05-29 12:22:03,497 basehttp "GET /media/products/00879807.n_1.png.webp HTTP/1.1" 304 0
INFO 2025-05-29 12:22:03,499 basehttp "GET /media/products/00031070.n_1_1000x1000.png.webp HTTP/1.1" 304 0
INFO 2025-05-29 12:22:03,500 basehttp "GET /media/products/Grilyazh_na_arakhise.webp HTTP/1.1" 304 0
INFO 2025-05-29 12:22:03,516 basehttp "GET /media/products/00972854_k6iCBT3.n_1.png.webp HTTP/1.1" 304 0
INFO 2025-05-29 12:22:03,517 basehttp "GET /media/products/20200623220617_kuznechik.png HTTP/1.1" 304 0
INFO 2025-05-29 12:22:03,517 basehttp "GET /media/products/02102477.n_1.png.webp HTTP/1.1" 304 0
INFO 2025-05-29 12:22:03,517 basehttp "GET /media/products/00694969.n_1.png.webp HTTP/1.1" 304 0
INFO 2025-05-29 12:22:03,518 basehttp "GET /media/products/00694030.n_1.png.webp HTTP/1.1" 304 0
INFO 2025-05-29 12:22:03,521 basehttp "GET /media/products/01742391.n_1.png.webp HTTP/1.1" 304 0
INFO 2025-05-29 12:22:03,536 basehttp "GET /media/products/00997603.n_1.png.webp HTTP/1.1" 304 0
INFO 2025-05-29 12:22:03,539 basehttp "GET /media/products/02102474.n_1.png.webp HTTP/1.1" 304 0
INFO 2025-05-29 12:22:03,547 basehttp "GET /media/products/a8cc84e69b221875b8e38df008db2309.webp HTTP/1.1" 304 0
INFO 2025-05-29 12:22:03,550 basehttp "GET /media/products/5b2483c39a1cc005bd5344e76b555e95.webp HTTP/1.1" 304 0
INFO 2025-05-29 12:22:03,551 basehttp "GET /media/products/00023129.n_1.png.webp HTTP/1.1" 304 0
INFO 2025-05-29 12:22:03,552 basehttp "GET /media/products/00189563.n_1.png.webp HTTP/1.1" 304 0
INFO 2025-05-29 12:22:03,552 basehttp "GET /media/products/00975722.n_1.png.webp HTTP/1.1" 304 0
ERROR 2025-05-29 12:22:06,955 log Internal Server Error: /reviews/
Traceback (most recent call last):
  File "C:\Users\Кирилл\Desktop\353505_HOROSHKO_24\IGI\LR5\.venv\Lib\site-packages\django\template\smartif.py", line 180, in translate_token
    op = OPERATORS[token]
         ~~~~~~~~~^^^^^^^
KeyError: 'user|has_group:"client"'

During handling of the above exception, another exception occurred:

Traceback (most recent call last):
  File "C:\Users\Кирилл\Desktop\353505_HOROSHKO_24\IGI\LR5\.venv\Lib\site-packages\django\core\handlers\exception.py", line 55, in inner
    response = get_response(request)
  File "C:\Users\Кирилл\Desktop\353505_HOROSHKO_24\IGI\LR5\.venv\Lib\site-packages\django\core\handlers\base.py", line 197, in _get_response
    response = wrapped_callback(request, *callback_args, **callback_kwargs)
  File "C:\Users\Кирилл\Desktop\353505_HOROSHKO_24\IGI\LR5\shop\views.py", line 413, in reviews
    return render(request, 'shop/reviews.html', {'reviews': reviews_list})
  File "C:\Users\Кирилл\Desktop\353505_HOROSHKO_24\IGI\LR5\.venv\Lib\site-packages\django\shortcuts.py", line 25, in render
    content = loader.render_to_string(template_name, context, request, using=using)
  File "C:\Users\Кирилл\Desktop\353505_HOROSHKO_24\IGI\LR5\.venv\Lib\site-packages\django\template\loader.py", line 61, in render_to_string
    template = get_template(template_name, using=using)
  File "C:\Users\Кирилл\Desktop\353505_HOROSHKO_24\IGI\LR5\.venv\Lib\site-packages\django\template\loader.py", line 15, in get_template
    return engine.get_template(template_name)
           ~~~~~~~~~~~~~~~~~~~^^^^^^^^^^^^^^^
  File "C:\Users\Кирилл\Desktop\353505_HOROSHKO_24\IGI\LR5\.venv\Lib\site-packages\django\template\backends\django.py", line 79, in get_template
    return Template(self.engine.get_template(template_name), self)
                    ~~~~~~~~~~~~~~~~~~~~~~~~^^^^^^^^^^^^^^^
  File "C:\Users\Кирилл\Desktop\353505_HOROSHKO_24\IGI\LR5\.venv\Lib\site-packages\django\template\engine.py", line 177, in get_template
    template, origin = self.find_template(template_name)
                       ~~~~~~~~~~~~~~~~~~^^^^^^^^^^^^^^^
  File "C:\Users\Кирилл\Desktop\353505_HOROSHKO_24\IGI\LR5\.venv\Lib\site-packages\django\template\engine.py", line 159, in find_template
    template = loader.get_template(name, skip=skip)
  File "C:\Users\Кирилл\Desktop\353505_HOROSHKO_24\IGI\LR5\.venv\Lib\site-packages\django\template\loaders\cached.py", line 57, in get_template
    template = super().get_template(template_name, skip)
  File "C:\Users\Кирилл\Desktop\353505_HOROSHKO_24\IGI\LR5\.venv\Lib\site-packages\django\template\loaders\base.py", line 28, in get_template
    return Template(
        contents,
    ...<2 lines>...
        self.engine,
    )
  File "C:\Users\Кирилл\Desktop\353505_HOROSHKO_24\IGI\LR5\.venv\Lib\site-packages\django\template\base.py", line 154, in __init__
    self.nodelist = self.compile_nodelist()
                    ~~~~~~~~~~~~~~~~~~~~~^^
  File "C:\Users\Кирилл\Desktop\353505_HOROSHKO_24\IGI\LR5\.venv\Lib\site-packages\django\template\base.py", line 196, in compile_nodelist
    nodelist = parser.parse()
  File "C:\Users\Кирилл\Desktop\353505_HOROSHKO_24\IGI\LR5\.venv\Lib\site-packages\django\template\base.py", line 518, in parse
    raise self.error(token, e)
  File "C:\Users\Кирилл\Desktop\353505_HOROSHKO_24\IGI\LR5\.venv\Lib\site-packages\django\template\base.py", line 516, in parse
    compiled_result = compile_func(self, token)
  File "C:\Users\Кирилл\Desktop\353505_HOROSHKO_24\IGI\LR5\.venv\Lib\site-packages\django\template\loader_tags.py", line 299, in do_extends
    nodelist = parser.parse()
  File "C:\Users\Кирилл\Desktop\353505_HOROSHKO_24\IGI\LR5\.venv\Lib\site-packages\django\template\base.py", line 518, in parse
    raise self.error(token, e)
  File "C:\Users\Кирилл\Desktop\353505_HOROSHKO_24\IGI\LR5\.venv\Lib\site-packages\django\template\base.py", line 516, in parse
    compiled_result = compile_func(self, token)
  File "C:\Users\Кирилл\Desktop\353505_HOROSHKO_24\IGI\LR5\.venv\Lib\site-packages\django\template\loader_tags.py", line 234, in do_block
    nodelist = parser.parse(("endblock",))
  File "C:\Users\Кирилл\Desktop\353505_HOROSHKO_24\IGI\LR5\.venv\Lib\site-packages\django\template\base.py", line 518, in parse
    raise self.error(token, e)
  File "C:\Users\Кирилл\Desktop\353505_HOROSHKO_24\IGI\LR5\.venv\Lib\site-packages\django\template\base.py", line 516, in parse
    compiled_result = compile_func(self, token)
  File "C:\Users\Кирилл\Desktop\353505_HOROSHKO_24\IGI\LR5\.venv\Lib\site-packages\django\template\defaulttags.py", line 961, in do_if
    condition = TemplateIfParser(parser, bits).parse()
                ~~~~~~~~~~~~~~~~^^^^^^^^^^^^^^
  File "C:\Users\Кирилл\Desktop\353505_HOROSHKO_24\IGI\LR5\.venv\Lib\site-packages\django\template\defaulttags.py", line 894, in __init__
    super().__init__(*args, **kwargs)
    ~~~~~~~~~~~~~~~~^^^^^^^^^^^^^^^^^
  File "C:\Users\Кирилл\Desktop\353505_HOROSHKO_24\IGI\LR5\.venv\Lib\site-packages\django\template\smartif.py", line 171, in __init__
    mapped_tokens.append(self.translate_token(token))
                         ~~~~~~~~~~~~~~~~~~~~^^^^^^^
  File "C:\Users\Кирилл\Desktop\353505_HOROSHKO_24\IGI\LR5\.venv\Lib\site-packages\django\template\smartif.py", line 182, in translate_token
    return self.create_var(token)
           ~~~~~~~~~~~~~~~^^^^^^^
  File "C:\Users\Кирилл\Desktop\353505_HOROSHKO_24\IGI\LR5\.venv\Lib\site-packages\django\template\defaulttags.py", line 897, in create_var
    return TemplateLiteral(self.template_parser.compile_filter(value), value)
                           ~~~~~~~~~~~~~~~~~~~~~~~~~~~~~~~~~~~^^^^^^^
  File "C:\Users\Кирилл\Desktop\353505_HOROSHKO_24\IGI\LR5\.venv\Lib\site-packages\django\template\base.py", line 609, in compile_filter
    return FilterExpression(token, self)
  File "C:\Users\Кирилл\Desktop\353505_HOROSHKO_24\IGI\LR5\.venv\Lib\site-packages\django\template\base.py", line 705, in __init__
    filter_func = parser.find_filter(filter_name)
  File "C:\Users\Кирилл\Desktop\353505_HOROSHKO_24\IGI\LR5\.venv\Lib\site-packages\django\template\base.py", line 615, in find_filter
    raise TemplateSyntaxError("Invalid filter: '%s'" % filter_name)
django.template.exceptions.TemplateSyntaxError: Invalid filter: 'has_group'
ERROR 2025-05-29 12:22:06,970 basehttp "GET /reviews/ HTTP/1.1" 500 233053
INFO 2025-05-29 12:22:37,064 autoreload C:\Users\Кирилл\Desktop\353505_HOROSHKO_24\IGI\LR5\shop\urls.py changed, reloading.
INFO 2025-05-29 12:22:37,836 autoreload Watching for file changes with StatReloader
INFO 2025-05-29 12:22:44,459 autoreload C:\Users\Кирилл\Desktop\353505_HOROSHKO_24\IGI\LR5\shop\urls.py changed, reloading.
INFO 2025-05-29 12:22:45,003 autoreload Watching for file changes with StatReloader
INFO 2025-05-29 12:22:46,380 autoreload C:\Users\Кирилл\Desktop\353505_HOROSHKO_24\IGI\LR5\shop\urls.py changed, reloading.
INFO 2025-05-29 12:22:46,817 autoreload Watching for file changes with StatReloader
ERROR 2025-05-29 12:22:50,933 log Internal Server Error: /reviews/
Traceback (most recent call last):
  File "C:\Users\Кирилл\Desktop\353505_HOROSHKO_24\IGI\LR5\.venv\Lib\site-packages\django\template\smartif.py", line 180, in translate_token
    op = OPERATORS[token]
         ~~~~~~~~~^^^^^^^
KeyError: 'user|has_group:"client"'

During handling of the above exception, another exception occurred:

Traceback (most recent call last):
  File "C:\Users\Кирилл\Desktop\353505_HOROSHKO_24\IGI\LR5\.venv\Lib\site-packages\django\core\handlers\exception.py", line 55, in inner
    response = get_response(request)
  File "C:\Users\Кирилл\Desktop\353505_HOROSHKO_24\IGI\LR5\.venv\Lib\site-packages\django\core\handlers\base.py", line 197, in _get_response
    response = wrapped_callback(request, *callback_args, **callback_kwargs)
  File "C:\Users\Кирилл\Desktop\353505_HOROSHKO_24\IGI\LR5\shop\views.py", line 413, in reviews
    return render(request, 'shop/reviews.html', {'reviews': reviews_list})
  File "C:\Users\Кирилл\Desktop\353505_HOROSHKO_24\IGI\LR5\.venv\Lib\site-packages\django\shortcuts.py", line 25, in render
    content = loader.render_to_string(template_name, context, request, using=using)
  File "C:\Users\Кирилл\Desktop\353505_HOROSHKO_24\IGI\LR5\.venv\Lib\site-packages\django\template\loader.py", line 61, in render_to_string
    template = get_template(template_name, using=using)
  File "C:\Users\Кирилл\Desktop\353505_HOROSHKO_24\IGI\LR5\.venv\Lib\site-packages\django\template\loader.py", line 15, in get_template
    return engine.get_template(template_name)
           ~~~~~~~~~~~~~~~~~~~^^^^^^^^^^^^^^^
  File "C:\Users\Кирилл\Desktop\353505_HOROSHKO_24\IGI\LR5\.venv\Lib\site-packages\django\template\backends\django.py", line 79, in get_template
    return Template(self.engine.get_template(template_name), self)
                    ~~~~~~~~~~~~~~~~~~~~~~~~^^^^^^^^^^^^^^^
  File "C:\Users\Кирилл\Desktop\353505_HOROSHKO_24\IGI\LR5\.venv\Lib\site-packages\django\template\engine.py", line 177, in get_template
    template, origin = self.find_template(template_name)
                       ~~~~~~~~~~~~~~~~~~^^^^^^^^^^^^^^^
  File "C:\Users\Кирилл\Desktop\353505_HOROSHKO_24\IGI\LR5\.venv\Lib\site-packages\django\template\engine.py", line 159, in find_template
    template = loader.get_template(name, skip=skip)
  File "C:\Users\Кирилл\Desktop\353505_HOROSHKO_24\IGI\LR5\.venv\Lib\site-packages\django\template\loaders\cached.py", line 57, in get_template
    template = super().get_template(template_name, skip)
  File "C:\Users\Кирилл\Desktop\353505_HOROSHKO_24\IGI\LR5\.venv\Lib\site-packages\django\template\loaders\base.py", line 28, in get_template
    return Template(
        contents,
    ...<2 lines>...
        self.engine,
    )
  File "C:\Users\Кирилл\Desktop\353505_HOROSHKO_24\IGI\LR5\.venv\Lib\site-packages\django\template\base.py", line 154, in __init__
    self.nodelist = self.compile_nodelist()
                    ~~~~~~~~~~~~~~~~~~~~~^^
  File "C:\Users\Кирилл\Desktop\353505_HOROSHKO_24\IGI\LR5\.venv\Lib\site-packages\django\template\base.py", line 196, in compile_nodelist
    nodelist = parser.parse()
  File "C:\Users\Кирилл\Desktop\353505_HOROSHKO_24\IGI\LR5\.venv\Lib\site-packages\django\template\base.py", line 518, in parse
    raise self.error(token, e)
  File "C:\Users\Кирилл\Desktop\353505_HOROSHKO_24\IGI\LR5\.venv\Lib\site-packages\django\template\base.py", line 516, in parse
    compiled_result = compile_func(self, token)
  File "C:\Users\Кирилл\Desktop\353505_HOROSHKO_24\IGI\LR5\.venv\Lib\site-packages\django\template\loader_tags.py", line 299, in do_extends
    nodelist = parser.parse()
  File "C:\Users\Кирилл\Desktop\353505_HOROSHKO_24\IGI\LR5\.venv\Lib\site-packages\django\template\base.py", line 518, in parse
    raise self.error(token, e)
  File "C:\Users\Кирилл\Desktop\353505_HOROSHKO_24\IGI\LR5\.venv\Lib\site-packages\django\template\base.py", line 516, in parse
    compiled_result = compile_func(self, token)
  File "C:\Users\Кирилл\Desktop\353505_HOROSHKO_24\IGI\LR5\.venv\Lib\site-packages\django\template\loader_tags.py", line 234, in do_block
    nodelist = parser.parse(("endblock",))
  File "C:\Users\Кирилл\Desktop\353505_HOROSHKO_24\IGI\LR5\.venv\Lib\site-packages\django\template\base.py", line 518, in parse
    raise self.error(token, e)
  File "C:\Users\Кирилл\Desktop\353505_HOROSHKO_24\IGI\LR5\.venv\Lib\site-packages\django\template\base.py", line 516, in parse
    compiled_result = compile_func(self, token)
  File "C:\Users\Кирилл\Desktop\353505_HOROSHKO_24\IGI\LR5\.venv\Lib\site-packages\django\template\defaulttags.py", line 961, in do_if
    condition = TemplateIfParser(parser, bits).parse()
                ~~~~~~~~~~~~~~~~^^^^^^^^^^^^^^
  File "C:\Users\Кирилл\Desktop\353505_HOROSHKO_24\IGI\LR5\.venv\Lib\site-packages\django\template\defaulttags.py", line 894, in __init__
    super().__init__(*args, **kwargs)
    ~~~~~~~~~~~~~~~~^^^^^^^^^^^^^^^^^
  File "C:\Users\Кирилл\Desktop\353505_HOROSHKO_24\IGI\LR5\.venv\Lib\site-packages\django\template\smartif.py", line 171, in __init__
    mapped_tokens.append(self.translate_token(token))
                         ~~~~~~~~~~~~~~~~~~~~^^^^^^^
  File "C:\Users\Кирилл\Desktop\353505_HOROSHKO_24\IGI\LR5\.venv\Lib\site-packages\django\template\smartif.py", line 182, in translate_token
    return self.create_var(token)
           ~~~~~~~~~~~~~~~^^^^^^^
  File "C:\Users\Кирилл\Desktop\353505_HOROSHKO_24\IGI\LR5\.venv\Lib\site-packages\django\template\defaulttags.py", line 897, in create_var
    return TemplateLiteral(self.template_parser.compile_filter(value), value)
                           ~~~~~~~~~~~~~~~~~~~~~~~~~~~~~~~~~~~^^^^^^^
  File "C:\Users\Кирилл\Desktop\353505_HOROSHKO_24\IGI\LR5\.venv\Lib\site-packages\django\template\base.py", line 609, in compile_filter
    return FilterExpression(token, self)
  File "C:\Users\Кирилл\Desktop\353505_HOROSHKO_24\IGI\LR5\.venv\Lib\site-packages\django\template\base.py", line 705, in __init__
    filter_func = parser.find_filter(filter_name)
  File "C:\Users\Кирилл\Desktop\353505_HOROSHKO_24\IGI\LR5\.venv\Lib\site-packages\django\template\base.py", line 615, in find_filter
    raise TemplateSyntaxError("Invalid filter: '%s'" % filter_name)
django.template.exceptions.TemplateSyntaxError: Invalid filter: 'has_group'
ERROR 2025-05-29 12:22:50,946 basehttp "GET /reviews/ HTTP/1.1" 500 233190
ERROR 2025-05-29 12:22:55,248 log Internal Server Error: /reviews/
Traceback (most recent call last):
  File "C:\Users\Кирилл\Desktop\353505_HOROSHKO_24\IGI\LR5\.venv\Lib\site-packages\django\template\smartif.py", line 180, in translate_token
    op = OPERATORS[token]
         ~~~~~~~~~^^^^^^^
KeyError: 'user|has_group:"client"'

During handling of the above exception, another exception occurred:

Traceback (most recent call last):
  File "C:\Users\Кирилл\Desktop\353505_HOROSHKO_24\IGI\LR5\.venv\Lib\site-packages\django\core\handlers\exception.py", line 55, in inner
    response = get_response(request)
  File "C:\Users\Кирилл\Desktop\353505_HOROSHKO_24\IGI\LR5\.venv\Lib\site-packages\django\core\handlers\base.py", line 197, in _get_response
    response = wrapped_callback(request, *callback_args, **callback_kwargs)
  File "C:\Users\Кирилл\Desktop\353505_HOROSHKO_24\IGI\LR5\shop\views.py", line 413, in reviews
    return render(request, 'shop/reviews.html', {'reviews': reviews_list})
  File "C:\Users\Кирилл\Desktop\353505_HOROSHKO_24\IGI\LR5\.venv\Lib\site-packages\django\shortcuts.py", line 25, in render
    content = loader.render_to_string(template_name, context, request, using=using)
  File "C:\Users\Кирилл\Desktop\353505_HOROSHKO_24\IGI\LR5\.venv\Lib\site-packages\django\template\loader.py", line 61, in render_to_string
    template = get_template(template_name, using=using)
  File "C:\Users\Кирилл\Desktop\353505_HOROSHKO_24\IGI\LR5\.venv\Lib\site-packages\django\template\loader.py", line 15, in get_template
    return engine.get_template(template_name)
           ~~~~~~~~~~~~~~~~~~~^^^^^^^^^^^^^^^
  File "C:\Users\Кирилл\Desktop\353505_HOROSHKO_24\IGI\LR5\.venv\Lib\site-packages\django\template\backends\django.py", line 79, in get_template
    return Template(self.engine.get_template(template_name), self)
                    ~~~~~~~~~~~~~~~~~~~~~~~~^^^^^^^^^^^^^^^
  File "C:\Users\Кирилл\Desktop\353505_HOROSHKO_24\IGI\LR5\.venv\Lib\site-packages\django\template\engine.py", line 177, in get_template
    template, origin = self.find_template(template_name)
                       ~~~~~~~~~~~~~~~~~~^^^^^^^^^^^^^^^
  File "C:\Users\Кирилл\Desktop\353505_HOROSHKO_24\IGI\LR5\.venv\Lib\site-packages\django\template\engine.py", line 159, in find_template
    template = loader.get_template(name, skip=skip)
  File "C:\Users\Кирилл\Desktop\353505_HOROSHKO_24\IGI\LR5\.venv\Lib\site-packages\django\template\loaders\cached.py", line 57, in get_template
    template = super().get_template(template_name, skip)
  File "C:\Users\Кирилл\Desktop\353505_HOROSHKO_24\IGI\LR5\.venv\Lib\site-packages\django\template\loaders\base.py", line 28, in get_template
    return Template(
        contents,
    ...<2 lines>...
        self.engine,
    )
  File "C:\Users\Кирилл\Desktop\353505_HOROSHKO_24\IGI\LR5\.venv\Lib\site-packages\django\template\base.py", line 154, in __init__
    self.nodelist = self.compile_nodelist()
                    ~~~~~~~~~~~~~~~~~~~~~^^
  File "C:\Users\Кирилл\Desktop\353505_HOROSHKO_24\IGI\LR5\.venv\Lib\site-packages\django\template\base.py", line 196, in compile_nodelist
    nodelist = parser.parse()
  File "C:\Users\Кирилл\Desktop\353505_HOROSHKO_24\IGI\LR5\.venv\Lib\site-packages\django\template\base.py", line 518, in parse
    raise self.error(token, e)
  File "C:\Users\Кирилл\Desktop\353505_HOROSHKO_24\IGI\LR5\.venv\Lib\site-packages\django\template\base.py", line 516, in parse
    compiled_result = compile_func(self, token)
  File "C:\Users\Кирилл\Desktop\353505_HOROSHKO_24\IGI\LR5\.venv\Lib\site-packages\django\template\loader_tags.py", line 299, in do_extends
    nodelist = parser.parse()
  File "C:\Users\Кирилл\Desktop\353505_HOROSHKO_24\IGI\LR5\.venv\Lib\site-packages\django\template\base.py", line 518, in parse
    raise self.error(token, e)
  File "C:\Users\Кирилл\Desktop\353505_HOROSHKO_24\IGI\LR5\.venv\Lib\site-packages\django\template\base.py", line 516, in parse
    compiled_result = compile_func(self, token)
  File "C:\Users\Кирилл\Desktop\353505_HOROSHKO_24\IGI\LR5\.venv\Lib\site-packages\django\template\loader_tags.py", line 234, in do_block
    nodelist = parser.parse(("endblock",))
  File "C:\Users\Кирилл\Desktop\353505_HOROSHKO_24\IGI\LR5\.venv\Lib\site-packages\django\template\base.py", line 518, in parse
    raise self.error(token, e)
  File "C:\Users\Кирилл\Desktop\353505_HOROSHKO_24\IGI\LR5\.venv\Lib\site-packages\django\template\base.py", line 516, in parse
    compiled_result = compile_func(self, token)
  File "C:\Users\Кирилл\Desktop\353505_HOROSHKO_24\IGI\LR5\.venv\Lib\site-packages\django\template\defaulttags.py", line 961, in do_if
    condition = TemplateIfParser(parser, bits).parse()
                ~~~~~~~~~~~~~~~~^^^^^^^^^^^^^^
  File "C:\Users\Кирилл\Desktop\353505_HOROSHKO_24\IGI\LR5\.venv\Lib\site-packages\django\template\defaulttags.py", line 894, in __init__
    super().__init__(*args, **kwargs)
    ~~~~~~~~~~~~~~~~^^^^^^^^^^^^^^^^^
  File "C:\Users\Кирилл\Desktop\353505_HOROSHKO_24\IGI\LR5\.venv\Lib\site-packages\django\template\smartif.py", line 171, in __init__
    mapped_tokens.append(self.translate_token(token))
                         ~~~~~~~~~~~~~~~~~~~~^^^^^^^
  File "C:\Users\Кирилл\Desktop\353505_HOROSHKO_24\IGI\LR5\.venv\Lib\site-packages\django\template\smartif.py", line 182, in translate_token
    return self.create_var(token)
           ~~~~~~~~~~~~~~~^^^^^^^
  File "C:\Users\Кирилл\Desktop\353505_HOROSHKO_24\IGI\LR5\.venv\Lib\site-packages\django\template\defaulttags.py", line 897, in create_var
    return TemplateLiteral(self.template_parser.compile_filter(value), value)
                           ~~~~~~~~~~~~~~~~~~~~~~~~~~~~~~~~~~~^^^^^^^
  File "C:\Users\Кирилл\Desktop\353505_HOROSHKO_24\IGI\LR5\.venv\Lib\site-packages\django\template\base.py", line 609, in compile_filter
    return FilterExpression(token, self)
  File "C:\Users\Кирилл\Desktop\353505_HOROSHKO_24\IGI\LR5\.venv\Lib\site-packages\django\template\base.py", line 705, in __init__
    filter_func = parser.find_filter(filter_name)
  File "C:\Users\Кирилл\Desktop\353505_HOROSHKO_24\IGI\LR5\.venv\Lib\site-packages\django\template\base.py", line 615, in find_filter
    raise TemplateSyntaxError("Invalid filter: '%s'" % filter_name)
django.template.exceptions.TemplateSyntaxError: Invalid filter: 'has_group'
ERROR 2025-05-29 12:22:55,257 basehttp "GET /reviews/ HTTP/1.1" 500 233053
ERROR 2025-05-29 12:23:31,123 log Internal Server Error: /reviews/
Traceback (most recent call last):
  File "C:\Users\Кирилл\Desktop\353505_HOROSHKO_24\IGI\LR5\.venv\Lib\site-packages\django\template\smartif.py", line 180, in translate_token
    op = OPERATORS[token]
         ~~~~~~~~~^^^^^^^
KeyError: 'user|has_group:"client"'

During handling of the above exception, another exception occurred:

Traceback (most recent call last):
  File "C:\Users\Кирилл\Desktop\353505_HOROSHKO_24\IGI\LR5\.venv\Lib\site-packages\django\core\handlers\exception.py", line 55, in inner
    response = get_response(request)
  File "C:\Users\Кирилл\Desktop\353505_HOROSHKO_24\IGI\LR5\.venv\Lib\site-packages\django\core\handlers\base.py", line 197, in _get_response
    response = wrapped_callback(request, *callback_args, **callback_kwargs)
  File "C:\Users\Кирилл\Desktop\353505_HOROSHKO_24\IGI\LR5\shop\views.py", line 413, in reviews
    return render(request, 'shop/reviews.html', {'reviews': reviews_list})
  File "C:\Users\Кирилл\Desktop\353505_HOROSHKO_24\IGI\LR5\.venv\Lib\site-packages\django\shortcuts.py", line 25, in render
    content = loader.render_to_string(template_name, context, request, using=using)
  File "C:\Users\Кирилл\Desktop\353505_HOROSHKO_24\IGI\LR5\.venv\Lib\site-packages\django\template\loader.py", line 61, in render_to_string
    template = get_template(template_name, using=using)
  File "C:\Users\Кирилл\Desktop\353505_HOROSHKO_24\IGI\LR5\.venv\Lib\site-packages\django\template\loader.py", line 15, in get_template
    return engine.get_template(template_name)
           ~~~~~~~~~~~~~~~~~~~^^^^^^^^^^^^^^^
  File "C:\Users\Кирилл\Desktop\353505_HOROSHKO_24\IGI\LR5\.venv\Lib\site-packages\django\template\backends\django.py", line 79, in get_template
    return Template(self.engine.get_template(template_name), self)
                    ~~~~~~~~~~~~~~~~~~~~~~~~^^^^^^^^^^^^^^^
  File "C:\Users\Кирилл\Desktop\353505_HOROSHKO_24\IGI\LR5\.venv\Lib\site-packages\django\template\engine.py", line 177, in get_template
    template, origin = self.find_template(template_name)
                       ~~~~~~~~~~~~~~~~~~^^^^^^^^^^^^^^^
  File "C:\Users\Кирилл\Desktop\353505_HOROSHKO_24\IGI\LR5\.venv\Lib\site-packages\django\template\engine.py", line 159, in find_template
    template = loader.get_template(name, skip=skip)
  File "C:\Users\Кирилл\Desktop\353505_HOROSHKO_24\IGI\LR5\.venv\Lib\site-packages\django\template\loaders\cached.py", line 57, in get_template
    template = super().get_template(template_name, skip)
  File "C:\Users\Кирилл\Desktop\353505_HOROSHKO_24\IGI\LR5\.venv\Lib\site-packages\django\template\loaders\base.py", line 28, in get_template
    return Template(
        contents,
    ...<2 lines>...
        self.engine,
    )
  File "C:\Users\Кирилл\Desktop\353505_HOROSHKO_24\IGI\LR5\.venv\Lib\site-packages\django\template\base.py", line 154, in __init__
    self.nodelist = self.compile_nodelist()
                    ~~~~~~~~~~~~~~~~~~~~~^^
  File "C:\Users\Кирилл\Desktop\353505_HOROSHKO_24\IGI\LR5\.venv\Lib\site-packages\django\template\base.py", line 196, in compile_nodelist
    nodelist = parser.parse()
  File "C:\Users\Кирилл\Desktop\353505_HOROSHKO_24\IGI\LR5\.venv\Lib\site-packages\django\template\base.py", line 518, in parse
    raise self.error(token, e)
  File "C:\Users\Кирилл\Desktop\353505_HOROSHKO_24\IGI\LR5\.venv\Lib\site-packages\django\template\base.py", line 516, in parse
    compiled_result = compile_func(self, token)
  File "C:\Users\Кирилл\Desktop\353505_HOROSHKO_24\IGI\LR5\.venv\Lib\site-packages\django\template\loader_tags.py", line 299, in do_extends
    nodelist = parser.parse()
  File "C:\Users\Кирилл\Desktop\353505_HOROSHKO_24\IGI\LR5\.venv\Lib\site-packages\django\template\base.py", line 518, in parse
    raise self.error(token, e)
  File "C:\Users\Кирилл\Desktop\353505_HOROSHKO_24\IGI\LR5\.venv\Lib\site-packages\django\template\base.py", line 516, in parse
    compiled_result = compile_func(self, token)
  File "C:\Users\Кирилл\Desktop\353505_HOROSHKO_24\IGI\LR5\.venv\Lib\site-packages\django\template\loader_tags.py", line 234, in do_block
    nodelist = parser.parse(("endblock",))
  File "C:\Users\Кирилл\Desktop\353505_HOROSHKO_24\IGI\LR5\.venv\Lib\site-packages\django\template\base.py", line 518, in parse
    raise self.error(token, e)
  File "C:\Users\Кирилл\Desktop\353505_HOROSHKO_24\IGI\LR5\.venv\Lib\site-packages\django\template\base.py", line 516, in parse
    compiled_result = compile_func(self, token)
  File "C:\Users\Кирилл\Desktop\353505_HOROSHKO_24\IGI\LR5\.venv\Lib\site-packages\django\template\defaulttags.py", line 961, in do_if
    condition = TemplateIfParser(parser, bits).parse()
                ~~~~~~~~~~~~~~~~^^^^^^^^^^^^^^
  File "C:\Users\Кирилл\Desktop\353505_HOROSHKO_24\IGI\LR5\.venv\Lib\site-packages\django\template\defaulttags.py", line 894, in __init__
    super().__init__(*args, **kwargs)
    ~~~~~~~~~~~~~~~~^^^^^^^^^^^^^^^^^
  File "C:\Users\Кирилл\Desktop\353505_HOROSHKO_24\IGI\LR5\.venv\Lib\site-packages\django\template\smartif.py", line 171, in __init__
    mapped_tokens.append(self.translate_token(token))
                         ~~~~~~~~~~~~~~~~~~~~^^^^^^^
  File "C:\Users\Кирилл\Desktop\353505_HOROSHKO_24\IGI\LR5\.venv\Lib\site-packages\django\template\smartif.py", line 182, in translate_token
    return self.create_var(token)
           ~~~~~~~~~~~~~~~^^^^^^^
  File "C:\Users\Кирилл\Desktop\353505_HOROSHKO_24\IGI\LR5\.venv\Lib\site-packages\django\template\defaulttags.py", line 897, in create_var
    return TemplateLiteral(self.template_parser.compile_filter(value), value)
                           ~~~~~~~~~~~~~~~~~~~~~~~~~~~~~~~~~~~^^^^^^^
  File "C:\Users\Кирилл\Desktop\353505_HOROSHKO_24\IGI\LR5\.venv\Lib\site-packages\django\template\base.py", line 609, in compile_filter
    return FilterExpression(token, self)
  File "C:\Users\Кирилл\Desktop\353505_HOROSHKO_24\IGI\LR5\.venv\Lib\site-packages\django\template\base.py", line 705, in __init__
    filter_func = parser.find_filter(filter_name)
  File "C:\Users\Кирилл\Desktop\353505_HOROSHKO_24\IGI\LR5\.venv\Lib\site-packages\django\template\base.py", line 615, in find_filter
    raise TemplateSyntaxError("Invalid filter: '%s'" % filter_name)
django.template.exceptions.TemplateSyntaxError: Invalid filter: 'has_group'
ERROR 2025-05-29 12:23:31,131 basehttp "GET /reviews/ HTTP/1.1" 500 233053
ERROR 2025-05-29 12:24:04,286 log Internal Server Error: /reviews/
Traceback (most recent call last):
  File "C:\Users\Кирилл\Desktop\353505_HOROSHKO_24\IGI\LR5\.venv\Lib\site-packages\django\template\smartif.py", line 180, in translate_token
    op = OPERATORS[token]
         ~~~~~~~~~^^^^^^^
KeyError: 'user|has_group:"client"'

During handling of the above exception, another exception occurred:

Traceback (most recent call last):
  File "C:\Users\Кирилл\Desktop\353505_HOROSHKO_24\IGI\LR5\.venv\Lib\site-packages\django\core\handlers\exception.py", line 55, in inner
    response = get_response(request)
  File "C:\Users\Кирилл\Desktop\353505_HOROSHKO_24\IGI\LR5\.venv\Lib\site-packages\django\core\handlers\base.py", line 197, in _get_response
    response = wrapped_callback(request, *callback_args, **callback_kwargs)
  File "C:\Users\Кирилл\Desktop\353505_HOROSHKO_24\IGI\LR5\shop\views.py", line 413, in reviews
    return render(request, 'shop/reviews.html', {'reviews': reviews_list})
  File "C:\Users\Кирилл\Desktop\353505_HOROSHKO_24\IGI\LR5\.venv\Lib\site-packages\django\shortcuts.py", line 25, in render
    content = loader.render_to_string(template_name, context, request, using=using)
  File "C:\Users\Кирилл\Desktop\353505_HOROSHKO_24\IGI\LR5\.venv\Lib\site-packages\django\template\loader.py", line 61, in render_to_string
    template = get_template(template_name, using=using)
  File "C:\Users\Кирилл\Desktop\353505_HOROSHKO_24\IGI\LR5\.venv\Lib\site-packages\django\template\loader.py", line 15, in get_template
    return engine.get_template(template_name)
           ~~~~~~~~~~~~~~~~~~~^^^^^^^^^^^^^^^
  File "C:\Users\Кирилл\Desktop\353505_HOROSHKO_24\IGI\LR5\.venv\Lib\site-packages\django\template\backends\django.py", line 79, in get_template
    return Template(self.engine.get_template(template_name), self)
                    ~~~~~~~~~~~~~~~~~~~~~~~~^^^^^^^^^^^^^^^
  File "C:\Users\Кирилл\Desktop\353505_HOROSHKO_24\IGI\LR5\.venv\Lib\site-packages\django\template\engine.py", line 177, in get_template
    template, origin = self.find_template(template_name)
                       ~~~~~~~~~~~~~~~~~~^^^^^^^^^^^^^^^
  File "C:\Users\Кирилл\Desktop\353505_HOROSHKO_24\IGI\LR5\.venv\Lib\site-packages\django\template\engine.py", line 159, in find_template
    template = loader.get_template(name, skip=skip)
  File "C:\Users\Кирилл\Desktop\353505_HOROSHKO_24\IGI\LR5\.venv\Lib\site-packages\django\template\loaders\cached.py", line 57, in get_template
    template = super().get_template(template_name, skip)
  File "C:\Users\Кирилл\Desktop\353505_HOROSHKO_24\IGI\LR5\.venv\Lib\site-packages\django\template\loaders\base.py", line 28, in get_template
    return Template(
        contents,
    ...<2 lines>...
        self.engine,
    )
  File "C:\Users\Кирилл\Desktop\353505_HOROSHKO_24\IGI\LR5\.venv\Lib\site-packages\django\template\base.py", line 154, in __init__
    self.nodelist = self.compile_nodelist()
                    ~~~~~~~~~~~~~~~~~~~~~^^
  File "C:\Users\Кирилл\Desktop\353505_HOROSHKO_24\IGI\LR5\.venv\Lib\site-packages\django\template\base.py", line 196, in compile_nodelist
    nodelist = parser.parse()
  File "C:\Users\Кирилл\Desktop\353505_HOROSHKO_24\IGI\LR5\.venv\Lib\site-packages\django\template\base.py", line 518, in parse
    raise self.error(token, e)
  File "C:\Users\Кирилл\Desktop\353505_HOROSHKO_24\IGI\LR5\.venv\Lib\site-packages\django\template\base.py", line 516, in parse
    compiled_result = compile_func(self, token)
  File "C:\Users\Кирилл\Desktop\353505_HOROSHKO_24\IGI\LR5\.venv\Lib\site-packages\django\template\loader_tags.py", line 299, in do_extends
    nodelist = parser.parse()
  File "C:\Users\Кирилл\Desktop\353505_HOROSHKO_24\IGI\LR5\.venv\Lib\site-packages\django\template\base.py", line 518, in parse
    raise self.error(token, e)
  File "C:\Users\Кирилл\Desktop\353505_HOROSHKO_24\IGI\LR5\.venv\Lib\site-packages\django\template\base.py", line 516, in parse
    compiled_result = compile_func(self, token)
  File "C:\Users\Кирилл\Desktop\353505_HOROSHKO_24\IGI\LR5\.venv\Lib\site-packages\django\template\loader_tags.py", line 234, in do_block
    nodelist = parser.parse(("endblock",))
  File "C:\Users\Кирилл\Desktop\353505_HOROSHKO_24\IGI\LR5\.venv\Lib\site-packages\django\template\base.py", line 518, in parse
    raise self.error(token, e)
  File "C:\Users\Кирилл\Desktop\353505_HOROSHKO_24\IGI\LR5\.venv\Lib\site-packages\django\template\base.py", line 516, in parse
    compiled_result = compile_func(self, token)
  File "C:\Users\Кирилл\Desktop\353505_HOROSHKO_24\IGI\LR5\.venv\Lib\site-packages\django\template\defaulttags.py", line 961, in do_if
    condition = TemplateIfParser(parser, bits).parse()
                ~~~~~~~~~~~~~~~~^^^^^^^^^^^^^^
  File "C:\Users\Кирилл\Desktop\353505_HOROSHKO_24\IGI\LR5\.venv\Lib\site-packages\django\template\defaulttags.py", line 894, in __init__
    super().__init__(*args, **kwargs)
    ~~~~~~~~~~~~~~~~^^^^^^^^^^^^^^^^^
  File "C:\Users\Кирилл\Desktop\353505_HOROSHKO_24\IGI\LR5\.venv\Lib\site-packages\django\template\smartif.py", line 171, in __init__
    mapped_tokens.append(self.translate_token(token))
                         ~~~~~~~~~~~~~~~~~~~~^^^^^^^
  File "C:\Users\Кирилл\Desktop\353505_HOROSHKO_24\IGI\LR5\.venv\Lib\site-packages\django\template\smartif.py", line 182, in translate_token
    return self.create_var(token)
           ~~~~~~~~~~~~~~~^^^^^^^
  File "C:\Users\Кирилл\Desktop\353505_HOROSHKO_24\IGI\LR5\.venv\Lib\site-packages\django\template\defaulttags.py", line 897, in create_var
    return TemplateLiteral(self.template_parser.compile_filter(value), value)
                           ~~~~~~~~~~~~~~~~~~~~~~~~~~~~~~~~~~~^^^^^^^
  File "C:\Users\Кирилл\Desktop\353505_HOROSHKO_24\IGI\LR5\.venv\Lib\site-packages\django\template\base.py", line 609, in compile_filter
    return FilterExpression(token, self)
  File "C:\Users\Кирилл\Desktop\353505_HOROSHKO_24\IGI\LR5\.venv\Lib\site-packages\django\template\base.py", line 705, in __init__
    filter_func = parser.find_filter(filter_name)
  File "C:\Users\Кирилл\Desktop\353505_HOROSHKO_24\IGI\LR5\.venv\Lib\site-packages\django\template\base.py", line 615, in find_filter
    raise TemplateSyntaxError("Invalid filter: '%s'" % filter_name)
django.template.exceptions.TemplateSyntaxError: Invalid filter: 'has_group'
ERROR 2025-05-29 12:24:04,296 basehttp "GET /reviews/ HTTP/1.1" 500 233204
ERROR 2025-05-29 12:24:05,791 log Internal Server Error: /reviews/
Traceback (most recent call last):
  File "C:\Users\Кирилл\Desktop\353505_HOROSHKO_24\IGI\LR5\.venv\Lib\site-packages\django\template\smartif.py", line 180, in translate_token
    op = OPERATORS[token]
         ~~~~~~~~~^^^^^^^
KeyError: 'user|has_group:"client"'

During handling of the above exception, another exception occurred:

Traceback (most recent call last):
  File "C:\Users\Кирилл\Desktop\353505_HOROSHKO_24\IGI\LR5\.venv\Lib\site-packages\django\core\handlers\exception.py", line 55, in inner
    response = get_response(request)
  File "C:\Users\Кирилл\Desktop\353505_HOROSHKO_24\IGI\LR5\.venv\Lib\site-packages\django\core\handlers\base.py", line 197, in _get_response
    response = wrapped_callback(request, *callback_args, **callback_kwargs)
  File "C:\Users\Кирилл\Desktop\353505_HOROSHKO_24\IGI\LR5\shop\views.py", line 413, in reviews
    return render(request, 'shop/reviews.html', {'reviews': reviews_list})
  File "C:\Users\Кирилл\Desktop\353505_HOROSHKO_24\IGI\LR5\.venv\Lib\site-packages\django\shortcuts.py", line 25, in render
    content = loader.render_to_string(template_name, context, request, using=using)
  File "C:\Users\Кирилл\Desktop\353505_HOROSHKO_24\IGI\LR5\.venv\Lib\site-packages\django\template\loader.py", line 61, in render_to_string
    template = get_template(template_name, using=using)
  File "C:\Users\Кирилл\Desktop\353505_HOROSHKO_24\IGI\LR5\.venv\Lib\site-packages\django\template\loader.py", line 15, in get_template
    return engine.get_template(template_name)
           ~~~~~~~~~~~~~~~~~~~^^^^^^^^^^^^^^^
  File "C:\Users\Кирилл\Desktop\353505_HOROSHKO_24\IGI\LR5\.venv\Lib\site-packages\django\template\backends\django.py", line 79, in get_template
    return Template(self.engine.get_template(template_name), self)
                    ~~~~~~~~~~~~~~~~~~~~~~~~^^^^^^^^^^^^^^^
  File "C:\Users\Кирилл\Desktop\353505_HOROSHKO_24\IGI\LR5\.venv\Lib\site-packages\django\template\engine.py", line 177, in get_template
    template, origin = self.find_template(template_name)
                       ~~~~~~~~~~~~~~~~~~^^^^^^^^^^^^^^^
  File "C:\Users\Кирилл\Desktop\353505_HOROSHKO_24\IGI\LR5\.venv\Lib\site-packages\django\template\engine.py", line 159, in find_template
    template = loader.get_template(name, skip=skip)
  File "C:\Users\Кирилл\Desktop\353505_HOROSHKO_24\IGI\LR5\.venv\Lib\site-packages\django\template\loaders\cached.py", line 57, in get_template
    template = super().get_template(template_name, skip)
  File "C:\Users\Кирилл\Desktop\353505_HOROSHKO_24\IGI\LR5\.venv\Lib\site-packages\django\template\loaders\base.py", line 28, in get_template
    return Template(
        contents,
    ...<2 lines>...
        self.engine,
    )
  File "C:\Users\Кирилл\Desktop\353505_HOROSHKO_24\IGI\LR5\.venv\Lib\site-packages\django\template\base.py", line 154, in __init__
    self.nodelist = self.compile_nodelist()
                    ~~~~~~~~~~~~~~~~~~~~~^^
  File "C:\Users\Кирилл\Desktop\353505_HOROSHKO_24\IGI\LR5\.venv\Lib\site-packages\django\template\base.py", line 196, in compile_nodelist
    nodelist = parser.parse()
  File "C:\Users\Кирилл\Desktop\353505_HOROSHKO_24\IGI\LR5\.venv\Lib\site-packages\django\template\base.py", line 518, in parse
    raise self.error(token, e)
  File "C:\Users\Кирилл\Desktop\353505_HOROSHKO_24\IGI\LR5\.venv\Lib\site-packages\django\template\base.py", line 516, in parse
    compiled_result = compile_func(self, token)
  File "C:\Users\Кирилл\Desktop\353505_HOROSHKO_24\IGI\LR5\.venv\Lib\site-packages\django\template\loader_tags.py", line 299, in do_extends
    nodelist = parser.parse()
  File "C:\Users\Кирилл\Desktop\353505_HOROSHKO_24\IGI\LR5\.venv\Lib\site-packages\django\template\base.py", line 518, in parse
    raise self.error(token, e)
  File "C:\Users\Кирилл\Desktop\353505_HOROSHKO_24\IGI\LR5\.venv\Lib\site-packages\django\template\base.py", line 516, in parse
    compiled_result = compile_func(self, token)
  File "C:\Users\Кирилл\Desktop\353505_HOROSHKO_24\IGI\LR5\.venv\Lib\site-packages\django\template\loader_tags.py", line 234, in do_block
    nodelist = parser.parse(("endblock",))
  File "C:\Users\Кирилл\Desktop\353505_HOROSHKO_24\IGI\LR5\.venv\Lib\site-packages\django\template\base.py", line 518, in parse
    raise self.error(token, e)
  File "C:\Users\Кирилл\Desktop\353505_HOROSHKO_24\IGI\LR5\.venv\Lib\site-packages\django\template\base.py", line 516, in parse
    compiled_result = compile_func(self, token)
  File "C:\Users\Кирилл\Desktop\353505_HOROSHKO_24\IGI\LR5\.venv\Lib\site-packages\django\template\defaulttags.py", line 961, in do_if
    condition = TemplateIfParser(parser, bits).parse()
                ~~~~~~~~~~~~~~~~^^^^^^^^^^^^^^
  File "C:\Users\Кирилл\Desktop\353505_HOROSHKO_24\IGI\LR5\.venv\Lib\site-packages\django\template\defaulttags.py", line 894, in __init__
    super().__init__(*args, **kwargs)
    ~~~~~~~~~~~~~~~~^^^^^^^^^^^^^^^^^
  File "C:\Users\Кирилл\Desktop\353505_HOROSHKO_24\IGI\LR5\.venv\Lib\site-packages\django\template\smartif.py", line 171, in __init__
    mapped_tokens.append(self.translate_token(token))
                         ~~~~~~~~~~~~~~~~~~~~^^^^^^^
  File "C:\Users\Кирилл\Desktop\353505_HOROSHKO_24\IGI\LR5\.venv\Lib\site-packages\django\template\smartif.py", line 182, in translate_token
    return self.create_var(token)
           ~~~~~~~~~~~~~~~^^^^^^^
  File "C:\Users\Кирилл\Desktop\353505_HOROSHKO_24\IGI\LR5\.venv\Lib\site-packages\django\template\defaulttags.py", line 897, in create_var
    return TemplateLiteral(self.template_parser.compile_filter(value), value)
                           ~~~~~~~~~~~~~~~~~~~~~~~~~~~~~~~~~~~^^^^^^^
  File "C:\Users\Кирилл\Desktop\353505_HOROSHKO_24\IGI\LR5\.venv\Lib\site-packages\django\template\base.py", line 609, in compile_filter
    return FilterExpression(token, self)
  File "C:\Users\Кирилл\Desktop\353505_HOROSHKO_24\IGI\LR5\.venv\Lib\site-packages\django\template\base.py", line 705, in __init__
    filter_func = parser.find_filter(filter_name)
  File "C:\Users\Кирилл\Desktop\353505_HOROSHKO_24\IGI\LR5\.venv\Lib\site-packages\django\template\base.py", line 615, in find_filter
    raise TemplateSyntaxError("Invalid filter: '%s'" % filter_name)
django.template.exceptions.TemplateSyntaxError: Invalid filter: 'has_group'
ERROR 2025-05-29 12:24:05,799 basehttp "GET /reviews/ HTTP/1.1" 500 233204
ERROR 2025-05-29 12:25:01,004 log Internal Server Error: /reviews/
Traceback (most recent call last):
  File "C:\Users\Кирилл\Desktop\353505_HOROSHKO_24\IGI\LR5\.venv\Lib\site-packages\django\template\smartif.py", line 180, in translate_token
    op = OPERATORS[token]
         ~~~~~~~~~^^^^^^^
KeyError: 'user|has_group:"client"'

During handling of the above exception, another exception occurred:

Traceback (most recent call last):
  File "C:\Users\Кирилл\Desktop\353505_HOROSHKO_24\IGI\LR5\.venv\Lib\site-packages\django\core\handlers\exception.py", line 55, in inner
    response = get_response(request)
  File "C:\Users\Кирилл\Desktop\353505_HOROSHKO_24\IGI\LR5\.venv\Lib\site-packages\django\core\handlers\base.py", line 197, in _get_response
    response = wrapped_callback(request, *callback_args, **callback_kwargs)
  File "C:\Users\Кирилл\Desktop\353505_HOROSHKO_24\IGI\LR5\shop\views.py", line 413, in reviews
    return render(request, 'shop/reviews.html', {'reviews': reviews_list})
  File "C:\Users\Кирилл\Desktop\353505_HOROSHKO_24\IGI\LR5\.venv\Lib\site-packages\django\shortcuts.py", line 25, in render
    content = loader.render_to_string(template_name, context, request, using=using)
  File "C:\Users\Кирилл\Desktop\353505_HOROSHKO_24\IGI\LR5\.venv\Lib\site-packages\django\template\loader.py", line 61, in render_to_string
    template = get_template(template_name, using=using)
  File "C:\Users\Кирилл\Desktop\353505_HOROSHKO_24\IGI\LR5\.venv\Lib\site-packages\django\template\loader.py", line 15, in get_template
    return engine.get_template(template_name)
           ~~~~~~~~~~~~~~~~~~~^^^^^^^^^^^^^^^
  File "C:\Users\Кирилл\Desktop\353505_HOROSHKO_24\IGI\LR5\.venv\Lib\site-packages\django\template\backends\django.py", line 79, in get_template
    return Template(self.engine.get_template(template_name), self)
                    ~~~~~~~~~~~~~~~~~~~~~~~~^^^^^^^^^^^^^^^
  File "C:\Users\Кирилл\Desktop\353505_HOROSHKO_24\IGI\LR5\.venv\Lib\site-packages\django\template\engine.py", line 177, in get_template
    template, origin = self.find_template(template_name)
                       ~~~~~~~~~~~~~~~~~~^^^^^^^^^^^^^^^
  File "C:\Users\Кирилл\Desktop\353505_HOROSHKO_24\IGI\LR5\.venv\Lib\site-packages\django\template\engine.py", line 159, in find_template
    template = loader.get_template(name, skip=skip)
  File "C:\Users\Кирилл\Desktop\353505_HOROSHKO_24\IGI\LR5\.venv\Lib\site-packages\django\template\loaders\cached.py", line 57, in get_template
    template = super().get_template(template_name, skip)
  File "C:\Users\Кирилл\Desktop\353505_HOROSHKO_24\IGI\LR5\.venv\Lib\site-packages\django\template\loaders\base.py", line 28, in get_template
    return Template(
        contents,
    ...<2 lines>...
        self.engine,
    )
  File "C:\Users\Кирилл\Desktop\353505_HOROSHKO_24\IGI\LR5\.venv\Lib\site-packages\django\template\base.py", line 154, in __init__
    self.nodelist = self.compile_nodelist()
                    ~~~~~~~~~~~~~~~~~~~~~^^
  File "C:\Users\Кирилл\Desktop\353505_HOROSHKO_24\IGI\LR5\.venv\Lib\site-packages\django\template\base.py", line 196, in compile_nodelist
    nodelist = parser.parse()
  File "C:\Users\Кирилл\Desktop\353505_HOROSHKO_24\IGI\LR5\.venv\Lib\site-packages\django\template\base.py", line 518, in parse
    raise self.error(token, e)
  File "C:\Users\Кирилл\Desktop\353505_HOROSHKO_24\IGI\LR5\.venv\Lib\site-packages\django\template\base.py", line 516, in parse
    compiled_result = compile_func(self, token)
  File "C:\Users\Кирилл\Desktop\353505_HOROSHKO_24\IGI\LR5\.venv\Lib\site-packages\django\template\loader_tags.py", line 299, in do_extends
    nodelist = parser.parse()
  File "C:\Users\Кирилл\Desktop\353505_HOROSHKO_24\IGI\LR5\.venv\Lib\site-packages\django\template\base.py", line 518, in parse
    raise self.error(token, e)
  File "C:\Users\Кирилл\Desktop\353505_HOROSHKO_24\IGI\LR5\.venv\Lib\site-packages\django\template\base.py", line 516, in parse
    compiled_result = compile_func(self, token)
  File "C:\Users\Кирилл\Desktop\353505_HOROSHKO_24\IGI\LR5\.venv\Lib\site-packages\django\template\loader_tags.py", line 234, in do_block
    nodelist = parser.parse(("endblock",))
  File "C:\Users\Кирилл\Desktop\353505_HOROSHKO_24\IGI\LR5\.venv\Lib\site-packages\django\template\base.py", line 518, in parse
    raise self.error(token, e)
  File "C:\Users\Кирилл\Desktop\353505_HOROSHKO_24\IGI\LR5\.venv\Lib\site-packages\django\template\base.py", line 516, in parse
    compiled_result = compile_func(self, token)
  File "C:\Users\Кирилл\Desktop\353505_HOROSHKO_24\IGI\LR5\.venv\Lib\site-packages\django\template\defaulttags.py", line 961, in do_if
    condition = TemplateIfParser(parser, bits).parse()
                ~~~~~~~~~~~~~~~~^^^^^^^^^^^^^^
  File "C:\Users\Кирилл\Desktop\353505_HOROSHKO_24\IGI\LR5\.venv\Lib\site-packages\django\template\defaulttags.py", line 894, in __init__
    super().__init__(*args, **kwargs)
    ~~~~~~~~~~~~~~~~^^^^^^^^^^^^^^^^^
  File "C:\Users\Кирилл\Desktop\353505_HOROSHKO_24\IGI\LR5\.venv\Lib\site-packages\django\template\smartif.py", line 171, in __init__
    mapped_tokens.append(self.translate_token(token))
                         ~~~~~~~~~~~~~~~~~~~~^^^^^^^
  File "C:\Users\Кирилл\Desktop\353505_HOROSHKO_24\IGI\LR5\.venv\Lib\site-packages\django\template\smartif.py", line 182, in translate_token
    return self.create_var(token)
           ~~~~~~~~~~~~~~~^^^^^^^
  File "C:\Users\Кирилл\Desktop\353505_HOROSHKO_24\IGI\LR5\.venv\Lib\site-packages\django\template\defaulttags.py", line 897, in create_var
    return TemplateLiteral(self.template_parser.compile_filter(value), value)
                           ~~~~~~~~~~~~~~~~~~~~~~~~~~~~~~~~~~~^^^^^^^
  File "C:\Users\Кирилл\Desktop\353505_HOROSHKO_24\IGI\LR5\.venv\Lib\site-packages\django\template\base.py", line 609, in compile_filter
    return FilterExpression(token, self)
  File "C:\Users\Кирилл\Desktop\353505_HOROSHKO_24\IGI\LR5\.venv\Lib\site-packages\django\template\base.py", line 705, in __init__
    filter_func = parser.find_filter(filter_name)
  File "C:\Users\Кирилл\Desktop\353505_HOROSHKO_24\IGI\LR5\.venv\Lib\site-packages\django\template\base.py", line 615, in find_filter
    raise TemplateSyntaxError("Invalid filter: '%s'" % filter_name)
django.template.exceptions.TemplateSyntaxError: Invalid filter: 'has_group'
ERROR 2025-05-29 12:25:01,013 basehttp "GET /reviews/ HTTP/1.1" 500 234343
INFO 2025-05-29 12:25:16,406 basehttp "GET /reviews/ HTTP/1.1" 200 1738
INFO 2025-05-29 12:25:19,142 basehttp "GET /reviews/ HTTP/1.1" 200 1738
INFO 2025-05-29 12:25:23,676 basehttp "GET /logout/ HTTP/1.1" 302 0
INFO 2025-05-29 12:25:23,688 basehttp "GET /auth-options/ HTTP/1.1" 200 803
INFO 2025-05-29 12:25:25,054 basehttp "GET /login/ HTTP/1.1" 200 3320
INFO 2025-05-29 12:25:34,120 basehttp "GET /login/ HTTP/1.1" 200 1119
INFO 2025-05-29 12:25:47,547 basehttp "POST /login/ HTTP/1.1" 200 1288
INFO 2025-05-29 12:25:58,175 basehttp "POST /login/ HTTP/1.1" 302 0
INFO 2025-05-29 12:25:58,635 basehttp "GET / HTTP/1.1" 200 2505
INFO 2025-05-29 12:26:52,832 basehttp "GET /reviews/ HTTP/1.1" 200 1831
INFO 2025-05-29 12:26:54,837 basehttp "GET /reviews/add/ HTTP/1.1" 200 3019
INFO 2025-05-29 12:27:15,767 basehttp "POST /reviews/add/ HTTP/1.1" 302 0
INFO 2025-05-29 12:27:15,790 basehttp "GET /reviews/ HTTP/1.1" 200 1831
INFO 2025-05-29 12:27:20,748 basehttp "GET /reviews/ HTTP/1.1" 200 1831
INFO 2025-05-29 12:27:24,472 basehttp "GET /reviews/add/ HTTP/1.1" 200 3019
INFO 2025-05-29 12:27:29,504 basehttp "GET /reviews/ HTTP/1.1" 200 1831
INFO 2025-05-29 12:27:30,830 basehttp "GET /reviews/add/ HTTP/1.1" 200 3019
INFO 2025-05-29 12:27:39,358 basehttp "POST /reviews/add/ HTTP/1.1" 302 0
INFO 2025-05-29 12:27:39,381 basehttp "GET /reviews/ HTTP/1.1" 200 1831
INFO 2025-05-29 12:28:00,322 basehttp "GET /admin/shop/review/ HTTP/1.1" 302 0
INFO 2025-05-29 12:28:00,400 basehttp "GET /admin/login/?next=/admin/shop/review/ HTTP/1.1" 200 4031
INFO 2025-05-29 12:28:00,445 basehttp "GET /static/admin/css/base.css HTTP/1.1" 304 0
INFO 2025-05-29 12:28:00,450 basehttp "GET /static/admin/css/dark_mode.css HTTP/1.1" 304 0
INFO 2025-05-29 12:28:00,452 basehttp "GET /static/admin/css/nav_sidebar.css HTTP/1.1" 304 0
INFO 2025-05-29 12:28:00,455 basehttp "GET /static/admin/css/login.css HTTP/1.1" 304 0
INFO 2025-05-29 12:28:00,456 basehttp "GET /static/admin/css/responsive.css HTTP/1.1" 304 0
INFO 2025-05-29 12:28:00,457 basehttp "GET /static/admin/js/theme.js HTTP/1.1" 304 0
INFO 2025-05-29 12:28:00,481 basehttp "GET /static/admin/js/nav_sidebar.js HTTP/1.1" 304 0
INFO 2025-05-29 12:28:00,484 basehttp "GET /static/admin/img/icon-yes.svg HTTP/1.1" 304 0
INFO 2025-05-29 12:28:03,079 basehttp "POST /admin/login/?next=/admin/shop/review/ HTTP/1.1" 302 0
INFO 2025-05-29 12:28:03,113 basehttp "GET /admin/shop/review/ HTTP/1.1" 200 15981
INFO 2025-05-29 12:28:03,141 basehttp "GET /static/admin/js/jquery.init.js HTTP/1.1" 304 0
INFO 2025-05-29 12:28:03,141 basehttp "GET /static/admin/js/core.js HTTP/1.1" 304 0
INFO 2025-05-29 12:28:03,142 basehttp "GET /static/admin/js/admin/RelatedObjectLookups.js HTTP/1.1" 304 0
INFO 2025-05-29 12:28:03,142 basehttp "GET /static/admin/js/vendor/jquery/jquery.js HTTP/1.1" 304 0
INFO 2025-05-29 12:28:03,147 basehttp "GET /static/admin/js/urlify.js HTTP/1.1" 304 0
INFO 2025-05-29 12:28:03,148 basehttp "GET /static/admin/js/prepopulate.js HTTP/1.1" 304 0
INFO 2025-05-29 12:28:03,148 basehttp "GET /static/admin/css/changelists.css HTTP/1.1" 304 0
INFO 2025-05-29 12:28:03,150 basehttp "GET /static/admin/js/vendor/xregexp/xregexp.js HTTP/1.1" 304 0
INFO 2025-05-29 12:28:03,151 basehttp "GET /static/admin/js/actions.js HTTP/1.1" 304 0
INFO 2025-05-29 12:28:03,154 basehttp "GET /admin/jsi18n/ HTTP/1.1" 200 3342
INFO 2025-05-29 12:28:03,161 basehttp "GET /static/admin/js/filters.js HTTP/1.1" 304 0
INFO 2025-05-29 12:28:03,176 basehttp "GET /static/admin/img/icon-addlink.svg HTTP/1.1" 304 0
INFO 2025-05-29 12:28:03,176 basehttp "GET /static/admin/img/tooltag-add.svg HTTP/1.1" 304 0
INFO 2025-05-29 12:28:09,095 basehttp "GET /reviews/ HTTP/1.1" 200 1738
INFO 2025-05-29 12:28:12,596 basehttp "GET /reviews/ HTTP/1.1" 200 1738
INFO 2025-05-29 12:28:14,186 basehttp "GET /admin/shop/review/2/change/ HTTP/1.1" 200 20225
INFO 2025-05-29 12:28:14,232 basehttp "GET /static/admin/css/forms.css HTTP/1.1" 304 0
INFO 2025-05-29 12:28:14,240 basehttp "GET /static/admin/js/prepopulate_init.js HTTP/1.1" 304 0
INFO 2025-05-29 12:28:14,242 basehttp "GET /admin/jsi18n/ HTTP/1.1" 200 3342
INFO 2025-05-29 12:28:14,243 basehttp "GET /static/admin/css/widgets.css HTTP/1.1" 304 0
INFO 2025-05-29 12:28:14,272 basehttp "GET /static/admin/img/icon-changelink.svg HTTP/1.1" 304 0
INFO 2025-05-29 12:28:14,274 basehttp "GET /static/admin/img/icon-deletelink.svg HTTP/1.1" 304 0
INFO 2025-05-29 12:28:14,284 basehttp "GET /static/admin/js/change_form.js HTTP/1.1" 304 0
INFO 2025-05-29 12:28:14,285 basehttp "GET /static/admin/img/icon-viewlink.svg HTTP/1.1" 304 0
INFO 2025-05-29 12:28:25,152 basehttp "GET /admin/shop/review/ HTTP/1.1" 200 15981
INFO 2025-05-29 12:28:27,884 basehttp "GET /reviews/ HTTP/1.1" 200 1738
INFO 2025-05-29 12:28:30,338 basehttp "GET /reviews/ HTTP/1.1" 200 1738
INFO 2025-05-29 12:30:23,851 autoreload C:\Users\Кирилл\Desktop\353505_HOROSHKO_24\IGI\LR5\shop\models.py changed, reloading.
INFO 2025-05-29 12:30:24,969 autoreload Watching for file changes with StatReloader
INFO 2025-05-29 12:30:46,391 basehttp "POST /admin/shop/review/ HTTP/1.1" 200 14587
INFO 2025-05-29 12:30:46,431 basehttp "GET /static/admin/js/cancel.js HTTP/1.1" 304 0
INFO 2025-05-29 12:30:47,904 basehttp "POST /admin/shop/review/ HTTP/1.1" 302 0
INFO 2025-05-29 12:30:47,954 basehttp "GET /admin/shop/review/ HTTP/1.1" 200 14445
INFO 2025-05-29 12:30:48,011 basehttp "GET /admin/jsi18n/ HTTP/1.1" 200 3342
INFO 2025-05-29 12:31:17,089 autoreload C:\Users\Кирилл\Desktop\353505_HOROSHKO_24\IGI\LR5\shop\views.py changed, reloading.
INFO 2025-05-29 12:31:18,413 autoreload Watching for file changes with StatReloader
ERROR 2025-05-29 12:31:32,603 log Internal Server Error: /reviews/
Traceback (most recent call last):
  File "C:\Users\Кирилл\Desktop\353505_HOROSHKO_24\IGI\LR5\.venv\Lib\site-packages\django\template\defaulttags.py", line 1035, in find_library
    return parser.libraries[name]
           ~~~~~~~~~~~~~~~~^^^^^^
KeyError: 'auth_extras'

During handling of the above exception, another exception occurred:

Traceback (most recent call last):
  File "C:\Users\Кирилл\Desktop\353505_HOROSHKO_24\IGI\LR5\.venv\Lib\site-packages\django\core\handlers\exception.py", line 55, in inner
    response = get_response(request)
  File "C:\Users\Кирилл\Desktop\353505_HOROSHKO_24\IGI\LR5\.venv\Lib\site-packages\django\core\handlers\base.py", line 197, in _get_response
    response = wrapped_callback(request, *callback_args, **callback_kwargs)
  File "C:\Users\Кирилл\Desktop\353505_HOROSHKO_24\IGI\LR5\shop\views.py", line 413, in reviews
    return render(request, 'shop/reviews.html', {'reviews': reviews_list})
  File "C:\Users\Кирилл\Desktop\353505_HOROSHKO_24\IGI\LR5\.venv\Lib\site-packages\django\shortcuts.py", line 25, in render
    content = loader.render_to_string(template_name, context, request, using=using)
  File "C:\Users\Кирилл\Desktop\353505_HOROSHKO_24\IGI\LR5\.venv\Lib\site-packages\django\template\loader.py", line 61, in render_to_string
    template = get_template(template_name, using=using)
  File "C:\Users\Кирилл\Desktop\353505_HOROSHKO_24\IGI\LR5\.venv\Lib\site-packages\django\template\loader.py", line 15, in get_template
    return engine.get_template(template_name)
           ~~~~~~~~~~~~~~~~~~~^^^^^^^^^^^^^^^
  File "C:\Users\Кирилл\Desktop\353505_HOROSHKO_24\IGI\LR5\.venv\Lib\site-packages\django\template\backends\django.py", line 79, in get_template
    return Template(self.engine.get_template(template_name), self)
                    ~~~~~~~~~~~~~~~~~~~~~~~~^^^^^^^^^^^^^^^
  File "C:\Users\Кирилл\Desktop\353505_HOROSHKO_24\IGI\LR5\.venv\Lib\site-packages\django\template\engine.py", line 177, in get_template
    template, origin = self.find_template(template_name)
                       ~~~~~~~~~~~~~~~~~~^^^^^^^^^^^^^^^
  File "C:\Users\Кирилл\Desktop\353505_HOROSHKO_24\IGI\LR5\.venv\Lib\site-packages\django\template\engine.py", line 159, in find_template
    template = loader.get_template(name, skip=skip)
  File "C:\Users\Кирилл\Desktop\353505_HOROSHKO_24\IGI\LR5\.venv\Lib\site-packages\django\template\loaders\cached.py", line 57, in get_template
    template = super().get_template(template_name, skip)
  File "C:\Users\Кирилл\Desktop\353505_HOROSHKO_24\IGI\LR5\.venv\Lib\site-packages\django\template\loaders\base.py", line 28, in get_template
    return Template(
        contents,
    ...<2 lines>...
        self.engine,
    )
  File "C:\Users\Кирилл\Desktop\353505_HOROSHKO_24\IGI\LR5\.venv\Lib\site-packages\django\template\base.py", line 154, in __init__
    self.nodelist = self.compile_nodelist()
                    ~~~~~~~~~~~~~~~~~~~~~^^
  File "C:\Users\Кирилл\Desktop\353505_HOROSHKO_24\IGI\LR5\.venv\Lib\site-packages\django\template\base.py", line 196, in compile_nodelist
    nodelist = parser.parse()
  File "C:\Users\Кирилл\Desktop\353505_HOROSHKO_24\IGI\LR5\.venv\Lib\site-packages\django\template\base.py", line 518, in parse
    raise self.error(token, e)
  File "C:\Users\Кирилл\Desktop\353505_HOROSHKO_24\IGI\LR5\.venv\Lib\site-packages\django\template\base.py", line 516, in parse
    compiled_result = compile_func(self, token)
  File "C:\Users\Кирилл\Desktop\353505_HOROSHKO_24\IGI\LR5\.venv\Lib\site-packages\django\template\loader_tags.py", line 299, in do_extends
    nodelist = parser.parse()
  File "C:\Users\Кирилл\Desktop\353505_HOROSHKO_24\IGI\LR5\.venv\Lib\site-packages\django\template\base.py", line 518, in parse
    raise self.error(token, e)
  File "C:\Users\Кирилл\Desktop\353505_HOROSHKO_24\IGI\LR5\.venv\Lib\site-packages\django\template\base.py", line 516, in parse
    compiled_result = compile_func(self, token)
  File "C:\Users\Кирилл\Desktop\353505_HOROSHKO_24\IGI\LR5\.venv\Lib\site-packages\django\template\defaulttags.py", line 1097, in load
    lib = find_library(parser, name)
  File "C:\Users\Кирилл\Desktop\353505_HOROSHKO_24\IGI\LR5\.venv\Lib\site-packages\django\template\defaulttags.py", line 1037, in find_library
    raise TemplateSyntaxError(
    ...<5 lines>...
    )
django.template.exceptions.TemplateSyntaxError: 'auth_extras' is not a registered tag library. Must be one of:
admin_list
admin_modify
admin_urls
cache
custom_filters
group_filters
i18n
l10n
log
static
tz
ERROR 2025-05-29 12:31:32,614 basehttp "GET /reviews/ HTTP/1.1" 500 178745
INFO 2025-05-29 12:31:36,297 basehttp "GET /reviews/add/ HTTP/1.1" 302 0
WARNING 2025-05-29 12:31:36,311 log Not Found: /accounts/login/
WARNING 2025-05-29 12:31:36,312 basehttp "GET /accounts/login/?next=/reviews/add/ HTTP/1.1" 404 9605
INFO 2025-05-29 12:31:42,057 basehttp "GET / HTTP/1.1" 200 2549
ERROR 2025-05-29 12:31:45,547 log Internal Server Error: /reviews/
Traceback (most recent call last):
  File "C:\Users\Кирилл\Desktop\353505_HOROSHKO_24\IGI\LR5\.venv\Lib\site-packages\django\template\defaulttags.py", line 1035, in find_library
    return parser.libraries[name]
           ~~~~~~~~~~~~~~~~^^^^^^
KeyError: 'auth_extras'

During handling of the above exception, another exception occurred:

Traceback (most recent call last):
  File "C:\Users\Кирилл\Desktop\353505_HOROSHKO_24\IGI\LR5\.venv\Lib\site-packages\django\core\handlers\exception.py", line 55, in inner
    response = get_response(request)
  File "C:\Users\Кирилл\Desktop\353505_HOROSHKO_24\IGI\LR5\.venv\Lib\site-packages\django\core\handlers\base.py", line 197, in _get_response
    response = wrapped_callback(request, *callback_args, **callback_kwargs)
  File "C:\Users\Кирилл\Desktop\353505_HOROSHKO_24\IGI\LR5\shop\views.py", line 413, in reviews
    return render(request, 'shop/reviews.html', {'reviews': reviews_list})
  File "C:\Users\Кирилл\Desktop\353505_HOROSHKO_24\IGI\LR5\.venv\Lib\site-packages\django\shortcuts.py", line 25, in render
    content = loader.render_to_string(template_name, context, request, using=using)
  File "C:\Users\Кирилл\Desktop\353505_HOROSHKO_24\IGI\LR5\.venv\Lib\site-packages\django\template\loader.py", line 61, in render_to_string
    template = get_template(template_name, using=using)
  File "C:\Users\Кирилл\Desktop\353505_HOROSHKO_24\IGI\LR5\.venv\Lib\site-packages\django\template\loader.py", line 15, in get_template
    return engine.get_template(template_name)
           ~~~~~~~~~~~~~~~~~~~^^^^^^^^^^^^^^^
  File "C:\Users\Кирилл\Desktop\353505_HOROSHKO_24\IGI\LR5\.venv\Lib\site-packages\django\template\backends\django.py", line 79, in get_template
    return Template(self.engine.get_template(template_name), self)
                    ~~~~~~~~~~~~~~~~~~~~~~~~^^^^^^^^^^^^^^^
  File "C:\Users\Кирилл\Desktop\353505_HOROSHKO_24\IGI\LR5\.venv\Lib\site-packages\django\template\engine.py", line 177, in get_template
    template, origin = self.find_template(template_name)
                       ~~~~~~~~~~~~~~~~~~^^^^^^^^^^^^^^^
  File "C:\Users\Кирилл\Desktop\353505_HOROSHKO_24\IGI\LR5\.venv\Lib\site-packages\django\template\engine.py", line 159, in find_template
    template = loader.get_template(name, skip=skip)
  File "C:\Users\Кирилл\Desktop\353505_HOROSHKO_24\IGI\LR5\.venv\Lib\site-packages\django\template\loaders\cached.py", line 57, in get_template
    template = super().get_template(template_name, skip)
  File "C:\Users\Кирилл\Desktop\353505_HOROSHKO_24\IGI\LR5\.venv\Lib\site-packages\django\template\loaders\base.py", line 28, in get_template
    return Template(
        contents,
    ...<2 lines>...
        self.engine,
    )
  File "C:\Users\Кирилл\Desktop\353505_HOROSHKO_24\IGI\LR5\.venv\Lib\site-packages\django\template\base.py", line 154, in __init__
    self.nodelist = self.compile_nodelist()
                    ~~~~~~~~~~~~~~~~~~~~~^^
  File "C:\Users\Кирилл\Desktop\353505_HOROSHKO_24\IGI\LR5\.venv\Lib\site-packages\django\template\base.py", line 196, in compile_nodelist
    nodelist = parser.parse()
  File "C:\Users\Кирилл\Desktop\353505_HOROSHKO_24\IGI\LR5\.venv\Lib\site-packages\django\template\base.py", line 518, in parse
    raise self.error(token, e)
  File "C:\Users\Кирилл\Desktop\353505_HOROSHKO_24\IGI\LR5\.venv\Lib\site-packages\django\template\base.py", line 516, in parse
    compiled_result = compile_func(self, token)
  File "C:\Users\Кирилл\Desktop\353505_HOROSHKO_24\IGI\LR5\.venv\Lib\site-packages\django\template\loader_tags.py", line 299, in do_extends
    nodelist = parser.parse()
  File "C:\Users\Кирилл\Desktop\353505_HOROSHKO_24\IGI\LR5\.venv\Lib\site-packages\django\template\base.py", line 518, in parse
    raise self.error(token, e)
  File "C:\Users\Кирилл\Desktop\353505_HOROSHKO_24\IGI\LR5\.venv\Lib\site-packages\django\template\base.py", line 516, in parse
    compiled_result = compile_func(self, token)
  File "C:\Users\Кирилл\Desktop\353505_HOROSHKO_24\IGI\LR5\.venv\Lib\site-packages\django\template\defaulttags.py", line 1097, in load
    lib = find_library(parser, name)
  File "C:\Users\Кирилл\Desktop\353505_HOROSHKO_24\IGI\LR5\.venv\Lib\site-packages\django\template\defaulttags.py", line 1037, in find_library
    raise TemplateSyntaxError(
    ...<5 lines>...
    )
django.template.exceptions.TemplateSyntaxError: 'auth_extras' is not a registered tag library. Must be one of:
admin_list
admin_modify
admin_urls
cache
custom_filters
group_filters
i18n
l10n
log
static
tz
ERROR 2025-05-29 12:31:45,553 basehttp "GET /reviews/ HTTP/1.1" 500 178600
INFO 2025-05-29 12:32:25,177 autoreload Watching for file changes with StatReloader
INFO 2025-05-29 12:32:33,416 basehttp "GET / HTTP/1.1" 200 2597
ERROR 2025-05-29 12:32:34,948 log Internal Server Error: /reviews/
Traceback (most recent call last):
  File "C:\Users\Кирилл\Desktop\353505_HOROSHKO_24\IGI\LR5\.venv\Lib\site-packages\django\template\defaulttags.py", line 1035, in find_library
    return parser.libraries[name]
           ~~~~~~~~~~~~~~~~^^^^^^
KeyError: 'auth_extras'

During handling of the above exception, another exception occurred:

Traceback (most recent call last):
  File "C:\Users\Кирилл\Desktop\353505_HOROSHKO_24\IGI\LR5\.venv\Lib\site-packages\django\core\handlers\exception.py", line 55, in inner
    response = get_response(request)
  File "C:\Users\Кирилл\Desktop\353505_HOROSHKO_24\IGI\LR5\.venv\Lib\site-packages\django\core\handlers\base.py", line 197, in _get_response
    response = wrapped_callback(request, *callback_args, **callback_kwargs)
  File "C:\Users\Кирилл\Desktop\353505_HOROSHKO_24\IGI\LR5\shop\views.py", line 413, in reviews
    return render(request, 'shop/reviews.html', {'reviews': reviews_list})
  File "C:\Users\Кирилл\Desktop\353505_HOROSHKO_24\IGI\LR5\.venv\Lib\site-packages\django\shortcuts.py", line 25, in render
    content = loader.render_to_string(template_name, context, request, using=using)
  File "C:\Users\Кирилл\Desktop\353505_HOROSHKO_24\IGI\LR5\.venv\Lib\site-packages\django\template\loader.py", line 61, in render_to_string
    template = get_template(template_name, using=using)
  File "C:\Users\Кирилл\Desktop\353505_HOROSHKO_24\IGI\LR5\.venv\Lib\site-packages\django\template\loader.py", line 15, in get_template
    return engine.get_template(template_name)
           ~~~~~~~~~~~~~~~~~~~^^^^^^^^^^^^^^^
  File "C:\Users\Кирилл\Desktop\353505_HOROSHKO_24\IGI\LR5\.venv\Lib\site-packages\django\template\backends\django.py", line 79, in get_template
    return Template(self.engine.get_template(template_name), self)
                    ~~~~~~~~~~~~~~~~~~~~~~~~^^^^^^^^^^^^^^^
  File "C:\Users\Кирилл\Desktop\353505_HOROSHKO_24\IGI\LR5\.venv\Lib\site-packages\django\template\engine.py", line 177, in get_template
    template, origin = self.find_template(template_name)
                       ~~~~~~~~~~~~~~~~~~^^^^^^^^^^^^^^^
  File "C:\Users\Кирилл\Desktop\353505_HOROSHKO_24\IGI\LR5\.venv\Lib\site-packages\django\template\engine.py", line 159, in find_template
    template = loader.get_template(name, skip=skip)
  File "C:\Users\Кирилл\Desktop\353505_HOROSHKO_24\IGI\LR5\.venv\Lib\site-packages\django\template\loaders\cached.py", line 57, in get_template
    template = super().get_template(template_name, skip)
  File "C:\Users\Кирилл\Desktop\353505_HOROSHKO_24\IGI\LR5\.venv\Lib\site-packages\django\template\loaders\base.py", line 28, in get_template
    return Template(
        contents,
    ...<2 lines>...
        self.engine,
    )
  File "C:\Users\Кирилл\Desktop\353505_HOROSHKO_24\IGI\LR5\.venv\Lib\site-packages\django\template\base.py", line 154, in __init__
    self.nodelist = self.compile_nodelist()
                    ~~~~~~~~~~~~~~~~~~~~~^^
  File "C:\Users\Кирилл\Desktop\353505_HOROSHKO_24\IGI\LR5\.venv\Lib\site-packages\django\template\base.py", line 196, in compile_nodelist
    nodelist = parser.parse()
  File "C:\Users\Кирилл\Desktop\353505_HOROSHKO_24\IGI\LR5\.venv\Lib\site-packages\django\template\base.py", line 518, in parse
    raise self.error(token, e)
  File "C:\Users\Кирилл\Desktop\353505_HOROSHKO_24\IGI\LR5\.venv\Lib\site-packages\django\template\base.py", line 516, in parse
    compiled_result = compile_func(self, token)
  File "C:\Users\Кирилл\Desktop\353505_HOROSHKO_24\IGI\LR5\.venv\Lib\site-packages\django\template\loader_tags.py", line 299, in do_extends
    nodelist = parser.parse()
  File "C:\Users\Кирилл\Desktop\353505_HOROSHKO_24\IGI\LR5\.venv\Lib\site-packages\django\template\base.py", line 518, in parse
    raise self.error(token, e)
  File "C:\Users\Кирилл\Desktop\353505_HOROSHKO_24\IGI\LR5\.venv\Lib\site-packages\django\template\base.py", line 516, in parse
    compiled_result = compile_func(self, token)
  File "C:\Users\Кирилл\Desktop\353505_HOROSHKO_24\IGI\LR5\.venv\Lib\site-packages\django\template\defaulttags.py", line 1097, in load
    lib = find_library(parser, name)
  File "C:\Users\Кирилл\Desktop\353505_HOROSHKO_24\IGI\LR5\.venv\Lib\site-packages\django\template\defaulttags.py", line 1037, in find_library
    raise TemplateSyntaxError(
    ...<5 lines>...
    )
django.template.exceptions.TemplateSyntaxError: 'auth_extras' is not a registered tag library. Must be one of:
admin_list
admin_modify
admin_urls
cache
custom_filters
group_filters
i18n
l10n
log
static
tz
ERROR 2025-05-29 12:32:34,953 basehttp "GET /reviews/ HTTP/1.1" 500 178600
INFO 2025-05-29 12:36:05,396 basehttp "GET /reviews/ HTTP/1.1" 200 1702
INFO 2025-05-29 12:36:07,476 basehttp "GET /reviews/ HTTP/1.1" 200 1702
INFO 2025-05-29 12:36:08,852 basehttp "GET /logout/ HTTP/1.1" 302 0
INFO 2025-05-29 12:36:08,861 basehttp "GET /auth-options/ HTTP/1.1" 200 803
INFO 2025-05-29 12:36:10,958 basehttp "GET / HTTP/1.1" 200 2327
INFO 2025-05-29 12:36:13,678 basehttp "GET /login/ HTTP/1.1" 200 1119
INFO 2025-05-29 12:36:31,968 basehttp "POST /login/ HTTP/1.1" 302 0
INFO 2025-05-29 12:36:32,366 basehttp "GET / HTTP/1.1" 200 2572
INFO 2025-05-29 12:36:35,632 basehttp "GET /reviews/ HTTP/1.1" 200 1795
INFO 2025-05-29 12:36:37,652 basehttp "GET /reviews/add/ HTTP/1.1" 200 3019
INFO 2025-05-29 12:36:45,990 basehttp "POST /reviews/add/ HTTP/1.1" 302 0
INFO 2025-05-29 12:36:46,019 basehttp "GET /reviews/ HTTP/1.1" 200 2636
INFO 2025-05-29 12:36:53,593 basehttp "GET /logout/ HTTP/1.1" 302 0
INFO 2025-05-29 12:36:53,602 basehttp "GET /auth-options/ HTTP/1.1" 200 803
INFO 2025-05-29 12:36:55,298 basehttp "GET / HTTP/1.1" 200 2326
INFO 2025-05-29 12:36:57,182 basehttp "GET /reviews/ HTTP/1.1" 200 2352
INFO 2025-05-29 12:37:00,785 basehttp "GET /login/ HTTP/1.1" 200 1260
INFO 2025-05-29 12:37:02,687 basehttp "POST /login/ HTTP/1.1" 302 0
INFO 2025-05-29 12:37:02,981 basehttp "GET / HTTP/1.1" 200 2551
INFO 2025-05-29 12:37:13,767 basehttp "GET /about/ HTTP/1.1" 200 2277
INFO 2025-05-29 12:37:16,304 basehttp "GET /news/ HTTP/1.1" 200 2502
INFO 2025-05-29 12:37:17,596 basehttp "GET /faq/ HTTP/1.1" 200 2620
INFO 2025-05-29 12:37:18,446 basehttp "GET /contacts/ HTTP/1.1" 200 2724
INFO 2025-05-29 12:37:19,203 basehttp "GET /privacy/ HTTP/1.1" 200 1481
INFO 2025-05-29 12:37:20,174 basehttp "GET /careers/ HTTP/1.1" 200 7081
INFO 2025-05-29 12:37:21,116 basehttp "GET /reviews/ HTTP/1.1" 200 2543
INFO 2025-05-29 12:37:25,125 basehttp "GET /admin/shop/uservisit/ HTTP/1.1" 200 22372
INFO 2025-05-29 12:37:25,184 basehttp "GET /admin/jsi18n/ HTTP/1.1" 200 3342
INFO 2025-05-29 12:38:04,987 basehttp "GET /manufacturers/ HTTP/1.1" 200 4696
WARNING 2025-05-29 12:38:05,135 log Not Found: /media/manufacturers/images.png
WARNING 2025-05-29 12:38:05,141 basehttp "GET /media/manufacturers/images.png HTTP/1.1" 404 9880
INFO 2025-05-29 12:38:12,582 basehttp "GET /products/ HTTP/1.1" 200 13098
INFO 2025-05-29 12:38:12,649 basehttp "GET /media/products/01517118.n_1.png.webp HTTP/1.1" 304 0
INFO 2025-05-29 12:38:12,665 basehttp "GET /media/products/01329525.n_1.png.webp HTTP/1.1" 304 0
INFO 2025-05-29 12:38:12,667 basehttp "GET /media/products/Aeroflotskie_35_gr.webp HTTP/1.1" 304 0
INFO 2025-05-29 12:38:12,671 basehttp "GET /media/products/00879807.n_1.png.webp HTTP/1.1" 304 0
INFO 2025-05-29 12:38:12,671 basehttp "GET /media/products/Grilyazh_na_arakhise.webp HTTP/1.1" 304 0
INFO 2025-05-29 12:38:12,672 basehttp "GET /media/products/00031070.n_1_1000x1000.png.webp HTTP/1.1" 304 0
INFO 2025-05-29 12:38:12,677 basehttp "GET /media/products/20200623220617_kuznechik.png HTTP/1.1" 304 0
INFO 2025-05-29 12:38:12,698 basehttp "GET /media/products/02102477.n_1.png.webp HTTP/1.1" 304 0
INFO 2025-05-29 12:38:12,699 basehttp "GET /media/products/00694969.n_1.png.webp HTTP/1.1" 304 0
INFO 2025-05-29 12:38:12,699 basehttp "GET /media/products/00694030.n_1.png.webp HTTP/1.1" 304 0
INFO 2025-05-29 12:38:12,701 basehttp "GET /media/products/00972854_k6iCBT3.n_1.png.webp HTTP/1.1" 304 0
INFO 2025-05-29 12:38:12,702 basehttp "GET /media/products/01742391.n_1.png.webp HTTP/1.1" 304 0
INFO 2025-05-29 12:38:12,704 basehttp "GET /media/products/00023129.n_1.png.webp HTTP/1.1" 304 0
INFO 2025-05-29 12:38:12,715 basehttp "GET /media/products/5b2483c39a1cc005bd5344e76b555e95.webp HTTP/1.1" 304 0
INFO 2025-05-29 12:38:12,715 basehttp "GET /media/products/02102474.n_1.png.webp HTTP/1.1" 304 0
INFO 2025-05-29 12:38:12,715 basehttp "GET /media/products/a8cc84e69b221875b8e38df008db2309.webp HTTP/1.1" 304 0
INFO 2025-05-29 12:38:12,718 basehttp "GET /media/products/00997603.n_1.png.webp HTTP/1.1" 304 0
INFO 2025-05-29 12:38:12,722 basehttp "GET /media/products/00975722.n_1.png.webp HTTP/1.1" 304 0
INFO 2025-05-29 12:38:12,726 basehttp "GET /media/products/00189563.n_1.png.webp HTTP/1.1" 304 0
INFO 2025-05-29 12:38:19,621 basehttp "GET /logout/ HTTP/1.1" 302 0
INFO 2025-05-29 12:38:19,629 basehttp "GET /auth-options/ HTTP/1.1" 200 803
INFO 2025-05-29 12:38:21,245 basehttp "GET /login/ HTTP/1.1" 200 1119
INFO 2025-05-29 12:38:34,564 basehttp "POST /login/ HTTP/1.1" 200 1288
INFO 2025-05-29 12:38:44,432 basehttp "POST /login/ HTTP/1.1" 302 0
INFO 2025-05-29 12:38:44,694 basehttp "GET / HTTP/1.1" 200 2457
INFO 2025-05-29 12:38:48,546 basehttp "GET /client_orders/ HTTP/1.1" 200 1527
INFO 2025-05-29 12:47:40,755 autoreload C:\Users\Кирилл\Desktop\353505_HOROSHKO_24\IGI\LR5\shop\urls.py changed, reloading.
INFO 2025-05-29 12:47:41,776 autoreload Watching for file changes with StatReloader
INFO 2025-05-29 12:47:49,487 autoreload C:\Users\Кирилл\Desktop\353505_HOROSHKO_24\IGI\LR5\shop\urls.py changed, reloading.
INFO 2025-05-29 12:47:50,683 autoreload Watching for file changes with StatReloader
INFO 2025-05-29 12:48:00,759 autoreload C:\Users\Кирилл\Desktop\353505_HOROSHKO_24\IGI\LR5\shop\views.py changed, reloading.
INFO 2025-05-29 12:48:03,061 autoreload Watching for file changes with StatReloader
INFO 2025-05-29 12:48:04,997 autoreload C:\Users\Кирилл\Desktop\353505_HOROSHKO_24\IGI\LR5\shop\views.py changed, reloading.
INFO 2025-05-29 12:48:07,768 autoreload Watching for file changes with StatReloader
INFO 2025-05-29 12:48:23,785 autoreload C:\Users\Кирилл\Desktop\353505_HOROSHKO_24\IGI\LR5\shop\views.py changed, reloading.
INFO 2025-05-29 12:48:24,846 autoreload Watching for file changes with StatReloader
INFO 2025-05-29 12:48:35,337 autoreload C:\Users\Кирилл\Desktop\353505_HOROSHKO_24\IGI\LR5\shop\views.py changed, reloading.
INFO 2025-05-29 12:48:37,609 autoreload Watching for file changes with StatReloader
INFO 2025-05-29 12:49:03,779 autoreload C:\Users\Кирилл\Desktop\353505_HOROSHKO_24\IGI\LR5\shop\views.py changed, reloading.
INFO 2025-05-29 12:49:04,864 autoreload Watching for file changes with StatReloader
INFO 2025-05-29 12:49:07,694 autoreload C:\Users\Кирилл\Desktop\353505_HOROSHKO_24\IGI\LR5\shop\views.py changed, reloading.
INFO 2025-05-29 12:49:09,421 autoreload Watching for file changes with StatReloader
INFO 2025-05-29 12:49:18,105 autoreload C:\Users\Кирилл\Desktop\353505_HOROSHKO_24\IGI\LR5\shop\views.py changed, reloading.
INFO 2025-05-29 12:49:20,339 autoreload Watching for file changes with StatReloader
INFO 2025-05-29 12:49:24,840 autoreload C:\Users\Кирилл\Desktop\353505_HOROSHKO_24\IGI\LR5\shop\views.py changed, reloading.
INFO 2025-05-29 12:49:26,393 autoreload Watching for file changes with StatReloader
INFO 2025-05-29 12:51:57,255 autoreload C:\Users\Кирилл\Desktop\353505_HOROSHKO_24\IGI\LR5\shop\views.py changed, reloading.
INFO 2025-05-29 12:51:59,825 autoreload Watching for file changes with StatReloader
INFO 2025-05-29 12:52:17,393 autoreload C:\Users\Кирилл\Desktop\353505_HOROSHKO_24\IGI\LR5\shop\urls.py changed, reloading.
INFO 2025-05-29 12:52:18,356 autoreload Watching for file changes with StatReloader
INFO 2025-05-29 12:52:27,591 basehttp "GET / HTTP/1.1" 200 2532
INFO 2025-05-29 12:52:30,682 basehttp "GET /client_orders/ HTTP/1.1" 200 1527
ERROR 2025-05-29 12:52:37,753 log Internal Server Error: /products/
Traceback (most recent call last):
  File "C:\Users\Кирилл\Desktop\353505_HOROSHKO_24\IGI\LR5\.venv\Lib\site-packages\django\template\smartif.py", line 180, in translate_token
    op = OPERATORS[token]
         ~~~~~~~~~^^^^^^^
KeyError: 'user|in_group:"client"'

During handling of the above exception, another exception occurred:

Traceback (most recent call last):
  File "C:\Users\Кирилл\Desktop\353505_HOROSHKO_24\IGI\LR5\.venv\Lib\site-packages\django\core\handlers\exception.py", line 55, in inner
    response = get_response(request)
  File "C:\Users\Кирилл\Desktop\353505_HOROSHKO_24\IGI\LR5\.venv\Lib\site-packages\django\core\handlers\base.py", line 197, in _get_response
    response = wrapped_callback(request, *callback_args, **callback_kwargs)
  File "C:\Users\Кирилл\Desktop\353505_HOROSHKO_24\IGI\LR5\shop\views.py", line 358, in products
    return render(request, 'shop/products.html', context)
  File "C:\Users\Кирилл\Desktop\353505_HOROSHKO_24\IGI\LR5\.venv\Lib\site-packages\django\shortcuts.py", line 25, in render
    content = loader.render_to_string(template_name, context, request, using=using)
  File "C:\Users\Кирилл\Desktop\353505_HOROSHKO_24\IGI\LR5\.venv\Lib\site-packages\django\template\loader.py", line 61, in render_to_string
    template = get_template(template_name, using=using)
  File "C:\Users\Кирилл\Desktop\353505_HOROSHKO_24\IGI\LR5\.venv\Lib\site-packages\django\template\loader.py", line 15, in get_template
    return engine.get_template(template_name)
           ~~~~~~~~~~~~~~~~~~~^^^^^^^^^^^^^^^
  File "C:\Users\Кирилл\Desktop\353505_HOROSHKO_24\IGI\LR5\.venv\Lib\site-packages\django\template\backends\django.py", line 79, in get_template
    return Template(self.engine.get_template(template_name), self)
                    ~~~~~~~~~~~~~~~~~~~~~~~~^^^^^^^^^^^^^^^
  File "C:\Users\Кирилл\Desktop\353505_HOROSHKO_24\IGI\LR5\.venv\Lib\site-packages\django\template\engine.py", line 177, in get_template
    template, origin = self.find_template(template_name)
                       ~~~~~~~~~~~~~~~~~~^^^^^^^^^^^^^^^
  File "C:\Users\Кирилл\Desktop\353505_HOROSHKO_24\IGI\LR5\.venv\Lib\site-packages\django\template\engine.py", line 159, in find_template
    template = loader.get_template(name, skip=skip)
  File "C:\Users\Кирилл\Desktop\353505_HOROSHKO_24\IGI\LR5\.venv\Lib\site-packages\django\template\loaders\cached.py", line 57, in get_template
    template = super().get_template(template_name, skip)
  File "C:\Users\Кирилл\Desktop\353505_HOROSHKO_24\IGI\LR5\.venv\Lib\site-packages\django\template\loaders\base.py", line 28, in get_template
    return Template(
        contents,
    ...<2 lines>...
        self.engine,
    )
  File "C:\Users\Кирилл\Desktop\353505_HOROSHKO_24\IGI\LR5\.venv\Lib\site-packages\django\template\base.py", line 154, in __init__
    self.nodelist = self.compile_nodelist()
                    ~~~~~~~~~~~~~~~~~~~~~^^
  File "C:\Users\Кирилл\Desktop\353505_HOROSHKO_24\IGI\LR5\.venv\Lib\site-packages\django\template\base.py", line 196, in compile_nodelist
    nodelist = parser.parse()
  File "C:\Users\Кирилл\Desktop\353505_HOROSHKO_24\IGI\LR5\.venv\Lib\site-packages\django\template\base.py", line 518, in parse
    raise self.error(token, e)
  File "C:\Users\Кирилл\Desktop\353505_HOROSHKO_24\IGI\LR5\.venv\Lib\site-packages\django\template\base.py", line 516, in parse
    compiled_result = compile_func(self, token)
  File "C:\Users\Кирилл\Desktop\353505_HOROSHKO_24\IGI\LR5\.venv\Lib\site-packages\django\template\loader_tags.py", line 299, in do_extends
    nodelist = parser.parse()
  File "C:\Users\Кирилл\Desktop\353505_HOROSHKO_24\IGI\LR5\.venv\Lib\site-packages\django\template\base.py", line 518, in parse
    raise self.error(token, e)
  File "C:\Users\Кирилл\Desktop\353505_HOROSHKO_24\IGI\LR5\.venv\Lib\site-packages\django\template\base.py", line 516, in parse
    compiled_result = compile_func(self, token)
  File "C:\Users\Кирилл\Desktop\353505_HOROSHKO_24\IGI\LR5\.venv\Lib\site-packages\django\template\loader_tags.py", line 234, in do_block
    nodelist = parser.parse(("endblock",))
  File "C:\Users\Кирилл\Desktop\353505_HOROSHKO_24\IGI\LR5\.venv\Lib\site-packages\django\template\base.py", line 518, in parse
    raise self.error(token, e)
  File "C:\Users\Кирилл\Desktop\353505_HOROSHKO_24\IGI\LR5\.venv\Lib\site-packages\django\template\base.py", line 516, in parse
    compiled_result = compile_func(self, token)
  File "C:\Users\Кирилл\Desktop\353505_HOROSHKO_24\IGI\LR5\.venv\Lib\site-packages\django\template\defaulttags.py", line 862, in do_for
    nodelist_loop = parser.parse(
        (
    ...<2 lines>...
        )
    )
  File "C:\Users\Кирилл\Desktop\353505_HOROSHKO_24\IGI\LR5\.venv\Lib\site-packages\django\template\base.py", line 518, in parse
    raise self.error(token, e)
  File "C:\Users\Кирилл\Desktop\353505_HOROSHKO_24\IGI\LR5\.venv\Lib\site-packages\django\template\base.py", line 516, in parse
    compiled_result = compile_func(self, token)
  File "C:\Users\Кирилл\Desktop\353505_HOROSHKO_24\IGI\LR5\.venv\Lib\site-packages\django\template\defaulttags.py", line 961, in do_if
    condition = TemplateIfParser(parser, bits).parse()
                ~~~~~~~~~~~~~~~~^^^^^^^^^^^^^^
  File "C:\Users\Кирилл\Desktop\353505_HOROSHKO_24\IGI\LR5\.venv\Lib\site-packages\django\template\defaulttags.py", line 894, in __init__
    super().__init__(*args, **kwargs)
    ~~~~~~~~~~~~~~~~^^^^^^^^^^^^^^^^^
  File "C:\Users\Кирилл\Desktop\353505_HOROSHKO_24\IGI\LR5\.venv\Lib\site-packages\django\template\smartif.py", line 171, in __init__
    mapped_tokens.append(self.translate_token(token))
                         ~~~~~~~~~~~~~~~~~~~~^^^^^^^
  File "C:\Users\Кирилл\Desktop\353505_HOROSHKO_24\IGI\LR5\.venv\Lib\site-packages\django\template\smartif.py", line 182, in translate_token
    return self.create_var(token)
           ~~~~~~~~~~~~~~~^^^^^^^
  File "C:\Users\Кирилл\Desktop\353505_HOROSHKO_24\IGI\LR5\.venv\Lib\site-packages\django\template\defaulttags.py", line 897, in create_var
    return TemplateLiteral(self.template_parser.compile_filter(value), value)
                           ~~~~~~~~~~~~~~~~~~~~~~~~~~~~~~~~~~~^^^^^^^
  File "C:\Users\Кирилл\Desktop\353505_HOROSHKO_24\IGI\LR5\.venv\Lib\site-packages\django\template\base.py", line 609, in compile_filter
    return FilterExpression(token, self)
  File "C:\Users\Кирилл\Desktop\353505_HOROSHKO_24\IGI\LR5\.venv\Lib\site-packages\django\template\base.py", line 705, in __init__
    filter_func = parser.find_filter(filter_name)
  File "C:\Users\Кирилл\Desktop\353505_HOROSHKO_24\IGI\LR5\.venv\Lib\site-packages\django\template\base.py", line 615, in find_filter
    raise TemplateSyntaxError("Invalid filter: '%s'" % filter_name)
django.template.exceptions.TemplateSyntaxError: Invalid filter: 'in_group'
ERROR 2025-05-29 12:52:37,767 basehttp "GET /products/ HTTP/1.1" 500 265706
INFO 2025-05-29 12:53:15,286 basehttp "GET /products/ HTTP/1.1" 200 17800
INFO 2025-05-29 12:53:15,385 basehttp "GET /media/products/01517118.n_1.png.webp HTTP/1.1" 304 0
INFO 2025-05-29 12:53:15,390 basehttp "GET /media/products/01329525.n_1.png.webp HTTP/1.1" 304 0
INFO 2025-05-29 12:53:15,391 basehttp "GET /media/products/Aeroflotskie_35_gr.webp HTTP/1.1" 304 0
INFO 2025-05-29 12:53:15,396 basehttp "GET /media/products/00879807.n_1.png.webp HTTP/1.1" 304 0
INFO 2025-05-29 12:53:15,396 basehttp "GET /media/products/00031070.n_1_1000x1000.png.webp HTTP/1.1" 304 0
INFO 2025-05-29 12:53:15,397 basehttp "GET /media/products/Grilyazh_na_arakhise.webp HTTP/1.1" 304 0
INFO 2025-05-29 12:53:15,407 basehttp "GET /media/products/20200623220617_kuznechik.png HTTP/1.1" 304 0
INFO 2025-05-29 12:53:15,416 basehttp "GET /media/products/00972854_k6iCBT3.n_1.png.webp HTTP/1.1" 304 0
INFO 2025-05-29 12:53:15,418 basehttp "GET /media/products/00694030.n_1.png.webp HTTP/1.1" 304 0
INFO 2025-05-29 12:53:15,418 basehttp "GET /media/products/00694969.n_1.png.webp HTTP/1.1" 304 0
INFO 2025-05-29 12:53:15,420 basehttp "GET /media/products/02102477.n_1.png.webp HTTP/1.1" 304 0
INFO 2025-05-29 12:53:15,420 basehttp "GET /media/products/01742391.n_1.png.webp HTTP/1.1" 304 0
INFO 2025-05-29 12:53:15,429 basehttp "GET /media/products/00023129.n_1.png.webp HTTP/1.1" 304 0
INFO 2025-05-29 12:53:15,436 basehttp "GET /media/products/5b2483c39a1cc005bd5344e76b555e95.webp HTTP/1.1" 304 0
INFO 2025-05-29 12:53:15,443 basehttp "GET /media/products/00997603.n_1.png.webp HTTP/1.1" 304 0
INFO 2025-05-29 12:53:15,443 basehttp "GET /media/products/00189563.n_1.png.webp HTTP/1.1" 304 0
INFO 2025-05-29 12:53:15,443 basehttp "GET /media/products/00975722.n_1.png.webp HTTP/1.1" 304 0
INFO 2025-05-29 12:53:15,444 basehttp "GET /media/products/a8cc84e69b221875b8e38df008db2309.webp HTTP/1.1" 304 0
INFO 2025-05-29 12:53:15,444 basehttp "GET /media/products/02102474.n_1.png.webp HTTP/1.1" 304 0
INFO 2025-05-29 12:53:19,875 basehttp "POST /add_to_order/12/ HTTP/1.1" 302 0
INFO 2025-05-29 12:53:19,957 basehttp "GET /products/ HTTP/1.1" 200 17800
ERROR 2025-05-29 12:53:22,113 log Internal Server Error: /add_to_order/12/
Traceback (most recent call last):
  File "C:\Users\Кирилл\Desktop\353505_HOROSHKO_24\IGI\LR5\.venv\Lib\site-packages\django\core\handlers\exception.py", line 55, in inner
    response = get_response(request)
  File "C:\Users\Кирилл\Desktop\353505_HOROSHKO_24\IGI\LR5\.venv\Lib\site-packages\django\core\handlers\base.py", line 197, in _get_response
    response = wrapped_callback(request, *callback_args, **callback_kwargs)
  File "C:\Users\Кирилл\Desktop\353505_HOROSHKO_24\IGI\LR5\.venv\Lib\site-packages\django\contrib\auth\decorators.py", line 59, in _view_wrapper
    return view_func(request, *args, **kwargs)
  File "C:\Users\Кирилл\Desktop\353505_HOROSHKO_24\IGI\LR5\.venv\Lib\site-packages\django\contrib\auth\decorators.py", line 59, in _view_wrapper
    return view_func(request, *args, **kwargs)
  File "C:\Users\Кирилл\Desktop\353505_HOROSHKO_24\IGI\LR5\shop\views.py", line 475, in add_to_order
    order_item.quantity += quantity
TypeError: unsupported operand type(s) for +=: 'decimal.Decimal' and 'float'
ERROR 2025-05-29 12:53:22,116 basehttp "POST /add_to_order/12/ HTTP/1.1" 500 78272
INFO 2025-05-29 12:54:16,332 autoreload C:\Users\Кирилл\Desktop\353505_HOROSHKO_24\IGI\LR5\shop\views.py changed, reloading.
INFO 2025-05-29 12:54:19,236 autoreload Watching for file changes with StatReloader
ERROR 2025-05-29 12:54:22,051 log Internal Server Error: /add_to_order/12/
Traceback (most recent call last):
  File "C:\Users\Кирилл\Desktop\353505_HOROSHKO_24\IGI\LR5\.venv\Lib\site-packages\django\core\handlers\exception.py", line 55, in inner
    response = get_response(request)
  File "C:\Users\Кирилл\Desktop\353505_HOROSHKO_24\IGI\LR5\.venv\Lib\site-packages\django\core\handlers\base.py", line 197, in _get_response
    response = wrapped_callback(request, *callback_args, **callback_kwargs)
  File "C:\Users\Кирилл\Desktop\353505_HOROSHKO_24\IGI\LR5\.venv\Lib\site-packages\django\contrib\auth\decorators.py", line 59, in _view_wrapper
    return view_func(request, *args, **kwargs)
  File "C:\Users\Кирилл\Desktop\353505_HOROSHKO_24\IGI\LR5\.venv\Lib\site-packages\django\contrib\auth\decorators.py", line 59, in _view_wrapper
    return view_func(request, *args, **kwargs)
  File "C:\Users\Кирилл\Desktop\353505_HOROSHKO_24\IGI\LR5\shop\views.py", line 450, in add_to_order
    quantity = Decimal(request.POST.get('quantity', '1'))
               ^^^^^^^
NameError: name 'Decimal' is not defined
ERROR 2025-05-29 12:54:22,056 basehttp "POST /add_to_order/12/ HTTP/1.1" 500 77584
INFO 2025-05-29 12:54:39,927 autoreload C:\Users\Кирилл\Desktop\353505_HOROSHKO_24\IGI\LR5\shop\views.py changed, reloading.
INFO 2025-05-29 12:54:40,400 autoreload Watching for file changes with StatReloader
INFO 2025-05-29 12:54:45,275 autoreload C:\Users\Кирилл\Desktop\353505_HOROSHKO_24\IGI\LR5\shop\views.py changed, reloading.
INFO 2025-05-29 12:54:46,860 autoreload Watching for file changes with StatReloader
INFO 2025-05-29 12:54:52,273 basehttp "POST /add_to_order/12/ HTTP/1.1" 302 0
INFO 2025-05-29 12:54:52,363 basehttp "GET /products/ HTTP/1.1" 200 17800
INFO 2025-05-29 12:54:55,316 basehttp "POST /add_to_order/11/ HTTP/1.1" 302 0
INFO 2025-05-29 12:54:55,399 basehttp "GET /products/ HTTP/1.1" 200 17800
INFO 2025-05-29 12:55:11,321 basehttp "POST /add_to_order/18/ HTTP/1.1" 302 0
INFO 2025-05-29 12:55:11,395 basehttp "GET /products/ HTTP/1.1" 200 17800
INFO 2025-05-29 12:55:56,236 basehttp "GET /client_orders/ HTTP/1.1" 200 1527
INFO 2025-05-29 12:56:00,521 basehttp "GET /products/ HTTP/1.1" 200 17800
INFO 2025-05-29 12:56:41,407 autoreload C:\Users\Кирилл\Desktop\353505_HOROSHKO_24\IGI\LR5\shop\views.py changed, reloading.
INFO 2025-05-29 12:56:42,690 autoreload Watching for file changes with StatReloader
INFO 2025-05-29 12:56:59,916 autoreload C:\Users\Кирилл\Desktop\353505_HOROSHKO_24\IGI\LR5\shop\urls.py changed, reloading.
INFO 2025-05-29 12:57:01,198 autoreload Watching for file changes with StatReloader
INFO 2025-05-29 12:57:07,314 autoreload C:\Users\Кирилл\Desktop\353505_HOROSHKO_24\IGI\LR5\shop\urls.py changed, reloading.
INFO 2025-05-29 12:57:07,966 autoreload Watching for file changes with StatReloader
INFO 2025-05-29 12:58:06,779 basehttp "GET /products/ HTTP/1.1" 200 17800
INFO 2025-05-29 12:58:06,848 basehttp "GET /media/products/01517118.n_1.png.webp HTTP/1.1" 304 0
INFO 2025-05-29 12:58:06,853 basehttp "GET /media/products/01329525.n_1.png.webp HTTP/1.1" 304 0
INFO 2025-05-29 12:58:06,856 basehttp "GET /media/products/Aeroflotskie_35_gr.webp HTTP/1.1" 304 0
INFO 2025-05-29 12:58:06,858 basehttp "GET /media/products/00031070.n_1_1000x1000.png.webp HTTP/1.1" 304 0
INFO 2025-05-29 12:58:06,858 basehttp "GET /media/products/00879807.n_1.png.webp HTTP/1.1" 304 0
INFO 2025-05-29 12:58:06,859 basehttp "GET /media/products/Grilyazh_na_arakhise.webp HTTP/1.1" 304 0
INFO 2025-05-29 12:58:06,873 basehttp "GET /media/products/20200623220617_kuznechik.png HTTP/1.1" 304 0
INFO 2025-05-29 12:58:06,874 basehttp "GET /media/products/00694030.n_1.png.webp HTTP/1.1" 304 0
INFO 2025-05-29 12:58:06,875 basehttp "GET /media/products/00972854_k6iCBT3.n_1.png.webp HTTP/1.1" 304 0
INFO 2025-05-29 12:58:06,885 basehttp "GET /media/products/00694969.n_1.png.webp HTTP/1.1" 304 0
INFO 2025-05-29 12:58:06,886 basehttp "GET /media/products/02102477.n_1.png.webp HTTP/1.1" 304 0
INFO 2025-05-29 12:58:06,887 basehttp "GET /media/products/01742391.n_1.png.webp HTTP/1.1" 304 0
INFO 2025-05-29 12:58:06,895 basehttp "GET /media/products/00023129.n_1.png.webp HTTP/1.1" 304 0
INFO 2025-05-29 12:58:06,904 basehttp "GET /media/products/a8cc84e69b221875b8e38df008db2309.webp HTTP/1.1" 304 0
INFO 2025-05-29 12:58:06,904 basehttp "GET /media/products/5b2483c39a1cc005bd5344e76b555e95.webp HTTP/1.1" 304 0
INFO 2025-05-29 12:58:06,916 basehttp "GET /media/products/02102474.n_1.png.webp HTTP/1.1" 304 0
INFO 2025-05-29 12:58:06,917 basehttp "GET /media/products/00975722.n_1.png.webp HTTP/1.1" 304 0
INFO 2025-05-29 12:58:06,917 basehttp "GET /media/products/00997603.n_1.png.webp HTTP/1.1" 304 0
INFO 2025-05-29 12:58:06,918 basehttp "GET /media/products/00189563.n_1.png.webp HTTP/1.1" 304 0
INFO 2025-05-29 12:58:15,091 basehttp "POST /add_to_order/12/ HTTP/1.1" 302 0
INFO 2025-05-29 12:58:15,167 basehttp "GET /products/ HTTP/1.1" 200 17800
INFO 2025-05-29 12:58:17,386 basehttp "GET /client_orders/ HTTP/1.1" 200 1527
INFO 2025-05-29 13:00:04,159 basehttp "GET /products/ HTTP/1.1" 200 35900
ERROR 2025-05-29 13:00:14,594 log Internal Server Error: /current_order/
Traceback (most recent call last):
  File "C:\Users\Кирилл\Desktop\353505_HOROSHKO_24\IGI\LR5\.venv\Lib\site-packages\django\core\handlers\exception.py", line 55, in inner
    response = get_response(request)
  File "C:\Users\Кирилл\Desktop\353505_HOROSHKO_24\IGI\LR5\.venv\Lib\site-packages\django\core\handlers\base.py", line 197, in _get_response
    response = wrapped_callback(request, *callback_args, **callback_kwargs)
  File "C:\Users\Кирилл\Desktop\353505_HOROSHKO_24\IGI\LR5\.venv\Lib\site-packages\django\contrib\auth\decorators.py", line 59, in _view_wrapper
    return view_func(request, *args, **kwargs)
  File "C:\Users\Кирилл\Desktop\353505_HOROSHKO_24\IGI\LR5\.venv\Lib\site-packages\django\contrib\auth\decorators.py", line 59, in _view_wrapper
    return view_func(request, *args, **kwargs)
  File "C:\Users\Кирилл\Desktop\353505_HOROSHKO_24\IGI\LR5\shop\views.py", line 503, in current_order
    return render(request, 'shop/current_order.html', {'order': order})
  File "C:\Users\Кирилл\Desktop\353505_HOROSHKO_24\IGI\LR5\.venv\Lib\site-packages\django\shortcuts.py", line 25, in render
    content = loader.render_to_string(template_name, context, request, using=using)
  File "C:\Users\Кирилл\Desktop\353505_HOROSHKO_24\IGI\LR5\.venv\Lib\site-packages\django\template\loader.py", line 62, in render_to_string
    return template.render(context, request)
           ~~~~~~~~~~~~~~~^^^^^^^^^^^^^^^^^^
  File "C:\Users\Кирилл\Desktop\353505_HOROSHKO_24\IGI\LR5\.venv\Lib\site-packages\django\template\backends\django.py", line 107, in render
    return self.template.render(context)
           ~~~~~~~~~~~~~~~~~~~~^^^^^^^^^
  File "C:\Users\Кирилл\Desktop\353505_HOROSHKO_24\IGI\LR5\.venv\Lib\site-packages\django\template\base.py", line 171, in render
    return self._render(context)
           ~~~~~~~~~~~~^^^^^^^^^
  File "C:\Users\Кирилл\Desktop\353505_HOROSHKO_24\IGI\LR5\.venv\Lib\site-packages\django\template\base.py", line 163, in _render
    return self.nodelist.render(context)
           ~~~~~~~~~~~~~~~~~~~~^^^^^^^^^
  File "C:\Users\Кирилл\Desktop\353505_HOROSHKO_24\IGI\LR5\.venv\Lib\site-packages\django\template\base.py", line 1016, in render
    return SafeString("".join([node.render_annotated(context) for node in self]))
                               ~~~~~~~~~~~~~~~~~~~~~^^^^^^^^^
  File "C:\Users\Кирилл\Desktop\353505_HOROSHKO_24\IGI\LR5\.venv\Lib\site-packages\django\template\base.py", line 977, in render_annotated
    return self.render(context)
           ~~~~~~~~~~~^^^^^^^^^
  File "C:\Users\Кирилл\Desktop\353505_HOROSHKO_24\IGI\LR5\.venv\Lib\site-packages\django\template\loader_tags.py", line 159, in render
    return compiled_parent._render(context)
           ~~~~~~~~~~~~~~~~~~~~~~~^^^^^^^^^
  File "C:\Users\Кирилл\Desktop\353505_HOROSHKO_24\IGI\LR5\.venv\Lib\site-packages\django\template\base.py", line 163, in _render
    return self.nodelist.render(context)
           ~~~~~~~~~~~~~~~~~~~~^^^^^^^^^
  File "C:\Users\Кирилл\Desktop\353505_HOROSHKO_24\IGI\LR5\.venv\Lib\site-packages\django\template\base.py", line 1016, in render
    return SafeString("".join([node.render_annotated(context) for node in self]))
                               ~~~~~~~~~~~~~~~~~~~~~^^^^^^^^^
  File "C:\Users\Кирилл\Desktop\353505_HOROSHKO_24\IGI\LR5\.venv\Lib\site-packages\django\template\base.py", line 977, in render_annotated
    return self.render(context)
           ~~~~~~~~~~~^^^^^^^^^
  File "C:\Users\Кирилл\Desktop\353505_HOROSHKO_24\IGI\LR5\.venv\Lib\site-packages\django\template\loader_tags.py", line 65, in render
    result = block.nodelist.render(context)
  File "C:\Users\Кирилл\Desktop\353505_HOROSHKO_24\IGI\LR5\.venv\Lib\site-packages\django\template\base.py", line 1016, in render
    return SafeString("".join([node.render_annotated(context) for node in self]))
                               ~~~~~~~~~~~~~~~~~~~~~^^^^^^^^^
  File "C:\Users\Кирилл\Desktop\353505_HOROSHKO_24\IGI\LR5\.venv\Lib\site-packages\django\template\base.py", line 977, in render_annotated
    return self.render(context)
           ~~~~~~~~~~~^^^^^^^^^
  File "C:\Users\Кирилл\Desktop\353505_HOROSHKO_24\IGI\LR5\.venv\Lib\site-packages\django\template\defaulttags.py", line 327, in render
    return nodelist.render(context)
           ~~~~~~~~~~~~~~~^^^^^^^^^
  File "C:\Users\Кирилл\Desktop\353505_HOROSHKO_24\IGI\LR5\.venv\Lib\site-packages\django\template\base.py", line 1016, in render
    return SafeString("".join([node.render_annotated(context) for node in self]))
                               ~~~~~~~~~~~~~~~~~~~~~^^^^^^^^^
  File "C:\Users\Кирилл\Desktop\353505_HOROSHKO_24\IGI\LR5\.venv\Lib\site-packages\django\template\base.py", line 977, in render_annotated
    return self.render(context)
           ~~~~~~~~~~~^^^^^^^^^
  File "C:\Users\Кирилл\Desktop\353505_HOROSHKO_24\IGI\LR5\.venv\Lib\site-packages\django\template\defaulttags.py", line 243, in render
    nodelist.append(node.render_annotated(context))
                    ~~~~~~~~~~~~~~~~~~~~~^^^^^^^^^
  File "C:\Users\Кирилл\Desktop\353505_HOROSHKO_24\IGI\LR5\.venv\Lib\site-packages\django\template\base.py", line 977, in render_annotated
    return self.render(context)
           ~~~~~~~~~~~^^^^^^^^^
  File "C:\Users\Кирилл\Desktop\353505_HOROSHKO_24\IGI\LR5\.venv\Lib\site-packages\django\template\defaulttags.py", line 480, in render
    url = reverse(view_name, args=args, kwargs=kwargs, current_app=current_app)
  File "C:\Users\Кирилл\Desktop\353505_HOROSHKO_24\IGI\LR5\.venv\Lib\site-packages\django\urls\base.py", line 98, in reverse
    resolved_url = resolver._reverse_with_prefix(view, prefix, *args, **kwargs)
  File "C:\Users\Кирилл\Desktop\353505_HOROSHKO_24\IGI\LR5\.venv\Lib\site-packages\django\urls\resolvers.py", line 831, in _reverse_with_prefix
    raise NoReverseMatch(msg)
django.urls.exceptions.NoReverseMatch: Reverse for 'remove_from_order' not found. 'remove_from_order' is not a valid view function or pattern name.
ERROR 2025-05-29 13:00:14,606 basehttp "GET /current_order/ HTTP/1.1" 500 187791
ERROR 2025-05-29 13:00:31,149 log Internal Server Error: /current_order/
Traceback (most recent call last):
  File "C:\Users\Кирилл\Desktop\353505_HOROSHKO_24\IGI\LR5\.venv\Lib\site-packages\django\core\handlers\exception.py", line 55, in inner
    response = get_response(request)
  File "C:\Users\Кирилл\Desktop\353505_HOROSHKO_24\IGI\LR5\.venv\Lib\site-packages\django\core\handlers\base.py", line 197, in _get_response
    response = wrapped_callback(request, *callback_args, **callback_kwargs)
  File "C:\Users\Кирилл\Desktop\353505_HOROSHKO_24\IGI\LR5\.venv\Lib\site-packages\django\contrib\auth\decorators.py", line 59, in _view_wrapper
    return view_func(request, *args, **kwargs)
  File "C:\Users\Кирилл\Desktop\353505_HOROSHKO_24\IGI\LR5\.venv\Lib\site-packages\django\contrib\auth\decorators.py", line 59, in _view_wrapper
    return view_func(request, *args, **kwargs)
  File "C:\Users\Кирилл\Desktop\353505_HOROSHKO_24\IGI\LR5\shop\views.py", line 503, in current_order
    return render(request, 'shop/current_order.html', {'order': order})
  File "C:\Users\Кирилл\Desktop\353505_HOROSHKO_24\IGI\LR5\.venv\Lib\site-packages\django\shortcuts.py", line 25, in render
    content = loader.render_to_string(template_name, context, request, using=using)
  File "C:\Users\Кирилл\Desktop\353505_HOROSHKO_24\IGI\LR5\.venv\Lib\site-packages\django\template\loader.py", line 62, in render_to_string
    return template.render(context, request)
           ~~~~~~~~~~~~~~~^^^^^^^^^^^^^^^^^^
  File "C:\Users\Кирилл\Desktop\353505_HOROSHKO_24\IGI\LR5\.venv\Lib\site-packages\django\template\backends\django.py", line 107, in render
    return self.template.render(context)
           ~~~~~~~~~~~~~~~~~~~~^^^^^^^^^
  File "C:\Users\Кирилл\Desktop\353505_HOROSHKO_24\IGI\LR5\.venv\Lib\site-packages\django\template\base.py", line 171, in render
    return self._render(context)
           ~~~~~~~~~~~~^^^^^^^^^
  File "C:\Users\Кирилл\Desktop\353505_HOROSHKO_24\IGI\LR5\.venv\Lib\site-packages\django\template\base.py", line 163, in _render
    return self.nodelist.render(context)
           ~~~~~~~~~~~~~~~~~~~~^^^^^^^^^
  File "C:\Users\Кирилл\Desktop\353505_HOROSHKO_24\IGI\LR5\.venv\Lib\site-packages\django\template\base.py", line 1016, in render
    return SafeString("".join([node.render_annotated(context) for node in self]))
                               ~~~~~~~~~~~~~~~~~~~~~^^^^^^^^^
  File "C:\Users\Кирилл\Desktop\353505_HOROSHKO_24\IGI\LR5\.venv\Lib\site-packages\django\template\base.py", line 977, in render_annotated
    return self.render(context)
           ~~~~~~~~~~~^^^^^^^^^
  File "C:\Users\Кирилл\Desktop\353505_HOROSHKO_24\IGI\LR5\.venv\Lib\site-packages\django\template\loader_tags.py", line 159, in render
    return compiled_parent._render(context)
           ~~~~~~~~~~~~~~~~~~~~~~~^^^^^^^^^
  File "C:\Users\Кирилл\Desktop\353505_HOROSHKO_24\IGI\LR5\.venv\Lib\site-packages\django\template\base.py", line 163, in _render
    return self.nodelist.render(context)
           ~~~~~~~~~~~~~~~~~~~~^^^^^^^^^
  File "C:\Users\Кирилл\Desktop\353505_HOROSHKO_24\IGI\LR5\.venv\Lib\site-packages\django\template\base.py", line 1016, in render
    return SafeString("".join([node.render_annotated(context) for node in self]))
                               ~~~~~~~~~~~~~~~~~~~~~^^^^^^^^^
  File "C:\Users\Кирилл\Desktop\353505_HOROSHKO_24\IGI\LR5\.venv\Lib\site-packages\django\template\base.py", line 977, in render_annotated
    return self.render(context)
           ~~~~~~~~~~~^^^^^^^^^
  File "C:\Users\Кирилл\Desktop\353505_HOROSHKO_24\IGI\LR5\.venv\Lib\site-packages\django\template\loader_tags.py", line 65, in render
    result = block.nodelist.render(context)
  File "C:\Users\Кирилл\Desktop\353505_HOROSHKO_24\IGI\LR5\.venv\Lib\site-packages\django\template\base.py", line 1016, in render
    return SafeString("".join([node.render_annotated(context) for node in self]))
                               ~~~~~~~~~~~~~~~~~~~~~^^^^^^^^^
  File "C:\Users\Кирилл\Desktop\353505_HOROSHKO_24\IGI\LR5\.venv\Lib\site-packages\django\template\base.py", line 977, in render_annotated
    return self.render(context)
           ~~~~~~~~~~~^^^^^^^^^
  File "C:\Users\Кирилл\Desktop\353505_HOROSHKO_24\IGI\LR5\.venv\Lib\site-packages\django\template\defaulttags.py", line 327, in render
    return nodelist.render(context)
           ~~~~~~~~~~~~~~~^^^^^^^^^
  File "C:\Users\Кирилл\Desktop\353505_HOROSHKO_24\IGI\LR5\.venv\Lib\site-packages\django\template\base.py", line 1016, in render
    return SafeString("".join([node.render_annotated(context) for node in self]))
                               ~~~~~~~~~~~~~~~~~~~~~^^^^^^^^^
  File "C:\Users\Кирилл\Desktop\353505_HOROSHKO_24\IGI\LR5\.venv\Lib\site-packages\django\template\base.py", line 977, in render_annotated
    return self.render(context)
           ~~~~~~~~~~~^^^^^^^^^
  File "C:\Users\Кирилл\Desktop\353505_HOROSHKO_24\IGI\LR5\.venv\Lib\site-packages\django\template\defaulttags.py", line 243, in render
    nodelist.append(node.render_annotated(context))
                    ~~~~~~~~~~~~~~~~~~~~~^^^^^^^^^
  File "C:\Users\Кирилл\Desktop\353505_HOROSHKO_24\IGI\LR5\.venv\Lib\site-packages\django\template\base.py", line 977, in render_annotated
    return self.render(context)
           ~~~~~~~~~~~^^^^^^^^^
  File "C:\Users\Кирилл\Desktop\353505_HOROSHKO_24\IGI\LR5\.venv\Lib\site-packages\django\template\defaulttags.py", line 480, in render
    url = reverse(view_name, args=args, kwargs=kwargs, current_app=current_app)
  File "C:\Users\Кирилл\Desktop\353505_HOROSHKO_24\IGI\LR5\.venv\Lib\site-packages\django\urls\base.py", line 98, in reverse
    resolved_url = resolver._reverse_with_prefix(view, prefix, *args, **kwargs)
  File "C:\Users\Кирилл\Desktop\353505_HOROSHKO_24\IGI\LR5\.venv\Lib\site-packages\django\urls\resolvers.py", line 831, in _reverse_with_prefix
    raise NoReverseMatch(msg)
django.urls.exceptions.NoReverseMatch: Reverse for 'remove_from_order' not found. 'remove_from_order' is not a valid view function or pattern name.
ERROR 2025-05-29 13:00:31,157 basehttp "GET /current_order/ HTTP/1.1" 500 187791
INFO 2025-05-29 13:00:46,119 basehttp "GET /products/ HTTP/1.1" 200 34447
INFO 2025-05-29 13:00:49,739 basehttp "GET /client_orders/ HTTP/1.1" 200 1527
INFO 2025-05-29 13:00:52,694 basehttp "GET /products/ HTTP/1.1" 200 34447
ERROR 2025-05-29 13:00:55,324 log Internal Server Error: /current_order/
Traceback (most recent call last):
  File "C:\Users\Кирилл\Desktop\353505_HOROSHKO_24\IGI\LR5\.venv\Lib\site-packages\django\core\handlers\exception.py", line 55, in inner
    response = get_response(request)
  File "C:\Users\Кирилл\Desktop\353505_HOROSHKO_24\IGI\LR5\.venv\Lib\site-packages\django\core\handlers\base.py", line 197, in _get_response
    response = wrapped_callback(request, *callback_args, **callback_kwargs)
  File "C:\Users\Кирилл\Desktop\353505_HOROSHKO_24\IGI\LR5\.venv\Lib\site-packages\django\contrib\auth\decorators.py", line 59, in _view_wrapper
    return view_func(request, *args, **kwargs)
  File "C:\Users\Кирилл\Desktop\353505_HOROSHKO_24\IGI\LR5\.venv\Lib\site-packages\django\contrib\auth\decorators.py", line 59, in _view_wrapper
    return view_func(request, *args, **kwargs)
  File "C:\Users\Кирилл\Desktop\353505_HOROSHKO_24\IGI\LR5\shop\views.py", line 503, in current_order
    return render(request, 'shop/current_order.html', {'order': order})
  File "C:\Users\Кирилл\Desktop\353505_HOROSHKO_24\IGI\LR5\.venv\Lib\site-packages\django\shortcuts.py", line 25, in render
    content = loader.render_to_string(template_name, context, request, using=using)
  File "C:\Users\Кирилл\Desktop\353505_HOROSHKO_24\IGI\LR5\.venv\Lib\site-packages\django\template\loader.py", line 62, in render_to_string
    return template.render(context, request)
           ~~~~~~~~~~~~~~~^^^^^^^^^^^^^^^^^^
  File "C:\Users\Кирилл\Desktop\353505_HOROSHKO_24\IGI\LR5\.venv\Lib\site-packages\django\template\backends\django.py", line 107, in render
    return self.template.render(context)
           ~~~~~~~~~~~~~~~~~~~~^^^^^^^^^
  File "C:\Users\Кирилл\Desktop\353505_HOROSHKO_24\IGI\LR5\.venv\Lib\site-packages\django\template\base.py", line 171, in render
    return self._render(context)
           ~~~~~~~~~~~~^^^^^^^^^
  File "C:\Users\Кирилл\Desktop\353505_HOROSHKO_24\IGI\LR5\.venv\Lib\site-packages\django\template\base.py", line 163, in _render
    return self.nodelist.render(context)
           ~~~~~~~~~~~~~~~~~~~~^^^^^^^^^
  File "C:\Users\Кирилл\Desktop\353505_HOROSHKO_24\IGI\LR5\.venv\Lib\site-packages\django\template\base.py", line 1016, in render
    return SafeString("".join([node.render_annotated(context) for node in self]))
                               ~~~~~~~~~~~~~~~~~~~~~^^^^^^^^^
  File "C:\Users\Кирилл\Desktop\353505_HOROSHKO_24\IGI\LR5\.venv\Lib\site-packages\django\template\base.py", line 977, in render_annotated
    return self.render(context)
           ~~~~~~~~~~~^^^^^^^^^
  File "C:\Users\Кирилл\Desktop\353505_HOROSHKO_24\IGI\LR5\.venv\Lib\site-packages\django\template\loader_tags.py", line 159, in render
    return compiled_parent._render(context)
           ~~~~~~~~~~~~~~~~~~~~~~~^^^^^^^^^
  File "C:\Users\Кирилл\Desktop\353505_HOROSHKO_24\IGI\LR5\.venv\Lib\site-packages\django\template\base.py", line 163, in _render
    return self.nodelist.render(context)
           ~~~~~~~~~~~~~~~~~~~~^^^^^^^^^
  File "C:\Users\Кирилл\Desktop\353505_HOROSHKO_24\IGI\LR5\.venv\Lib\site-packages\django\template\base.py", line 1016, in render
    return SafeString("".join([node.render_annotated(context) for node in self]))
                               ~~~~~~~~~~~~~~~~~~~~~^^^^^^^^^
  File "C:\Users\Кирилл\Desktop\353505_HOROSHKO_24\IGI\LR5\.venv\Lib\site-packages\django\template\base.py", line 977, in render_annotated
    return self.render(context)
           ~~~~~~~~~~~^^^^^^^^^
  File "C:\Users\Кирилл\Desktop\353505_HOROSHKO_24\IGI\LR5\.venv\Lib\site-packages\django\template\loader_tags.py", line 65, in render
    result = block.nodelist.render(context)
  File "C:\Users\Кирилл\Desktop\353505_HOROSHKO_24\IGI\LR5\.venv\Lib\site-packages\django\template\base.py", line 1016, in render
    return SafeString("".join([node.render_annotated(context) for node in self]))
                               ~~~~~~~~~~~~~~~~~~~~~^^^^^^^^^
  File "C:\Users\Кирилл\Desktop\353505_HOROSHKO_24\IGI\LR5\.venv\Lib\site-packages\django\template\base.py", line 977, in render_annotated
    return self.render(context)
           ~~~~~~~~~~~^^^^^^^^^
  File "C:\Users\Кирилл\Desktop\353505_HOROSHKO_24\IGI\LR5\.venv\Lib\site-packages\django\template\defaulttags.py", line 327, in render
    return nodelist.render(context)
           ~~~~~~~~~~~~~~~^^^^^^^^^
  File "C:\Users\Кирилл\Desktop\353505_HOROSHKO_24\IGI\LR5\.venv\Lib\site-packages\django\template\base.py", line 1016, in render
    return SafeString("".join([node.render_annotated(context) for node in self]))
                               ~~~~~~~~~~~~~~~~~~~~~^^^^^^^^^
  File "C:\Users\Кирилл\Desktop\353505_HOROSHKO_24\IGI\LR5\.venv\Lib\site-packages\django\template\base.py", line 977, in render_annotated
    return self.render(context)
           ~~~~~~~~~~~^^^^^^^^^
  File "C:\Users\Кирилл\Desktop\353505_HOROSHKO_24\IGI\LR5\.venv\Lib\site-packages\django\template\defaulttags.py", line 243, in render
    nodelist.append(node.render_annotated(context))
                    ~~~~~~~~~~~~~~~~~~~~~^^^^^^^^^
  File "C:\Users\Кирилл\Desktop\353505_HOROSHKO_24\IGI\LR5\.venv\Lib\site-packages\django\template\base.py", line 977, in render_annotated
    return self.render(context)
           ~~~~~~~~~~~^^^^^^^^^
  File "C:\Users\Кирилл\Desktop\353505_HOROSHKO_24\IGI\LR5\.venv\Lib\site-packages\django\template\defaulttags.py", line 480, in render
    url = reverse(view_name, args=args, kwargs=kwargs, current_app=current_app)
  File "C:\Users\Кирилл\Desktop\353505_HOROSHKO_24\IGI\LR5\.venv\Lib\site-packages\django\urls\base.py", line 98, in reverse
    resolved_url = resolver._reverse_with_prefix(view, prefix, *args, **kwargs)
  File "C:\Users\Кирилл\Desktop\353505_HOROSHKO_24\IGI\LR5\.venv\Lib\site-packages\django\urls\resolvers.py", line 831, in _reverse_with_prefix
    raise NoReverseMatch(msg)
django.urls.exceptions.NoReverseMatch: Reverse for 'remove_from_order' not found. 'remove_from_order' is not a valid view function or pattern name.
ERROR 2025-05-29 13:00:55,331 basehttp "GET /current_order/ HTTP/1.1" 500 187791
INFO 2025-05-29 13:02:07,310 autoreload C:\Users\Кирилл\Desktop\353505_HOROSHKO_24\IGI\LR5\shop\views.py changed, reloading.
INFO 2025-05-29 13:02:09,062 autoreload Watching for file changes with StatReloader
INFO 2025-05-29 13:02:24,247 autoreload C:\Users\Кирилл\Desktop\353505_HOROSHKO_24\IGI\LR5\shop\views.py changed, reloading.
INFO 2025-05-29 13:02:25,577 autoreload Watching for file changes with StatReloader
INFO 2025-05-29 13:02:42,295 autoreload C:\Users\Кирилл\Desktop\353505_HOROSHKO_24\IGI\LR5\shop\urls.py changed, reloading.
INFO 2025-05-29 13:02:43,124 autoreload Watching for file changes with StatReloader
INFO 2025-05-29 13:02:46,775 autoreload C:\Users\Кирилл\Desktop\353505_HOROSHKO_24\IGI\LR5\shop\urls.py changed, reloading.
INFO 2025-05-29 13:02:47,847 autoreload Watching for file changes with StatReloader
INFO 2025-05-29 13:02:53,940 autoreload C:\Users\Кирилл\Desktop\353505_HOROSHKO_24\IGI\LR5\shop\urls.py changed, reloading.
INFO 2025-05-29 13:02:55,044 autoreload Watching for file changes with StatReloader
INFO 2025-05-29 13:03:01,708 basehttp "GET /products/ HTTP/1.1" 200 34447
INFO 2025-05-29 13:03:01,753 basehttp "GET /media/products/01517118.n_1.png.webp HTTP/1.1" 304 0
INFO 2025-05-29 13:03:01,758 basehttp "GET /media/products/01329525.n_1.png.webp HTTP/1.1" 304 0
INFO 2025-05-29 13:03:01,760 basehttp "GET /media/products/Aeroflotskie_35_gr.webp HTTP/1.1" 304 0
INFO 2025-05-29 13:03:01,762 basehttp "GET /media/products/00031070.n_1_1000x1000.png.webp HTTP/1.1" 304 0
INFO 2025-05-29 13:03:01,764 basehttp "GET /media/products/00879807.n_1.png.webp HTTP/1.1" 304 0
INFO 2025-05-29 13:03:01,765 basehttp "GET /media/products/Grilyazh_na_arakhise.webp HTTP/1.1" 304 0
INFO 2025-05-29 13:03:01,775 basehttp "GET /media/products/20200623220617_kuznechik.png HTTP/1.1" 304 0
INFO 2025-05-29 13:03:01,780 basehttp "GET /media/products/00972854_k6iCBT3.n_1.png.webp HTTP/1.1" 304 0
INFO 2025-05-29 13:03:01,783 basehttp "GET /media/products/02102477.n_1.png.webp HTTP/1.1" 304 0
INFO 2025-05-29 13:03:01,783 basehttp "GET /media/products/00694969.n_1.png.webp HTTP/1.1" 304 0
INFO 2025-05-29 13:03:01,783 basehttp "GET /media/products/00694030.n_1.png.webp HTTP/1.1" 304 0
INFO 2025-05-29 13:03:01,784 basehttp "GET /media/products/01742391.n_1.png.webp HTTP/1.1" 304 0
INFO 2025-05-29 13:03:01,788 basehttp "GET /media/products/00023129.n_1.png.webp HTTP/1.1" 304 0
INFO 2025-05-29 13:03:01,798 basehttp "GET /media/products/a8cc84e69b221875b8e38df008db2309.webp HTTP/1.1" 304 0
INFO 2025-05-29 13:03:01,800 basehttp "GET /media/products/02102474.n_1.png.webp HTTP/1.1" 304 0
INFO 2025-05-29 13:03:01,801 basehttp "GET /media/products/00975722.n_1.png.webp HTTP/1.1" 304 0
INFO 2025-05-29 13:03:01,803 basehttp "GET /media/products/00997603.n_1.png.webp HTTP/1.1" 304 0
INFO 2025-05-29 13:03:01,805 basehttp "GET /media/products/5b2483c39a1cc005bd5344e76b555e95.webp HTTP/1.1" 304 0
INFO 2025-05-29 13:03:01,807 basehttp "GET /media/products/00189563.n_1.png.webp HTTP/1.1" 304 0
ERROR 2025-05-29 13:03:03,315 log Internal Server Error: /current_order/
Traceback (most recent call last):
  File "C:\Users\Кирилл\Desktop\353505_HOROSHKO_24\IGI\LR5\.venv\Lib\site-packages\django\core\handlers\exception.py", line 55, in inner
    response = get_response(request)
  File "C:\Users\Кирилл\Desktop\353505_HOROSHKO_24\IGI\LR5\.venv\Lib\site-packages\django\core\handlers\base.py", line 197, in _get_response
    response = wrapped_callback(request, *callback_args, **callback_kwargs)
  File "C:\Users\Кирилл\Desktop\353505_HOROSHKO_24\IGI\LR5\.venv\Lib\site-packages\django\contrib\auth\decorators.py", line 59, in _view_wrapper
    return view_func(request, *args, **kwargs)
  File "C:\Users\Кирилл\Desktop\353505_HOROSHKO_24\IGI\LR5\.venv\Lib\site-packages\django\contrib\auth\decorators.py", line 59, in _view_wrapper
    return view_func(request, *args, **kwargs)
  File "C:\Users\Кирилл\Desktop\353505_HOROSHKO_24\IGI\LR5\shop\views.py", line 503, in current_order
    return render(request, 'shop/current_order.html', {'order': order})
  File "C:\Users\Кирилл\Desktop\353505_HOROSHKO_24\IGI\LR5\.venv\Lib\site-packages\django\shortcuts.py", line 25, in render
    content = loader.render_to_string(template_name, context, request, using=using)
  File "C:\Users\Кирилл\Desktop\353505_HOROSHKO_24\IGI\LR5\.venv\Lib\site-packages\django\template\loader.py", line 62, in render_to_string
    return template.render(context, request)
           ~~~~~~~~~~~~~~~^^^^^^^^^^^^^^^^^^
  File "C:\Users\Кирилл\Desktop\353505_HOROSHKO_24\IGI\LR5\.venv\Lib\site-packages\django\template\backends\django.py", line 107, in render
    return self.template.render(context)
           ~~~~~~~~~~~~~~~~~~~~^^^^^^^^^
  File "C:\Users\Кирилл\Desktop\353505_HOROSHKO_24\IGI\LR5\.venv\Lib\site-packages\django\template\base.py", line 171, in render
    return self._render(context)
           ~~~~~~~~~~~~^^^^^^^^^
  File "C:\Users\Кирилл\Desktop\353505_HOROSHKO_24\IGI\LR5\.venv\Lib\site-packages\django\template\base.py", line 163, in _render
    return self.nodelist.render(context)
           ~~~~~~~~~~~~~~~~~~~~^^^^^^^^^
  File "C:\Users\Кирилл\Desktop\353505_HOROSHKO_24\IGI\LR5\.venv\Lib\site-packages\django\template\base.py", line 1016, in render
    return SafeString("".join([node.render_annotated(context) for node in self]))
                               ~~~~~~~~~~~~~~~~~~~~~^^^^^^^^^
  File "C:\Users\Кирилл\Desktop\353505_HOROSHKO_24\IGI\LR5\.venv\Lib\site-packages\django\template\base.py", line 977, in render_annotated
    return self.render(context)
           ~~~~~~~~~~~^^^^^^^^^
  File "C:\Users\Кирилл\Desktop\353505_HOROSHKO_24\IGI\LR5\.venv\Lib\site-packages\django\template\loader_tags.py", line 159, in render
    return compiled_parent._render(context)
           ~~~~~~~~~~~~~~~~~~~~~~~^^^^^^^^^
  File "C:\Users\Кирилл\Desktop\353505_HOROSHKO_24\IGI\LR5\.venv\Lib\site-packages\django\template\base.py", line 163, in _render
    return self.nodelist.render(context)
           ~~~~~~~~~~~~~~~~~~~~^^^^^^^^^
  File "C:\Users\Кирилл\Desktop\353505_HOROSHKO_24\IGI\LR5\.venv\Lib\site-packages\django\template\base.py", line 1016, in render
    return SafeString("".join([node.render_annotated(context) for node in self]))
                               ~~~~~~~~~~~~~~~~~~~~~^^^^^^^^^
  File "C:\Users\Кирилл\Desktop\353505_HOROSHKO_24\IGI\LR5\.venv\Lib\site-packages\django\template\base.py", line 977, in render_annotated
    return self.render(context)
           ~~~~~~~~~~~^^^^^^^^^
  File "C:\Users\Кирилл\Desktop\353505_HOROSHKO_24\IGI\LR5\.venv\Lib\site-packages\django\template\loader_tags.py", line 65, in render
    result = block.nodelist.render(context)
  File "C:\Users\Кирилл\Desktop\353505_HOROSHKO_24\IGI\LR5\.venv\Lib\site-packages\django\template\base.py", line 1016, in render
    return SafeString("".join([node.render_annotated(context) for node in self]))
                               ~~~~~~~~~~~~~~~~~~~~~^^^^^^^^^
  File "C:\Users\Кирилл\Desktop\353505_HOROSHKO_24\IGI\LR5\.venv\Lib\site-packages\django\template\base.py", line 977, in render_annotated
    return self.render(context)
           ~~~~~~~~~~~^^^^^^^^^
  File "C:\Users\Кирилл\Desktop\353505_HOROSHKO_24\IGI\LR5\.venv\Lib\site-packages\django\template\defaulttags.py", line 327, in render
    return nodelist.render(context)
           ~~~~~~~~~~~~~~~^^^^^^^^^
  File "C:\Users\Кирилл\Desktop\353505_HOROSHKO_24\IGI\LR5\.venv\Lib\site-packages\django\template\base.py", line 1016, in render
    return SafeString("".join([node.render_annotated(context) for node in self]))
                               ~~~~~~~~~~~~~~~~~~~~~^^^^^^^^^
  File "C:\Users\Кирилл\Desktop\353505_HOROSHKO_24\IGI\LR5\.venv\Lib\site-packages\django\template\base.py", line 977, in render_annotated
    return self.render(context)
           ~~~~~~~~~~~^^^^^^^^^
  File "C:\Users\Кирилл\Desktop\353505_HOROSHKO_24\IGI\LR5\.venv\Lib\site-packages\django\template\defaulttags.py", line 480, in render
    url = reverse(view_name, args=args, kwargs=kwargs, current_app=current_app)
  File "C:\Users\Кирилл\Desktop\353505_HOROSHKO_24\IGI\LR5\.venv\Lib\site-packages\django\urls\base.py", line 98, in reverse
    resolved_url = resolver._reverse_with_prefix(view, prefix, *args, **kwargs)
  File "C:\Users\Кирилл\Desktop\353505_HOROSHKO_24\IGI\LR5\.venv\Lib\site-packages\django\urls\resolvers.py", line 831, in _reverse_with_prefix
    raise NoReverseMatch(msg)
django.urls.exceptions.NoReverseMatch: Reverse for 'confirm_order' not found. 'confirm_order' is not a valid view function or pattern name.
ERROR 2025-05-29 13:03:03,890 basehttp "GET /current_order/ HTTP/1.1" 500 177284
INFO 2025-05-29 13:06:09,156 autoreload C:\Users\Кирилл\Desktop\353505_HOROSHKO_24\IGI\LR5\shop\views.py changed, reloading.
INFO 2025-05-29 13:06:11,659 autoreload Watching for file changes with StatReloader
INFO 2025-05-29 13:06:21,263 autoreload C:\Users\Кирилл\Desktop\353505_HOROSHKO_24\IGI\LR5\shop\views.py changed, reloading.
INFO 2025-05-29 13:06:22,722 autoreload Watching for file changes with StatReloader
INFO 2025-05-29 13:06:47,305 autoreload C:\Users\Кирилл\Desktop\353505_HOROSHKO_24\IGI\LR5\shop\urls.py changed, reloading.
INFO 2025-05-29 13:06:48,438 autoreload Watching for file changes with StatReloader
INFO 2025-05-29 13:06:50,218 autoreload C:\Users\Кирилл\Desktop\353505_HOROSHKO_24\IGI\LR5\shop\urls.py changed, reloading.
INFO 2025-05-29 13:06:50,822 autoreload Watching for file changes with StatReloader
INFO 2025-05-29 13:06:54,476 autoreload C:\Users\Кирилл\Desktop\353505_HOROSHKO_24\IGI\LR5\shop\urls.py changed, reloading.
INFO 2025-05-29 13:06:55,617 autoreload Watching for file changes with StatReloader
INFO 2025-05-29 13:07:05,570 basehttp "GET /current_order/ HTTP/1.1" 200 5203
INFO 2025-05-29 13:07:08,643 basehttp "GET /products/ HTTP/1.1" 200 34446
INFO 2025-05-29 13:07:10,271 basehttp "GET /current_order/ HTTP/1.1" 200 5203
INFO 2025-05-29 13:07:16,761 basehttp "POST /remove_from_order/2/ HTTP/1.1" 302 0
INFO 2025-05-29 13:07:16,795 basehttp "GET /current_order/ HTTP/1.1" 200 4561
ERROR 2025-05-29 13:07:22,377 log Internal Server Error: /confirm_order/1/
Traceback (most recent call last):
  File "C:\Users\Кирилл\Desktop\353505_HOROSHKO_24\IGI\LR5\.venv\Lib\site-packages\django\core\handlers\exception.py", line 55, in inner
    response = get_response(request)
  File "C:\Users\Кирилл\Desktop\353505_HOROSHKO_24\IGI\LR5\.venv\Lib\site-packages\django\core\handlers\base.py", line 197, in _get_response
    response = wrapped_callback(request, *callback_args, **callback_kwargs)
  File "C:\Users\Кирилл\Desktop\353505_HOROSHKO_24\IGI\LR5\.venv\Lib\site-packages\django\contrib\auth\decorators.py", line 59, in _view_wrapper
    return view_func(request, *args, **kwargs)
  File "C:\Users\Кирилл\Desktop\353505_HOROSHKO_24\IGI\LR5\.venv\Lib\site-packages\django\contrib\auth\decorators.py", line 59, in _view_wrapper
    return view_func(request, *args, **kwargs)
  File "C:\Users\Кирилл\Desktop\353505_HOROSHKO_24\IGI\LR5\shop\views.py", line 517, in confirm_order
    order = get_object_or_404(Order, id=order_id, user=request.user)
  File "C:\Users\Кирилл\Desktop\353505_HOROSHKO_24\IGI\LR5\.venv\Lib\site-packages\django\shortcuts.py", line 90, in get_object_or_404
    return queryset.get(*args, **kwargs)
           ~~~~~~~~~~~~^^^^^^^^^^^^^^^^^
  File "C:\Users\Кирилл\Desktop\353505_HOROSHKO_24\IGI\LR5\.venv\Lib\site-packages\django\db\models\query.py", line 619, in get
    clone = self._chain() if self.query.combinator else self.filter(*args, **kwargs)
                                                        ~~~~~~~~~~~^^^^^^^^^^^^^^^^^
  File "C:\Users\Кирилл\Desktop\353505_HOROSHKO_24\IGI\LR5\.venv\Lib\site-packages\django\db\models\query.py", line 1491, in filter
    return self._filter_or_exclude(False, args, kwargs)
           ~~~~~~~~~~~~~~~~~~~~~~~^^^^^^^^^^^^^^^^^^^^^
  File "C:\Users\Кирилл\Desktop\353505_HOROSHKO_24\IGI\LR5\.venv\Lib\site-packages\django\db\models\query.py", line 1509, in _filter_or_exclude
    clone._filter_or_exclude_inplace(negate, args, kwargs)
    ~~~~~~~~~~~~~~~~~~~~~~~~~~~~~~~~^^^^^^^^^^^^^^^^^^^^^^
  File "C:\Users\Кирилл\Desktop\353505_HOROSHKO_24\IGI\LR5\.venv\Lib\site-packages\django\db\models\query.py", line 1516, in _filter_or_exclude_inplace
    self._query.add_q(Q(*args, **kwargs))
    ~~~~~~~~~~~~~~~~~^^^^^^^^^^^^^^^^^^^^
  File "C:\Users\Кирилл\Desktop\353505_HOROSHKO_24\IGI\LR5\.venv\Lib\site-packages\django\db\models\sql\query.py", line 1643, in add_q
    clause, _ = self._add_q(q_object, can_reuse)
                ~~~~~~~~~~~^^^^^^^^^^^^^^^^^^^^^
  File "C:\Users\Кирилл\Desktop\353505_HOROSHKO_24\IGI\LR5\.venv\Lib\site-packages\django\db\models\sql\query.py", line 1675, in _add_q
    child_clause, needed_inner = self.build_filter(
                                 ~~~~~~~~~~~~~~~~~^
        child,
        ^^^^^^
    ...<7 lines>...
        update_join_types=update_join_types,
        ^^^^^^^^^^^^^^^^^^^^^^^^^^^^^^^^^^^^
    )
    ^
  File "C:\Users\Кирилл\Desktop\353505_HOROSHKO_24\IGI\LR5\.venv\Lib\site-packages\django\db\models\sql\query.py", line 1523, in build_filter
    lookups, parts, reffed_expression = self.solve_lookup_type(arg, summarize)
                                        ~~~~~~~~~~~~~~~~~~~~~~^^^^^^^^^^^^^^^^
  File "C:\Users\Кирилл\Desktop\353505_HOROSHKO_24\IGI\LR5\.venv\Lib\site-packages\django\db\models\sql\query.py", line 1330, in solve_lookup_type
    _, field, _, lookup_parts = self.names_to_path(lookup_splitted, self.get_meta())
                                ~~~~~~~~~~~~~~~~~~^^^^^^^^^^^^^^^^^^^^^^^^^^^^^^^^^^
  File "C:\Users\Кирилл\Desktop\353505_HOROSHKO_24\IGI\LR5\.venv\Lib\site-packages\django\db\models\sql\query.py", line 1802, in names_to_path
    raise FieldError(
    ...<2 lines>...
    )
django.core.exceptions.FieldError: Cannot resolve keyword 'user' into field. Choices are: client, client_id, delivery_date, employee, employee_id, id, items, order_date, promo_code, promo_code_id
ERROR 2025-05-29 13:07:22,387 basehttp "POST /confirm_order/1/ HTTP/1.1" 500 127783
INFO 2025-05-29 13:08:18,428 autoreload C:\Users\Кирилл\Desktop\353505_HOROSHKO_24\IGI\LR5\shop\views.py changed, reloading.
INFO 2025-05-29 13:08:21,183 autoreload Watching for file changes with StatReloader
INFO 2025-05-29 13:08:29,293 basehttp "GET /current_order/ HTTP/1.1" 200 4415
ERROR 2025-05-29 13:08:35,430 log Internal Server Error: /confirm_order/1/
Traceback (most recent call last):
  File "C:\Users\Кирилл\Desktop\353505_HOROSHKO_24\IGI\LR5\.venv\Lib\site-packages\django\core\handlers\exception.py", line 55, in inner
    response = get_response(request)
  File "C:\Users\Кирилл\Desktop\353505_HOROSHKO_24\IGI\LR5\.venv\Lib\site-packages\django\core\handlers\base.py", line 197, in _get_response
    response = wrapped_callback(request, *callback_args, **callback_kwargs)
  File "C:\Users\Кирилл\Desktop\353505_HOROSHKO_24\IGI\LR5\.venv\Lib\site-packages\django\contrib\auth\decorators.py", line 59, in _view_wrapper
    return view_func(request, *args, **kwargs)
  File "C:\Users\Кирилл\Desktop\353505_HOROSHKO_24\IGI\LR5\.venv\Lib\site-packages\django\contrib\auth\decorators.py", line 59, in _view_wrapper
    return view_func(request, *args, **kwargs)
  File "C:\Users\Кирилл\Desktop\353505_HOROSHKO_24\IGI\LR5\shop\views.py", line 518, in confirm_order
    order = get_object_or_404(Order, id=order_id, client=request.user)
  File "C:\Users\Кирилл\Desktop\353505_HOROSHKO_24\IGI\LR5\.venv\Lib\site-packages\django\shortcuts.py", line 90, in get_object_or_404
    return queryset.get(*args, **kwargs)
           ~~~~~~~~~~~~^^^^^^^^^^^^^^^^^
  File "C:\Users\Кирилл\Desktop\353505_HOROSHKO_24\IGI\LR5\.venv\Lib\site-packages\django\db\models\query.py", line 619, in get
    clone = self._chain() if self.query.combinator else self.filter(*args, **kwargs)
                                                        ~~~~~~~~~~~^^^^^^^^^^^^^^^^^
  File "C:\Users\Кирилл\Desktop\353505_HOROSHKO_24\IGI\LR5\.venv\Lib\site-packages\django\db\models\query.py", line 1491, in filter
    return self._filter_or_exclude(False, args, kwargs)
           ~~~~~~~~~~~~~~~~~~~~~~~^^^^^^^^^^^^^^^^^^^^^
  File "C:\Users\Кирилл\Desktop\353505_HOROSHKO_24\IGI\LR5\.venv\Lib\site-packages\django\db\models\query.py", line 1509, in _filter_or_exclude
    clone._filter_or_exclude_inplace(negate, args, kwargs)
    ~~~~~~~~~~~~~~~~~~~~~~~~~~~~~~~~^^^^^^^^^^^^^^^^^^^^^^
  File "C:\Users\Кирилл\Desktop\353505_HOROSHKO_24\IGI\LR5\.venv\Lib\site-packages\django\db\models\query.py", line 1516, in _filter_or_exclude_inplace
    self._query.add_q(Q(*args, **kwargs))
    ~~~~~~~~~~~~~~~~~^^^^^^^^^^^^^^^^^^^^
  File "C:\Users\Кирилл\Desktop\353505_HOROSHKO_24\IGI\LR5\.venv\Lib\site-packages\django\db\models\sql\query.py", line 1643, in add_q
    clause, _ = self._add_q(q_object, can_reuse)
                ~~~~~~~~~~~^^^^^^^^^^^^^^^^^^^^^
  File "C:\Users\Кирилл\Desktop\353505_HOROSHKO_24\IGI\LR5\.venv\Lib\site-packages\django\db\models\sql\query.py", line 1675, in _add_q
    child_clause, needed_inner = self.build_filter(
                                 ~~~~~~~~~~~~~~~~~^
        child,
        ^^^^^^
    ...<7 lines>...
        update_join_types=update_join_types,
        ^^^^^^^^^^^^^^^^^^^^^^^^^^^^^^^^^^^^
    )
    ^
  File "C:\Users\Кирилл\Desktop\353505_HOROSHKO_24\IGI\LR5\.venv\Lib\site-packages\django\db\models\sql\query.py", line 1560, in build_filter
    self.check_related_objects(join_info.final_field, value, join_info.opts)
    ~~~~~~~~~~~~~~~~~~~~~~~~~~^^^^^^^^^^^^^^^^^^^^^^^^^^^^^^^^^^^^^^^^^^^^^^
  File "C:\Users\Кирилл\Desktop\353505_HOROSHKO_24\IGI\LR5\.venv\Lib\site-packages\django\db\models\sql\query.py", line 1369, in check_related_objects
    self.check_query_object_type(value, opts, field)
    ~~~~~~~~~~~~~~~~~~~~~~~~~~~~^^^^^^^^^^^^^^^^^^^^
  File "C:\Users\Кирилл\Desktop\353505_HOROSHKO_24\IGI\LR5\.venv\Lib\site-packages\django\db\models\sql\query.py", line 1346, in check_query_object_type
    raise ValueError(
    ...<2 lines>...
    )
ValueError: Cannot query "Кирилл": Must be "Client" instance.
ERROR 2025-05-29 13:08:35,438 basehttp "POST /confirm_order/1/ HTTP/1.1" 500 127438
INFO 2025-05-29 13:09:37,498 basehttp "GET /reviews/ HTTP/1.1" 200 2636
INFO 2025-05-29 13:09:40,155 basehttp "GET /reviews/add/ HTTP/1.1" 200 3019
INFO 2025-05-29 13:09:49,099 basehttp "POST /reviews/add/ HTTP/1.1" 302 0
INFO 2025-05-29 13:09:49,122 basehttp "GET /reviews/ HTTP/1.1" 200 3528
INFO 2025-05-29 13:10:05,306 basehttp "GET /manufacturers/ HTTP/1.1" 200 3345
WARNING 2025-05-29 13:10:05,380 log Not Found: /media/manufacturers/images.png
WARNING 2025-05-29 13:10:05,381 basehttp "GET /media/manufacturers/images.png HTTP/1.1" 404 11026
INFO 2025-05-29 13:10:07,476 basehttp "GET /products/ HTTP/1.1" 200 34786
INFO 2025-05-29 13:10:07,529 basehttp "GET /media/products/01517118.n_1.png.webp HTTP/1.1" 304 0
INFO 2025-05-29 13:10:07,535 basehttp "GET /media/products/01329525.n_1.png.webp HTTP/1.1" 304 0
INFO 2025-05-29 13:10:07,536 basehttp "GET /media/products/Aeroflotskie_35_gr.webp HTTP/1.1" 304 0
INFO 2025-05-29 13:10:07,539 basehttp "GET /media/products/00031070.n_1_1000x1000.png.webp HTTP/1.1" 304 0
INFO 2025-05-29 13:10:07,539 basehttp "GET /media/products/00879807.n_1.png.webp HTTP/1.1" 304 0
INFO 2025-05-29 13:10:07,542 basehttp "GET /media/products/Grilyazh_na_arakhise.webp HTTP/1.1" 304 0
INFO 2025-05-29 13:10:07,560 basehttp "GET /media/products/20200623220617_kuznechik.png HTTP/1.1" 304 0
INFO 2025-05-29 13:10:07,565 basehttp "GET /media/products/00972854_k6iCBT3.n_1.png.webp HTTP/1.1" 304 0
INFO 2025-05-29 13:10:07,584 basehttp "GET /media/products/00694969.n_1.png.webp HTTP/1.1" 304 0
INFO 2025-05-29 13:10:07,584 basehttp "GET /media/products/01742391.n_1.png.webp HTTP/1.1" 304 0
INFO 2025-05-29 13:10:07,586 basehttp "GET /media/products/02102477.n_1.png.webp HTTP/1.1" 304 0
INFO 2025-05-29 13:10:07,587 basehttp "GET /media/products/00694030.n_1.png.webp HTTP/1.1" 304 0
INFO 2025-05-29 13:10:07,591 basehttp "GET /media/products/5b2483c39a1cc005bd5344e76b555e95.webp HTTP/1.1" 304 0
INFO 2025-05-29 13:10:07,592 basehttp "GET /media/products/00023129.n_1.png.webp HTTP/1.1" 304 0
INFO 2025-05-29 13:10:07,600 basehttp "GET /media/products/02102474.n_1.png.webp HTTP/1.1" 304 0
INFO 2025-05-29 13:10:07,601 basehttp "GET /media/products/a8cc84e69b221875b8e38df008db2309.webp HTTP/1.1" 304 0
INFO 2025-05-29 13:10:07,607 basehttp "GET /media/products/00997603.n_1.png.webp HTTP/1.1" 304 0
INFO 2025-05-29 13:10:07,609 basehttp "GET /media/products/00189563.n_1.png.webp HTTP/1.1" 304 0
INFO 2025-05-29 13:10:07,609 basehttp "GET /media/products/00975722.n_1.png.webp HTTP/1.1" 304 0
INFO 2025-05-29 13:10:14,846 basehttp "GET /products/?search=&category=1&manufacturer=&sort=name HTTP/1.1" 200 12524
INFO 2025-05-29 13:10:17,911 basehttp "GET /products/?search=&category=&manufacturer=&sort=name HTTP/1.1" 200 34446
INFO 2025-05-29 13:10:18,643 basehttp "GET /current_order/ HTTP/1.1" 200 4415
INFO 2025-05-29 13:10:45,952 autoreload C:\Users\Кирилл\Desktop\353505_HOROSHKO_24\IGI\LR5\shop\models.py changed, reloading.
INFO 2025-05-29 13:10:47,809 autoreload Watching for file changes with StatReloader
INFO 2025-05-29 13:15:49,232 autoreload Watching for file changes with StatReloader
INFO 2025-05-29 13:15:55,745 basehttp "GET / HTTP/1.1" 200 2435
INFO 2025-05-29 13:15:59,783 basehttp "GET /products/ HTTP/1.1" 200 34446
INFO 2025-05-29 13:15:59,850 basehttp "GET /media/products/01517118.n_1.png.webp HTTP/1.1" 304 0
INFO 2025-05-29 13:15:59,877 basehttp "GET /media/products/01329525.n_1.png.webp HTTP/1.1" 304 0
INFO 2025-05-29 13:15:59,880 basehttp "GET /media/products/Aeroflotskie_35_gr.webp HTTP/1.1" 304 0
INFO 2025-05-29 13:15:59,883 basehttp "GET /media/products/00879807.n_1.png.webp HTTP/1.1" 304 0
INFO 2025-05-29 13:15:59,884 basehttp "GET /media/products/20200623220617_kuznechik.png HTTP/1.1" 304 0
INFO 2025-05-29 13:15:59,889 basehttp "GET /media/products/00031070.n_1_1000x1000.png.webp HTTP/1.1" 304 0
INFO 2025-05-29 13:15:59,894 basehttp "GET /media/products/Grilyazh_na_arakhise.webp HTTP/1.1" 304 0
INFO 2025-05-29 13:15:59,900 basehttp "GET /media/products/00972854_k6iCBT3.n_1.png.webp HTTP/1.1" 304 0
INFO 2025-05-29 13:15:59,902 basehttp "GET /media/products/00694969.n_1.png.webp HTTP/1.1" 304 0
INFO 2025-05-29 13:15:59,905 basehttp "GET /media/products/00694030.n_1.png.webp HTTP/1.1" 304 0
INFO 2025-05-29 13:15:59,914 basehttp "GET /media/products/01742391.n_1.png.webp HTTP/1.1" 304 0
INFO 2025-05-29 13:15:59,914 basehttp "GET /media/products/02102477.n_1.png.webp HTTP/1.1" 304 0
INFO 2025-05-29 13:15:59,922 basehttp "GET /media/products/02102474.n_1.png.webp HTTP/1.1" 304 0
INFO 2025-05-29 13:15:59,923 basehttp "GET /media/products/a8cc84e69b221875b8e38df008db2309.webp HTTP/1.1" 304 0
INFO 2025-05-29 13:15:59,923 basehttp "GET /media/products/00023129.n_1.png.webp HTTP/1.1" 304 0
INFO 2025-05-29 13:15:59,925 basehttp "GET /media/products/5b2483c39a1cc005bd5344e76b555e95.webp HTTP/1.1" 304 0
INFO 2025-05-29 13:15:59,927 basehttp "GET /media/products/00997603.n_1.png.webp HTTP/1.1" 304 0
INFO 2025-05-29 13:15:59,927 basehttp "GET /media/products/00975722.n_1.png.webp HTTP/1.1" 304 0
INFO 2025-05-29 13:15:59,931 basehttp "GET /media/products/00189563.n_1.png.webp HTTP/1.1" 304 0
ERROR 2025-05-29 13:16:01,221 log Internal Server Error: /current_order/
Traceback (most recent call last):
  File "C:\Users\Кирилл\Desktop\353505_HOROSHKO_24\IGI\LR5\.venv\Lib\site-packages\django\core\handlers\exception.py", line 55, in inner
    response = get_response(request)
  File "C:\Users\Кирилл\Desktop\353505_HOROSHKO_24\IGI\LR5\.venv\Lib\site-packages\django\core\handlers\base.py", line 197, in _get_response
    response = wrapped_callback(request, *callback_args, **callback_kwargs)
  File "C:\Users\Кирилл\Desktop\353505_HOROSHKO_24\IGI\LR5\.venv\Lib\site-packages\django\contrib\auth\decorators.py", line 59, in _view_wrapper
    return view_func(request, *args, **kwargs)
  File "C:\Users\Кирилл\Desktop\353505_HOROSHKO_24\IGI\LR5\.venv\Lib\site-packages\django\contrib\auth\decorators.py", line 59, in _view_wrapper
    return view_func(request, *args, **kwargs)
  File "C:\Users\Кирилл\Desktop\353505_HOROSHKO_24\IGI\LR5\shop\views.py", line 498, in current_order
    order = Order.objects.filter(
            ~~~~~~~~~~~~~~~~~~~~^
        client=client,
        ^^^^^^^^^^^^^^
        delivery_date__gte=timezone.now().date()
        ^^^^^^^^^^^^^^^^^^^^^^^^^^^^^^^^^^^^^^^^
    ).first()
    ^
  File "C:\Users\Кирилл\Desktop\353505_HOROSHKO_24\IGI\LR5\.venv\Lib\site-packages\django\db\models\manager.py", line 87, in manager_method
    return getattr(self.get_queryset(), name)(*args, **kwargs)
           ~~~~~~~~~~~~~~~~~~~~~~~~~~~~~~~~~~^^^^^^^^^^^^^^^^^
  File "C:\Users\Кирилл\Desktop\353505_HOROSHKO_24\IGI\LR5\.venv\Lib\site-packages\django\db\models\query.py", line 1491, in filter
    return self._filter_or_exclude(False, args, kwargs)
           ~~~~~~~~~~~~~~~~~~~~~~~^^^^^^^^^^^^^^^^^^^^^
  File "C:\Users\Кирилл\Desktop\353505_HOROSHKO_24\IGI\LR5\.venv\Lib\site-packages\django\db\models\query.py", line 1509, in _filter_or_exclude
    clone._filter_or_exclude_inplace(negate, args, kwargs)
    ~~~~~~~~~~~~~~~~~~~~~~~~~~~~~~~~^^^^^^^^^^^^^^^^^^^^^^
  File "C:\Users\Кирилл\Desktop\353505_HOROSHKO_24\IGI\LR5\.venv\Lib\site-packages\django\db\models\query.py", line 1516, in _filter_or_exclude_inplace
    self._query.add_q(Q(*args, **kwargs))
    ~~~~~~~~~~~~~~~~~^^^^^^^^^^^^^^^^^^^^
  File "C:\Users\Кирилл\Desktop\353505_HOROSHKO_24\IGI\LR5\.venv\Lib\site-packages\django\db\models\sql\query.py", line 1643, in add_q
    clause, _ = self._add_q(q_object, can_reuse)
                ~~~~~~~~~~~^^^^^^^^^^^^^^^^^^^^^
  File "C:\Users\Кирилл\Desktop\353505_HOROSHKO_24\IGI\LR5\.venv\Lib\site-packages\django\db\models\sql\query.py", line 1675, in _add_q
    child_clause, needed_inner = self.build_filter(
                                 ~~~~~~~~~~~~~~~~~^
        child,
        ^^^^^^
    ...<7 lines>...
        update_join_types=update_join_types,
        ^^^^^^^^^^^^^^^^^^^^^^^^^^^^^^^^^^^^
    )
    ^
  File "C:\Users\Кирилл\Desktop\353505_HOROSHKO_24\IGI\LR5\.venv\Lib\site-packages\django\db\models\sql\query.py", line 1560, in build_filter
    self.check_related_objects(join_info.final_field, value, join_info.opts)
    ~~~~~~~~~~~~~~~~~~~~~~~~~~^^^^^^^^^^^^^^^^^^^^^^^^^^^^^^^^^^^^^^^^^^^^^^
  File "C:\Users\Кирилл\Desktop\353505_HOROSHKO_24\IGI\LR5\.venv\Lib\site-packages\django\db\models\sql\query.py", line 1369, in check_related_objects
    self.check_query_object_type(value, opts, field)
    ~~~~~~~~~~~~~~~~~~~~~~~~~~~~^^^^^^^^^^^^^^^^^^^^
  File "C:\Users\Кирилл\Desktop\353505_HOROSHKO_24\IGI\LR5\.venv\Lib\site-packages\django\db\models\sql\query.py", line 1346, in check_query_object_type
    raise ValueError(
    ...<2 lines>...
    )
ValueError: Cannot query "Клиент: Кирилл (ID: 2)": Must be "User" instance.
ERROR 2025-05-29 13:16:01,230 basehttp "GET /current_order/ HTTP/1.1" 500 121933
INFO 2025-05-29 13:17:14,315 autoreload C:\Users\Кирилл\Desktop\353505_HOROSHKO_24\IGI\LR5\shop\models.py changed, reloading.
INFO 2025-05-29 13:17:15,668 autoreload Watching for file changes with StatReloader
ERROR 2025-05-29 13:17:21,047 log Internal Server Error: /current_order/
Traceback (most recent call last):
  File "C:\Users\Кирилл\Desktop\353505_HOROSHKO_24\IGI\LR5\.venv\Lib\site-packages\django\core\handlers\exception.py", line 55, in inner
    response = get_response(request)
  File "C:\Users\Кирилл\Desktop\353505_HOROSHKO_24\IGI\LR5\.venv\Lib\site-packages\django\core\handlers\base.py", line 197, in _get_response
    response = wrapped_callback(request, *callback_args, **callback_kwargs)
  File "C:\Users\Кирилл\Desktop\353505_HOROSHKO_24\IGI\LR5\.venv\Lib\site-packages\django\contrib\auth\decorators.py", line 59, in _view_wrapper
    return view_func(request, *args, **kwargs)
  File "C:\Users\Кирилл\Desktop\353505_HOROSHKO_24\IGI\LR5\.venv\Lib\site-packages\django\contrib\auth\decorators.py", line 59, in _view_wrapper
    return view_func(request, *args, **kwargs)
  File "C:\Users\Кирилл\Desktop\353505_HOROSHKO_24\IGI\LR5\shop\views.py", line 498, in current_order
    order = Order.objects.filter(
            ~~~~~~~~~~~~~~~~~~~~^
        client=client,
        ^^^^^^^^^^^^^^
        delivery_date__gte=timezone.now().date()
        ^^^^^^^^^^^^^^^^^^^^^^^^^^^^^^^^^^^^^^^^
    ).first()
    ^
  File "C:\Users\Кирилл\Desktop\353505_HOROSHKO_24\IGI\LR5\.venv\Lib\site-packages\django\db\models\manager.py", line 87, in manager_method
    return getattr(self.get_queryset(), name)(*args, **kwargs)
           ~~~~~~~~~~~~~~~~~~~~~~~~~~~~~~~~~~^^^^^^^^^^^^^^^^^
  File "C:\Users\Кирилл\Desktop\353505_HOROSHKO_24\IGI\LR5\.venv\Lib\site-packages\django\db\models\query.py", line 1491, in filter
    return self._filter_or_exclude(False, args, kwargs)
           ~~~~~~~~~~~~~~~~~~~~~~~^^^^^^^^^^^^^^^^^^^^^
  File "C:\Users\Кирилл\Desktop\353505_HOROSHKO_24\IGI\LR5\.venv\Lib\site-packages\django\db\models\query.py", line 1509, in _filter_or_exclude
    clone._filter_or_exclude_inplace(negate, args, kwargs)
    ~~~~~~~~~~~~~~~~~~~~~~~~~~~~~~~~^^^^^^^^^^^^^^^^^^^^^^
  File "C:\Users\Кирилл\Desktop\353505_HOROSHKO_24\IGI\LR5\.venv\Lib\site-packages\django\db\models\query.py", line 1516, in _filter_or_exclude_inplace
    self._query.add_q(Q(*args, **kwargs))
    ~~~~~~~~~~~~~~~~~^^^^^^^^^^^^^^^^^^^^
  File "C:\Users\Кирилл\Desktop\353505_HOROSHKO_24\IGI\LR5\.venv\Lib\site-packages\django\db\models\sql\query.py", line 1643, in add_q
    clause, _ = self._add_q(q_object, can_reuse)
                ~~~~~~~~~~~^^^^^^^^^^^^^^^^^^^^^
  File "C:\Users\Кирилл\Desktop\353505_HOROSHKO_24\IGI\LR5\.venv\Lib\site-packages\django\db\models\sql\query.py", line 1675, in _add_q
    child_clause, needed_inner = self.build_filter(
                                 ~~~~~~~~~~~~~~~~~^
        child,
        ^^^^^^
    ...<7 lines>...
        update_join_types=update_join_types,
        ^^^^^^^^^^^^^^^^^^^^^^^^^^^^^^^^^^^^
    )
    ^
  File "C:\Users\Кирилл\Desktop\353505_HOROSHKO_24\IGI\LR5\.venv\Lib\site-packages\django\db\models\sql\query.py", line 1560, in build_filter
    self.check_related_objects(join_info.final_field, value, join_info.opts)
    ~~~~~~~~~~~~~~~~~~~~~~~~~~^^^^^^^^^^^^^^^^^^^^^^^^^^^^^^^^^^^^^^^^^^^^^^
  File "C:\Users\Кирилл\Desktop\353505_HOROSHKO_24\IGI\LR5\.venv\Lib\site-packages\django\db\models\sql\query.py", line 1369, in check_related_objects
    self.check_query_object_type(value, opts, field)
    ~~~~~~~~~~~~~~~~~~~~~~~~~~~~^^^^^^^^^^^^^^^^^^^^
  File "C:\Users\Кирилл\Desktop\353505_HOROSHKO_24\IGI\LR5\.venv\Lib\site-packages\django\db\models\sql\query.py", line 1346, in check_query_object_type
    raise ValueError(
    ...<2 lines>...
    )
ValueError: Cannot query "Клиент: Кирилл (ID: 2)": Must be "User" instance.
ERROR 2025-05-29 13:17:21,056 basehttp "GET /current_order/ HTTP/1.1" 500 122070
ERROR 2025-05-29 13:17:23,963 log Internal Server Error: /current_order/
Traceback (most recent call last):
  File "C:\Users\Кирилл\Desktop\353505_HOROSHKO_24\IGI\LR5\.venv\Lib\site-packages\django\core\handlers\exception.py", line 55, in inner
    response = get_response(request)
  File "C:\Users\Кирилл\Desktop\353505_HOROSHKO_24\IGI\LR5\.venv\Lib\site-packages\django\core\handlers\base.py", line 197, in _get_response
    response = wrapped_callback(request, *callback_args, **callback_kwargs)
  File "C:\Users\Кирилл\Desktop\353505_HOROSHKO_24\IGI\LR5\.venv\Lib\site-packages\django\contrib\auth\decorators.py", line 59, in _view_wrapper
    return view_func(request, *args, **kwargs)
  File "C:\Users\Кирилл\Desktop\353505_HOROSHKO_24\IGI\LR5\.venv\Lib\site-packages\django\contrib\auth\decorators.py", line 59, in _view_wrapper
    return view_func(request, *args, **kwargs)
  File "C:\Users\Кирилл\Desktop\353505_HOROSHKO_24\IGI\LR5\shop\views.py", line 498, in current_order
    order = Order.objects.filter(
            ~~~~~~~~~~~~~~~~~~~~^
        client=client,
        ^^^^^^^^^^^^^^
        delivery_date__gte=timezone.now().date()
        ^^^^^^^^^^^^^^^^^^^^^^^^^^^^^^^^^^^^^^^^
    ).first()
    ^
  File "C:\Users\Кирилл\Desktop\353505_HOROSHKO_24\IGI\LR5\.venv\Lib\site-packages\django\db\models\manager.py", line 87, in manager_method
    return getattr(self.get_queryset(), name)(*args, **kwargs)
           ~~~~~~~~~~~~~~~~~~~~~~~~~~~~~~~~~~^^^^^^^^^^^^^^^^^
  File "C:\Users\Кирилл\Desktop\353505_HOROSHKO_24\IGI\LR5\.venv\Lib\site-packages\django\db\models\query.py", line 1491, in filter
    return self._filter_or_exclude(False, args, kwargs)
           ~~~~~~~~~~~~~~~~~~~~~~~^^^^^^^^^^^^^^^^^^^^^
  File "C:\Users\Кирилл\Desktop\353505_HOROSHKO_24\IGI\LR5\.venv\Lib\site-packages\django\db\models\query.py", line 1509, in _filter_or_exclude
    clone._filter_or_exclude_inplace(negate, args, kwargs)
    ~~~~~~~~~~~~~~~~~~~~~~~~~~~~~~~~^^^^^^^^^^^^^^^^^^^^^^
  File "C:\Users\Кирилл\Desktop\353505_HOROSHKO_24\IGI\LR5\.venv\Lib\site-packages\django\db\models\query.py", line 1516, in _filter_or_exclude_inplace
    self._query.add_q(Q(*args, **kwargs))
    ~~~~~~~~~~~~~~~~~^^^^^^^^^^^^^^^^^^^^
  File "C:\Users\Кирилл\Desktop\353505_HOROSHKO_24\IGI\LR5\.venv\Lib\site-packages\django\db\models\sql\query.py", line 1643, in add_q
    clause, _ = self._add_q(q_object, can_reuse)
                ~~~~~~~~~~~^^^^^^^^^^^^^^^^^^^^^
  File "C:\Users\Кирилл\Desktop\353505_HOROSHKO_24\IGI\LR5\.venv\Lib\site-packages\django\db\models\sql\query.py", line 1675, in _add_q
    child_clause, needed_inner = self.build_filter(
                                 ~~~~~~~~~~~~~~~~~^
        child,
        ^^^^^^
    ...<7 lines>...
        update_join_types=update_join_types,
        ^^^^^^^^^^^^^^^^^^^^^^^^^^^^^^^^^^^^
    )
    ^
  File "C:\Users\Кирилл\Desktop\353505_HOROSHKO_24\IGI\LR5\.venv\Lib\site-packages\django\db\models\sql\query.py", line 1560, in build_filter
    self.check_related_objects(join_info.final_field, value, join_info.opts)
    ~~~~~~~~~~~~~~~~~~~~~~~~~~^^^^^^^^^^^^^^^^^^^^^^^^^^^^^^^^^^^^^^^^^^^^^^
  File "C:\Users\Кирилл\Desktop\353505_HOROSHKO_24\IGI\LR5\.venv\Lib\site-packages\django\db\models\sql\query.py", line 1369, in check_related_objects
    self.check_query_object_type(value, opts, field)
    ~~~~~~~~~~~~~~~~~~~~~~~~~~~~^^^^^^^^^^^^^^^^^^^^
  File "C:\Users\Кирилл\Desktop\353505_HOROSHKO_24\IGI\LR5\.venv\Lib\site-packages\django\db\models\sql\query.py", line 1346, in check_query_object_type
    raise ValueError(
    ...<2 lines>...
    )
ValueError: Cannot query "Клиент: Кирилл (ID: 2)": Must be "User" instance.
ERROR 2025-05-29 13:17:23,968 basehttp "GET /current_order/ HTTP/1.1" 500 121933
INFO 2025-05-29 13:18:36,799 autoreload C:\Users\Кирилл\Desktop\353505_HOROSHKO_24\IGI\LR5\shop\views.py changed, reloading.
INFO 2025-05-29 13:18:39,427 autoreload Watching for file changes with StatReloader
INFO 2025-05-29 13:19:22,501 autoreload C:\Users\Кирилл\Desktop\353505_HOROSHKO_24\IGI\LR5\shop\views.py changed, reloading.
INFO 2025-05-29 13:19:23,687 autoreload Watching for file changes with StatReloader
INFO 2025-05-29 13:19:31,902 autoreload C:\Users\Кирилл\Desktop\353505_HOROSHKO_24\IGI\LR5\shop\views.py changed, reloading.
INFO 2025-05-29 13:19:33,179 autoreload Watching for file changes with StatReloader
ERROR 2025-05-29 13:19:39,685 log Internal Server Error: /current_order/
Traceback (most recent call last):
  File "C:\Users\Кирилл\Desktop\353505_HOROSHKO_24\IGI\LR5\.venv\Lib\site-packages\django\core\handlers\exception.py", line 55, in inner
    response = get_response(request)
  File "C:\Users\Кирилл\Desktop\353505_HOROSHKO_24\IGI\LR5\.venv\Lib\site-packages\django\core\handlers\base.py", line 197, in _get_response
    response = wrapped_callback(request, *callback_args, **callback_kwargs)
  File "C:\Users\Кирилл\Desktop\353505_HOROSHKO_24\IGI\LR5\.venv\Lib\site-packages\django\contrib\auth\decorators.py", line 59, in _view_wrapper
    return view_func(request, *args, **kwargs)
  File "C:\Users\Кирилл\Desktop\353505_HOROSHKO_24\IGI\LR5\.venv\Lib\site-packages\django\contrib\auth\decorators.py", line 59, in _view_wrapper
    return view_func(request, *args, **kwargs)
  File "C:\Users\Кирилл\Desktop\353505_HOROSHKO_24\IGI\LR5\shop\views.py", line 498, in current_order
    order = Order.objects.filter(
            ~~~~~~~~~~~~~~~~~~~~^
        client=client,
        ^^^^^^^^^^^^^^
        delivery_date__gte=timezone.now().date()
        ^^^^^^^^^^^^^^^^^^^^^^^^^^^^^^^^^^^^^^^^
    ).first()
    ^
  File "C:\Users\Кирилл\Desktop\353505_HOROSHKO_24\IGI\LR5\.venv\Lib\site-packages\django\db\models\manager.py", line 87, in manager_method
    return getattr(self.get_queryset(), name)(*args, **kwargs)
           ~~~~~~~~~~~~~~~~~~~~~~~~~~~~~~~~~~^^^^^^^^^^^^^^^^^
  File "C:\Users\Кирилл\Desktop\353505_HOROSHKO_24\IGI\LR5\.venv\Lib\site-packages\django\db\models\query.py", line 1491, in filter
    return self._filter_or_exclude(False, args, kwargs)
           ~~~~~~~~~~~~~~~~~~~~~~~^^^^^^^^^^^^^^^^^^^^^
  File "C:\Users\Кирилл\Desktop\353505_HOROSHKO_24\IGI\LR5\.venv\Lib\site-packages\django\db\models\query.py", line 1509, in _filter_or_exclude
    clone._filter_or_exclude_inplace(negate, args, kwargs)
    ~~~~~~~~~~~~~~~~~~~~~~~~~~~~~~~~^^^^^^^^^^^^^^^^^^^^^^
  File "C:\Users\Кирилл\Desktop\353505_HOROSHKO_24\IGI\LR5\.venv\Lib\site-packages\django\db\models\query.py", line 1516, in _filter_or_exclude_inplace
    self._query.add_q(Q(*args, **kwargs))
    ~~~~~~~~~~~~~~~~~^^^^^^^^^^^^^^^^^^^^
  File "C:\Users\Кирилл\Desktop\353505_HOROSHKO_24\IGI\LR5\.venv\Lib\site-packages\django\db\models\sql\query.py", line 1643, in add_q
    clause, _ = self._add_q(q_object, can_reuse)
                ~~~~~~~~~~~^^^^^^^^^^^^^^^^^^^^^
  File "C:\Users\Кирилл\Desktop\353505_HOROSHKO_24\IGI\LR5\.venv\Lib\site-packages\django\db\models\sql\query.py", line 1675, in _add_q
    child_clause, needed_inner = self.build_filter(
                                 ~~~~~~~~~~~~~~~~~^
        child,
        ^^^^^^
    ...<7 lines>...
        update_join_types=update_join_types,
        ^^^^^^^^^^^^^^^^^^^^^^^^^^^^^^^^^^^^
    )
    ^
  File "C:\Users\Кирилл\Desktop\353505_HOROSHKO_24\IGI\LR5\.venv\Lib\site-packages\django\db\models\sql\query.py", line 1560, in build_filter
    self.check_related_objects(join_info.final_field, value, join_info.opts)
    ~~~~~~~~~~~~~~~~~~~~~~~~~~^^^^^^^^^^^^^^^^^^^^^^^^^^^^^^^^^^^^^^^^^^^^^^
  File "C:\Users\Кирилл\Desktop\353505_HOROSHKO_24\IGI\LR5\.venv\Lib\site-packages\django\db\models\sql\query.py", line 1369, in check_related_objects
    self.check_query_object_type(value, opts, field)
    ~~~~~~~~~~~~~~~~~~~~~~~~~~~~^^^^^^^^^^^^^^^^^^^^
  File "C:\Users\Кирилл\Desktop\353505_HOROSHKO_24\IGI\LR5\.venv\Lib\site-packages\django\db\models\sql\query.py", line 1346, in check_query_object_type
    raise ValueError(
    ...<2 lines>...
    )
ValueError: Cannot query "Клиент: Кирилл (ID: 2)": Must be "User" instance.
ERROR 2025-05-29 13:19:39,693 basehttp "GET /current_order/ HTTP/1.1" 500 121933
INFO 2025-05-29 13:23:24,630 autoreload C:\Users\Кирилл\Desktop\353505_HOROSHKO_24\IGI\LR5\shop\views.py changed, reloading.
INFO 2025-05-29 13:23:25,547 autoreload Watching for file changes with StatReloader
INFO 2025-05-29 13:23:38,068 autoreload C:\Users\Кирилл\Desktop\353505_HOROSHKO_24\IGI\LR5\shop\views.py changed, reloading.
INFO 2025-05-29 13:23:38,381 autoreload Watching for file changes with StatReloader
INFO 2025-05-29 13:23:46,961 autoreload C:\Users\Кирилл\Desktop\353505_HOROSHKO_24\IGI\LR5\shop\views.py changed, reloading.
INFO 2025-05-29 13:23:47,489 autoreload Watching for file changes with StatReloader
INFO 2025-05-29 13:24:07,166 autoreload C:\Users\Кирилл\Desktop\353505_HOROSHKO_24\IGI\LR5\shop\views.py changed, reloading.
INFO 2025-05-29 13:24:07,511 autoreload Watching for file changes with StatReloader
INFO 2025-05-29 13:24:14,035 autoreload C:\Users\Кирилл\Desktop\353505_HOROSHKO_24\IGI\LR5\shop\views.py changed, reloading.
INFO 2025-05-29 13:24:14,403 autoreload Watching for file changes with StatReloader
INFO 2025-05-29 13:24:58,844 autoreload C:\Users\Кирилл\Desktop\353505_HOROSHKO_24\IGI\LR5\shop\views.py changed, reloading.
INFO 2025-05-29 13:24:59,208 autoreload Watching for file changes with StatReloader
INFO 2025-05-29 13:25:43,655 autoreload C:\Users\Кирилл\Desktop\353505_HOROSHKO_24\IGI\LR5\LR5\settings.py changed, reloading.
INFO 2025-05-29 13:25:44,107 autoreload Watching for file changes with StatReloader
INFO 2025-05-29 13:25:59,786 autoreload C:\Users\Кирилл\Desktop\353505_HOROSHKO_24\IGI\LR5\LR5\settings.py changed, reloading.
INFO 2025-05-29 13:26:00,149 autoreload Watching for file changes with StatReloader
INFO 2025-05-29 13:26:36,408 autoreload C:\Users\Кирилл\Desktop\353505_HOROSHKO_24\IGI\LR5\shop\views.py changed, reloading.
INFO 2025-05-29 13:26:37,173 autoreload Watching for file changes with StatReloader
INFO 2025-05-29 13:26:56,364 autoreload Watching for file changes with StatReloader
ERROR 2025-05-29 13:27:02,619 log Internal Server Error: /add_to_order/12/
Traceback (most recent call last):
  File "C:\Users\Кирилл\Desktop\353505_HOROSHKO_24\IGI\LR5\.venv\Lib\site-packages\django\core\handlers\exception.py", line 55, in inner
    response = get_response(request)
  File "C:\Users\Кирилл\Desktop\353505_HOROSHKO_24\IGI\LR5\.venv\Lib\site-packages\django\core\handlers\base.py", line 197, in _get_response
    response = wrapped_callback(request, *callback_args, **callback_kwargs)
  File "C:\Users\Кирилл\Desktop\353505_HOROSHKO_24\IGI\LR5\.venv\Lib\site-packages\django\contrib\auth\decorators.py", line 59, in _view_wrapper
    return view_func(request, *args, **kwargs)
  File "C:\Users\Кирилл\Desktop\353505_HOROSHKO_24\IGI\LR5\.venv\Lib\site-packages\django\contrib\auth\decorators.py", line 59, in _view_wrapper
    return view_func(request, *args, **kwargs)
  File "C:\Users\Кирилл\Desktop\353505_HOROSHKO_24\IGI\LR5\shop\views.py", line 467, in add_to_order
    current_order = Order.objects.filter(
                    ~~~~~~~~~~~~~~~~~~~~^
        client=client,
        ^^^^^^^^^^^^^^
        delivery_date__gte=timezone.now().date()
        ^^^^^^^^^^^^^^^^^^^^^^^^^^^^^^^^^^^^^^^^
    ).first()
    ^
  File "C:\Users\Кирилл\Desktop\353505_HOROSHKO_24\IGI\LR5\.venv\Lib\site-packages\django\db\models\manager.py", line 87, in manager_method
    return getattr(self.get_queryset(), name)(*args, **kwargs)
           ~~~~~~~~~~~~~~~~~~~~~~~~~~~~~~~~~~^^^^^^^^^^^^^^^^^
  File "C:\Users\Кирилл\Desktop\353505_HOROSHKO_24\IGI\LR5\.venv\Lib\site-packages\django\db\models\query.py", line 1491, in filter
    return self._filter_or_exclude(False, args, kwargs)
           ~~~~~~~~~~~~~~~~~~~~~~~^^^^^^^^^^^^^^^^^^^^^
  File "C:\Users\Кирилл\Desktop\353505_HOROSHKO_24\IGI\LR5\.venv\Lib\site-packages\django\db\models\query.py", line 1509, in _filter_or_exclude
    clone._filter_or_exclude_inplace(negate, args, kwargs)
    ~~~~~~~~~~~~~~~~~~~~~~~~~~~~~~~~^^^^^^^^^^^^^^^^^^^^^^
  File "C:\Users\Кирилл\Desktop\353505_HOROSHKO_24\IGI\LR5\.venv\Lib\site-packages\django\db\models\query.py", line 1516, in _filter_or_exclude_inplace
    self._query.add_q(Q(*args, **kwargs))
    ~~~~~~~~~~~~~~~~~^^^^^^^^^^^^^^^^^^^^
  File "C:\Users\Кирилл\Desktop\353505_HOROSHKO_24\IGI\LR5\.venv\Lib\site-packages\django\db\models\sql\query.py", line 1643, in add_q
    clause, _ = self._add_q(q_object, can_reuse)
                ~~~~~~~~~~~^^^^^^^^^^^^^^^^^^^^^
  File "C:\Users\Кирилл\Desktop\353505_HOROSHKO_24\IGI\LR5\.venv\Lib\site-packages\django\db\models\sql\query.py", line 1675, in _add_q
    child_clause, needed_inner = self.build_filter(
                                 ~~~~~~~~~~~~~~~~~^
        child,
        ^^^^^^
    ...<7 lines>...
        update_join_types=update_join_types,
        ^^^^^^^^^^^^^^^^^^^^^^^^^^^^^^^^^^^^
    )
    ^
  File "C:\Users\Кирилл\Desktop\353505_HOROSHKO_24\IGI\LR5\.venv\Lib\site-packages\django\db\models\sql\query.py", line 1560, in build_filter
    self.check_related_objects(join_info.final_field, value, join_info.opts)
    ~~~~~~~~~~~~~~~~~~~~~~~~~~^^^^^^^^^^^^^^^^^^^^^^^^^^^^^^^^^^^^^^^^^^^^^^
  File "C:\Users\Кирилл\Desktop\353505_HOROSHKO_24\IGI\LR5\.venv\Lib\site-packages\django\db\models\sql\query.py", line 1369, in check_related_objects
    self.check_query_object_type(value, opts, field)
    ~~~~~~~~~~~~~~~~~~~~~~~~~~~~^^^^^^^^^^^^^^^^^^^^
  File "C:\Users\Кирилл\Desktop\353505_HOROSHKO_24\IGI\LR5\.venv\Lib\site-packages\django\db\models\sql\query.py", line 1346, in check_query_object_type
    raise ValueError(
    ...<2 lines>...
    )
ValueError: Cannot query "Клиент: Кирилл (ID: 2)": Must be "User" instance.
ERROR 2025-05-29 13:27:02,622 basehttp "POST /add_to_order/12/ HTTP/1.1" 500 123586
INFO 2025-05-29 13:29:59,253 autoreload C:\Users\Кирилл\Desktop\353505_HOROSHKO_24\IGI\LR5\shop\views.py changed, reloading.
INFO 2025-05-29 13:29:59,666 autoreload Watching for file changes with StatReloader
INFO 2025-05-29 13:30:14,731 autoreload C:\Users\Кирилл\Desktop\353505_HOROSHKO_24\IGI\LR5\shop\views.py changed, reloading.
INFO 2025-05-29 13:30:15,103 autoreload Watching for file changes with StatReloader
ERROR 2025-05-29 13:30:17,013 log Internal Server Error: /current_order/
Traceback (most recent call last):
  File "C:\Users\Кирилл\Desktop\353505_HOROSHKO_24\IGI\LR5\.venv\Lib\site-packages\django\core\handlers\exception.py", line 55, in inner
    response = get_response(request)
  File "C:\Users\Кирилл\Desktop\353505_HOROSHKO_24\IGI\LR5\.venv\Lib\site-packages\django\core\handlers\base.py", line 197, in _get_response
    response = wrapped_callback(request, *callback_args, **callback_kwargs)
  File "C:\Users\Кирилл\Desktop\353505_HOROSHKO_24\IGI\LR5\.venv\Lib\site-packages\django\contrib\auth\decorators.py", line 59, in _view_wrapper
    return view_func(request, *args, **kwargs)
  File "C:\Users\Кирилл\Desktop\353505_HOROSHKO_24\IGI\LR5\.venv\Lib\site-packages\django\contrib\auth\decorators.py", line 59, in _view_wrapper
    return view_func(request, *args, **kwargs)
  File "C:\Users\Кирилл\Desktop\353505_HOROSHKO_24\IGI\LR5\shop\views.py", line 499, in current_order
    order = Order.objects.filter(
            ~~~~~~~~~~~~~~~~~~~~^
        client=client,
        ^^^^^^^^^^^^^^
        delivery_date__gte=timezone.now().date()
        ^^^^^^^^^^^^^^^^^^^^^^^^^^^^^^^^^^^^^^^^
    ).first()
    ^
  File "C:\Users\Кирилл\Desktop\353505_HOROSHKO_24\IGI\LR5\.venv\Lib\site-packages\django\db\models\manager.py", line 87, in manager_method
    return getattr(self.get_queryset(), name)(*args, **kwargs)
           ~~~~~~~~~~~~~~~~~~~~~~~~~~~~~~~~~~^^^^^^^^^^^^^^^^^
  File "C:\Users\Кирилл\Desktop\353505_HOROSHKO_24\IGI\LR5\.venv\Lib\site-packages\django\db\models\query.py", line 1491, in filter
    return self._filter_or_exclude(False, args, kwargs)
           ~~~~~~~~~~~~~~~~~~~~~~~^^^^^^^^^^^^^^^^^^^^^
  File "C:\Users\Кирилл\Desktop\353505_HOROSHKO_24\IGI\LR5\.venv\Lib\site-packages\django\db\models\query.py", line 1509, in _filter_or_exclude
    clone._filter_or_exclude_inplace(negate, args, kwargs)
    ~~~~~~~~~~~~~~~~~~~~~~~~~~~~~~~~^^^^^^^^^^^^^^^^^^^^^^
  File "C:\Users\Кирилл\Desktop\353505_HOROSHKO_24\IGI\LR5\.venv\Lib\site-packages\django\db\models\query.py", line 1516, in _filter_or_exclude_inplace
    self._query.add_q(Q(*args, **kwargs))
    ~~~~~~~~~~~~~~~~~^^^^^^^^^^^^^^^^^^^^
  File "C:\Users\Кирилл\Desktop\353505_HOROSHKO_24\IGI\LR5\.venv\Lib\site-packages\django\db\models\sql\query.py", line 1643, in add_q
    clause, _ = self._add_q(q_object, can_reuse)
                ~~~~~~~~~~~^^^^^^^^^^^^^^^^^^^^^
  File "C:\Users\Кирилл\Desktop\353505_HOROSHKO_24\IGI\LR5\.venv\Lib\site-packages\django\db\models\sql\query.py", line 1675, in _add_q
    child_clause, needed_inner = self.build_filter(
                                 ~~~~~~~~~~~~~~~~~^
        child,
        ^^^^^^
    ...<7 lines>...
        update_join_types=update_join_types,
        ^^^^^^^^^^^^^^^^^^^^^^^^^^^^^^^^^^^^
    )
    ^
  File "C:\Users\Кирилл\Desktop\353505_HOROSHKO_24\IGI\LR5\.venv\Lib\site-packages\django\db\models\sql\query.py", line 1560, in build_filter
    self.check_related_objects(join_info.final_field, value, join_info.opts)
    ~~~~~~~~~~~~~~~~~~~~~~~~~~^^^^^^^^^^^^^^^^^^^^^^^^^^^^^^^^^^^^^^^^^^^^^^
  File "C:\Users\Кирилл\Desktop\353505_HOROSHKO_24\IGI\LR5\.venv\Lib\site-packages\django\db\models\sql\query.py", line 1369, in check_related_objects
    self.check_query_object_type(value, opts, field)
    ~~~~~~~~~~~~~~~~~~~~~~~~~~~~^^^^^^^^^^^^^^^^^^^^
  File "C:\Users\Кирилл\Desktop\353505_HOROSHKO_24\IGI\LR5\.venv\Lib\site-packages\django\db\models\sql\query.py", line 1346, in check_query_object_type
    raise ValueError(
    ...<2 lines>...
    )
ValueError: Cannot query "Клиент: Кирилл (ID: 2)": Must be "User" instance.
ERROR 2025-05-29 13:30:17,016 basehttp "GET /current_order/ HTTP/1.1" 500 121933
INFO 2025-05-29 13:32:38,056 autoreload C:\Users\Кирилл\Desktop\353505_HOROSHKO_24\IGI\LR5\shop\models.py changed, reloading.
INFO 2025-05-29 13:32:38,768 autoreload Watching for file changes with StatReloader
INFO 2025-05-29 13:33:04,791 autoreload C:\Users\Кирилл\Desktop\353505_HOROSHKO_24\IGI\LR5\shop\views.py changed, reloading.
INFO 2025-05-29 13:33:05,482 autoreload Watching for file changes with StatReloader
INFO 2025-05-29 13:33:21,225 autoreload C:\Users\Кирилл\Desktop\353505_HOROSHKO_24\IGI\LR5\shop\views.py changed, reloading.
INFO 2025-05-29 13:33:21,641 autoreload Watching for file changes with StatReloader
ERROR 2025-05-29 13:33:25,127 log Internal Server Error: /current_order/
Traceback (most recent call last):
  File "C:\Users\Кирилл\Desktop\353505_HOROSHKO_24\IGI\LR5\.venv\Lib\site-packages\django\core\handlers\exception.py", line 55, in inner
    response = get_response(request)
  File "C:\Users\Кирилл\Desktop\353505_HOROSHKO_24\IGI\LR5\.venv\Lib\site-packages\django\core\handlers\base.py", line 197, in _get_response
    response = wrapped_callback(request, *callback_args, **callback_kwargs)
  File "C:\Users\Кирилл\Desktop\353505_HOROSHKO_24\IGI\LR5\.venv\Lib\site-packages\django\contrib\auth\decorators.py", line 59, in _view_wrapper
    return view_func(request, *args, **kwargs)
  File "C:\Users\Кирилл\Desktop\353505_HOROSHKO_24\IGI\LR5\.venv\Lib\site-packages\django\contrib\auth\decorators.py", line 59, in _view_wrapper
    return view_func(request, *args, **kwargs)
  File "C:\Users\Кирилл\Desktop\353505_HOROSHKO_24\IGI\LR5\shop\views.py", line 500, in current_order
    current_order = Order.objects.filter(client=client, status='pending').first()
                    ~~~~~~~~~~~~~~~~~~~~^^^^^^^^^^^^^^^^^^^^^^^^^^^^^^^^^
  File "C:\Users\Кирилл\Desktop\353505_HOROSHKO_24\IGI\LR5\.venv\Lib\site-packages\django\db\models\manager.py", line 87, in manager_method
    return getattr(self.get_queryset(), name)(*args, **kwargs)
           ~~~~~~~~~~~~~~~~~~~~~~~~~~~~~~~~~~^^^^^^^^^^^^^^^^^
  File "C:\Users\Кирилл\Desktop\353505_HOROSHKO_24\IGI\LR5\.venv\Lib\site-packages\django\db\models\query.py", line 1491, in filter
    return self._filter_or_exclude(False, args, kwargs)
           ~~~~~~~~~~~~~~~~~~~~~~~^^^^^^^^^^^^^^^^^^^^^
  File "C:\Users\Кирилл\Desktop\353505_HOROSHKO_24\IGI\LR5\.venv\Lib\site-packages\django\db\models\query.py", line 1509, in _filter_or_exclude
    clone._filter_or_exclude_inplace(negate, args, kwargs)
    ~~~~~~~~~~~~~~~~~~~~~~~~~~~~~~~~^^^^^^^^^^^^^^^^^^^^^^
  File "C:\Users\Кирилл\Desktop\353505_HOROSHKO_24\IGI\LR5\.venv\Lib\site-packages\django\db\models\query.py", line 1516, in _filter_or_exclude_inplace
    self._query.add_q(Q(*args, **kwargs))
    ~~~~~~~~~~~~~~~~~^^^^^^^^^^^^^^^^^^^^
  File "C:\Users\Кирилл\Desktop\353505_HOROSHKO_24\IGI\LR5\.venv\Lib\site-packages\django\db\models\sql\query.py", line 1643, in add_q
    clause, _ = self._add_q(q_object, can_reuse)
                ~~~~~~~~~~~^^^^^^^^^^^^^^^^^^^^^
  File "C:\Users\Кирилл\Desktop\353505_HOROSHKO_24\IGI\LR5\.venv\Lib\site-packages\django\db\models\sql\query.py", line 1675, in _add_q
    child_clause, needed_inner = self.build_filter(
                                 ~~~~~~~~~~~~~~~~~^
        child,
        ^^^^^^
    ...<7 lines>...
        update_join_types=update_join_types,
        ^^^^^^^^^^^^^^^^^^^^^^^^^^^^^^^^^^^^
    )
    ^
  File "C:\Users\Кирилл\Desktop\353505_HOROSHKO_24\IGI\LR5\.venv\Lib\site-packages\django\db\models\sql\query.py", line 1523, in build_filter
    lookups, parts, reffed_expression = self.solve_lookup_type(arg, summarize)
                                        ~~~~~~~~~~~~~~~~~~~~~~^^^^^^^^^^^^^^^^
  File "C:\Users\Кирилл\Desktop\353505_HOROSHKO_24\IGI\LR5\.venv\Lib\site-packages\django\db\models\sql\query.py", line 1330, in solve_lookup_type
    _, field, _, lookup_parts = self.names_to_path(lookup_splitted, self.get_meta())
                                ~~~~~~~~~~~~~~~~~~^^^^^^^^^^^^^^^^^^^^^^^^^^^^^^^^^^
  File "C:\Users\Кирилл\Desktop\353505_HOROSHKO_24\IGI\LR5\.venv\Lib\site-packages\django\db\models\sql\query.py", line 1802, in names_to_path
    raise FieldError(
    ...<2 lines>...
    )
django.core.exceptions.FieldError: Cannot resolve keyword 'status' into field. Choices are: client, client_id, delivery_date, employee, employee_id, id, items, order_date, promo_code, promo_code_id
ERROR 2025-05-29 13:33:25,129 basehttp "GET /current_order/ HTTP/1.1" 500 122364
INFO 2025-05-29 13:34:09,131 autoreload Watching for file changes with StatReloader
INFO 2025-05-29 13:34:17,803 autoreload Watching for file changes with StatReloader
ERROR 2025-05-29 13:34:21,640 log Internal Server Error: /current_order/
Traceback (most recent call last):
  File "C:\Users\Кирилл\Desktop\353505_HOROSHKO_24\IGI\LR5\.venv\Lib\site-packages\django\core\handlers\exception.py", line 55, in inner
    response = get_response(request)
  File "C:\Users\Кирилл\Desktop\353505_HOROSHKO_24\IGI\LR5\.venv\Lib\site-packages\django\core\handlers\base.py", line 197, in _get_response
    response = wrapped_callback(request, *callback_args, **callback_kwargs)
  File "C:\Users\Кирилл\Desktop\353505_HOROSHKO_24\IGI\LR5\.venv\Lib\site-packages\django\contrib\auth\decorators.py", line 59, in _view_wrapper
    return view_func(request, *args, **kwargs)
  File "C:\Users\Кирилл\Desktop\353505_HOROSHKO_24\IGI\LR5\.venv\Lib\site-packages\django\contrib\auth\decorators.py", line 59, in _view_wrapper
    return view_func(request, *args, **kwargs)
  File "C:\Users\Кирилл\Desktop\353505_HOROSHKO_24\IGI\LR5\shop\views.py", line 500, in current_order
    current_order = Order.objects.filter(client=client, status='pending').first()
                    ~~~~~~~~~~~~~~~~~~~~^^^^^^^^^^^^^^^^^^^^^^^^^^^^^^^^^
  File "C:\Users\Кирилл\Desktop\353505_HOROSHKO_24\IGI\LR5\.venv\Lib\site-packages\django\db\models\manager.py", line 87, in manager_method
    return getattr(self.get_queryset(), name)(*args, **kwargs)
           ~~~~~~~~~~~~~~~~~~~~~~~~~~~~~~~~~~^^^^^^^^^^^^^^^^^
  File "C:\Users\Кирилл\Desktop\353505_HOROSHKO_24\IGI\LR5\.venv\Lib\site-packages\django\db\models\query.py", line 1491, in filter
    return self._filter_or_exclude(False, args, kwargs)
           ~~~~~~~~~~~~~~~~~~~~~~~^^^^^^^^^^^^^^^^^^^^^
  File "C:\Users\Кирилл\Desktop\353505_HOROSHKO_24\IGI\LR5\.venv\Lib\site-packages\django\db\models\query.py", line 1509, in _filter_or_exclude
    clone._filter_or_exclude_inplace(negate, args, kwargs)
    ~~~~~~~~~~~~~~~~~~~~~~~~~~~~~~~~^^^^^^^^^^^^^^^^^^^^^^
  File "C:\Users\Кирилл\Desktop\353505_HOROSHKO_24\IGI\LR5\.venv\Lib\site-packages\django\db\models\query.py", line 1516, in _filter_or_exclude_inplace
    self._query.add_q(Q(*args, **kwargs))
    ~~~~~~~~~~~~~~~~~^^^^^^^^^^^^^^^^^^^^
  File "C:\Users\Кирилл\Desktop\353505_HOROSHKO_24\IGI\LR5\.venv\Lib\site-packages\django\db\models\sql\query.py", line 1643, in add_q
    clause, _ = self._add_q(q_object, can_reuse)
                ~~~~~~~~~~~^^^^^^^^^^^^^^^^^^^^^
  File "C:\Users\Кирилл\Desktop\353505_HOROSHKO_24\IGI\LR5\.venv\Lib\site-packages\django\db\models\sql\query.py", line 1675, in _add_q
    child_clause, needed_inner = self.build_filter(
                                 ~~~~~~~~~~~~~~~~~^
        child,
        ^^^^^^
    ...<7 lines>...
        update_join_types=update_join_types,
        ^^^^^^^^^^^^^^^^^^^^^^^^^^^^^^^^^^^^
    )
    ^
  File "C:\Users\Кирилл\Desktop\353505_HOROSHKO_24\IGI\LR5\.venv\Lib\site-packages\django\db\models\sql\query.py", line 1523, in build_filter
    lookups, parts, reffed_expression = self.solve_lookup_type(arg, summarize)
                                        ~~~~~~~~~~~~~~~~~~~~~~^^^^^^^^^^^^^^^^
  File "C:\Users\Кирилл\Desktop\353505_HOROSHKO_24\IGI\LR5\.venv\Lib\site-packages\django\db\models\sql\query.py", line 1330, in solve_lookup_type
    _, field, _, lookup_parts = self.names_to_path(lookup_splitted, self.get_meta())
                                ~~~~~~~~~~~~~~~~~~^^^^^^^^^^^^^^^^^^^^^^^^^^^^^^^^^^
  File "C:\Users\Кирилл\Desktop\353505_HOROSHKO_24\IGI\LR5\.venv\Lib\site-packages\django\db\models\sql\query.py", line 1802, in names_to_path
    raise FieldError(
    ...<2 lines>...
    )
django.core.exceptions.FieldError: Cannot resolve keyword 'status' into field. Choices are: client, client_id, delivery_date, employee, employee_id, id, items, order_date, promo_code, promo_code_id
ERROR 2025-05-29 13:34:21,643 basehttp "GET /current_order/ HTTP/1.1" 500 122364
INFO 2025-05-29 13:34:48,265 autoreload C:\Users\Кирилл\Desktop\353505_HOROSHKO_24\IGI\LR5\shop\models.py changed, reloading.
INFO 2025-05-29 13:34:48,738 autoreload Watching for file changes with StatReloader
INFO 2025-05-29 13:35:27,316 autoreload Watching for file changes with StatReloader
INFO 2025-05-29 13:35:30,379 basehttp "GET /products/ HTTP/1.1" 200 34446
INFO 2025-05-29 13:35:30,400 basehttp "GET /media/products/01517118.n_1.png.webp HTTP/1.1" 304 0
INFO 2025-05-29 13:35:30,406 basehttp "GET /media/products/01329525.n_1.png.webp HTTP/1.1" 304 0
INFO 2025-05-29 13:35:30,406 basehttp "GET /media/products/Aeroflotskie_35_gr.webp HTTP/1.1" 304 0
INFO 2025-05-29 13:35:30,407 basehttp "GET /media/products/00879807.n_1.png.webp HTTP/1.1" 304 0
INFO 2025-05-29 13:35:30,407 basehttp "GET /media/products/00031070.n_1_1000x1000.png.webp HTTP/1.1" 304 0
INFO 2025-05-29 13:35:30,408 basehttp "GET /media/products/Grilyazh_na_arakhise.webp HTTP/1.1" 304 0
INFO 2025-05-29 13:35:30,408 basehttp "GET /media/products/20200623220617_kuznechik.png HTTP/1.1" 304 0
INFO 2025-05-29 13:35:30,415 basehttp "GET /media/products/00694030.n_1.png.webp HTTP/1.1" 304 0
INFO 2025-05-29 13:35:30,415 basehttp "GET /media/products/00023129.n_1.png.webp HTTP/1.1" 304 0
INFO 2025-05-29 13:35:30,415 basehttp "GET /media/products/00694969.n_1.png.webp HTTP/1.1" 304 0
INFO 2025-05-29 13:35:30,415 basehttp "GET /media/products/00972854_k6iCBT3.n_1.png.webp HTTP/1.1" 304 0
INFO 2025-05-29 13:35:30,415 basehttp "GET /media/products/01742391.n_1.png.webp HTTP/1.1" 304 0
INFO 2025-05-29 13:35:30,415 basehttp "GET /media/products/02102477.n_1.png.webp HTTP/1.1" 304 0
INFO 2025-05-29 13:35:30,419 basehttp "GET /media/products/00997603.n_1.png.webp HTTP/1.1" 304 0
INFO 2025-05-29 13:35:30,419 basehttp "GET /media/products/00189563.n_1.png.webp HTTP/1.1" 304 0
INFO 2025-05-29 13:35:30,420 basehttp "GET /media/products/00975722.n_1.png.webp HTTP/1.1" 304 0
INFO 2025-05-29 13:35:30,420 basehttp "GET /media/products/02102474.n_1.png.webp HTTP/1.1" 304 0
INFO 2025-05-29 13:35:30,420 basehttp "GET /media/products/a8cc84e69b221875b8e38df008db2309.webp HTTP/1.1" 304 0
INFO 2025-05-29 13:35:30,420 basehttp "GET /media/products/5b2483c39a1cc005bd5344e76b555e95.webp HTTP/1.1" 304 0
INFO 2025-05-29 13:35:31,540 basehttp "GET /current_order/ HTTP/1.1" 200 1745
INFO 2025-05-29 13:35:34,858 basehttp "GET /products/ HTTP/1.1" 200 34446
INFO 2025-05-29 13:35:37,276 basehttp "POST /add_to_order/12/ HTTP/1.1" 302 0
INFO 2025-05-29 13:35:37,305 basehttp "GET /products/ HTTP/1.1" 200 34795
INFO 2025-05-29 13:35:46,448 basehttp "GET /current_order/ HTTP/1.1" 200 3592
INFO 2025-05-29 13:36:53,754 basehttp "GET /products/ HTTP/1.1" 200 34409
INFO 2025-05-29 13:36:57,128 basehttp "GET /current_order/ HTTP/1.1" 200 3592
INFO 2025-05-29 13:37:00,292 basehttp "POST /remove_from_order/4/ HTTP/1.1" 302 0
INFO 2025-05-29 13:37:00,304 basehttp "GET /current_order/ HTTP/1.1" 200 2942
INFO 2025-05-29 13:37:03,931 basehttp "GET /products/ HTTP/1.1" 200 34409
INFO 2025-05-29 13:37:05,226 basehttp "GET /current_order/ HTTP/1.1" 200 2796
INFO 2025-05-29 13:37:07,953 basehttp "GET /products/ HTTP/1.1" 200 34409
INFO 2025-05-29 13:37:09,805 basehttp "POST /add_to_order/12/ HTTP/1.1" 302 0
INFO 2025-05-29 13:37:09,841 basehttp "GET /products/ HTTP/1.1" 200 34409
INFO 2025-05-29 13:37:12,380 basehttp "POST /add_to_order/11/ HTTP/1.1" 302 0
INFO 2025-05-29 13:37:12,422 basehttp "GET /products/ HTTP/1.1" 200 34409
INFO 2025-05-29 13:37:16,695 basehttp "POST /add_to_order/18/ HTTP/1.1" 302 0
INFO 2025-05-29 13:37:16,724 basehttp "GET /products/ HTTP/1.1" 200 34409
INFO 2025-05-29 13:37:18,864 basehttp "GET /current_order/ HTTP/1.1" 200 5555
ERROR 2025-05-29 13:37:25,674 log Internal Server Error: /confirm_order/1/
Traceback (most recent call last):
  File "C:\Users\Кирилл\Desktop\353505_HOROSHKO_24\IGI\LR5\.venv\Lib\site-packages\django\core\handlers\exception.py", line 55, in inner
    response = get_response(request)
  File "C:\Users\Кирилл\Desktop\353505_HOROSHKO_24\IGI\LR5\.venv\Lib\site-packages\django\core\handlers\base.py", line 197, in _get_response
    response = wrapped_callback(request, *callback_args, **callback_kwargs)
  File "C:\Users\Кирилл\Desktop\353505_HOROSHKO_24\IGI\LR5\.venv\Lib\site-packages\django\contrib\auth\decorators.py", line 59, in _view_wrapper
    return view_func(request, *args, **kwargs)
  File "C:\Users\Кирилл\Desktop\353505_HOROSHKO_24\IGI\LR5\.venv\Lib\site-packages\django\contrib\auth\decorators.py", line 59, in _view_wrapper
    return view_func(request, *args, **kwargs)
  File "C:\Users\Кирилл\Desktop\353505_HOROSHKO_24\IGI\LR5\shop\views.py", line 530, in confirm_order
    promo = PromoCode.objects.get(code=promo_code, is_active=True)
  File "C:\Users\Кирилл\Desktop\353505_HOROSHKO_24\IGI\LR5\.venv\Lib\site-packages\django\db\models\manager.py", line 87, in manager_method
    return getattr(self.get_queryset(), name)(*args, **kwargs)
           ~~~~~~~~~~~~~~~~~~~~~~~~~~~~~~~~~~^^^^^^^^^^^^^^^^^
  File "C:\Users\Кирилл\Desktop\353505_HOROSHKO_24\IGI\LR5\.venv\Lib\site-packages\django\db\models\query.py", line 619, in get
    clone = self._chain() if self.query.combinator else self.filter(*args, **kwargs)
                                                        ~~~~~~~~~~~^^^^^^^^^^^^^^^^^
  File "C:\Users\Кирилл\Desktop\353505_HOROSHKO_24\IGI\LR5\.venv\Lib\site-packages\django\db\models\query.py", line 1491, in filter
    return self._filter_or_exclude(False, args, kwargs)
           ~~~~~~~~~~~~~~~~~~~~~~~^^^^^^^^^^^^^^^^^^^^^
  File "C:\Users\Кирилл\Desktop\353505_HOROSHKO_24\IGI\LR5\.venv\Lib\site-packages\django\db\models\query.py", line 1509, in _filter_or_exclude
    clone._filter_or_exclude_inplace(negate, args, kwargs)
    ~~~~~~~~~~~~~~~~~~~~~~~~~~~~~~~~^^^^^^^^^^^^^^^^^^^^^^
  File "C:\Users\Кирилл\Desktop\353505_HOROSHKO_24\IGI\LR5\.venv\Lib\site-packages\django\db\models\query.py", line 1516, in _filter_or_exclude_inplace
    self._query.add_q(Q(*args, **kwargs))
    ~~~~~~~~~~~~~~~~~^^^^^^^^^^^^^^^^^^^^
  File "C:\Users\Кирилл\Desktop\353505_HOROSHKO_24\IGI\LR5\.venv\Lib\site-packages\django\db\models\sql\query.py", line 1643, in add_q
    clause, _ = self._add_q(q_object, can_reuse)
                ~~~~~~~~~~~^^^^^^^^^^^^^^^^^^^^^
  File "C:\Users\Кирилл\Desktop\353505_HOROSHKO_24\IGI\LR5\.venv\Lib\site-packages\django\db\models\sql\query.py", line 1675, in _add_q
    child_clause, needed_inner = self.build_filter(
                                 ~~~~~~~~~~~~~~~~~^
        child,
        ^^^^^^
    ...<7 lines>...
        update_join_types=update_join_types,
        ^^^^^^^^^^^^^^^^^^^^^^^^^^^^^^^^^^^^
    )
    ^
  File "C:\Users\Кирилл\Desktop\353505_HOROSHKO_24\IGI\LR5\.venv\Lib\site-packages\django\db\models\sql\query.py", line 1523, in build_filter
    lookups, parts, reffed_expression = self.solve_lookup_type(arg, summarize)
                                        ~~~~~~~~~~~~~~~~~~~~~~^^^^^^^^^^^^^^^^
  File "C:\Users\Кирилл\Desktop\353505_HOROSHKO_24\IGI\LR5\.venv\Lib\site-packages\django\db\models\sql\query.py", line 1330, in solve_lookup_type
    _, field, _, lookup_parts = self.names_to_path(lookup_splitted, self.get_meta())
                                ~~~~~~~~~~~~~~~~~~^^^^^^^^^^^^^^^^^^^^^^^^^^^^^^^^^^
  File "C:\Users\Кирилл\Desktop\353505_HOROSHKO_24\IGI\LR5\.venv\Lib\site-packages\django\db\models\sql\query.py", line 1802, in names_to_path
    raise FieldError(
    ...<2 lines>...
    )
django.core.exceptions.FieldError: Cannot resolve keyword 'is_active' into field. Choices are: active, code, discount_percent, id, order
ERROR 2025-05-29 13:37:25,677 basehttp "POST /confirm_order/1/ HTTP/1.1" 500 128210
INFO 2025-05-29 13:38:11,101 basehttp "GET /admin/shop/order/ HTTP/1.1" 302 0
INFO 2025-05-29 13:38:11,127 basehttp "GET /admin/login/?next=/admin/shop/order/ HTTP/1.1" 200 3716
INFO 2025-05-29 13:38:13,149 basehttp "POST /admin/login/?next=/admin/shop/order/ HTTP/1.1" 302 0
INFO 2025-05-29 13:38:13,171 basehttp "GET /admin/shop/order/ HTTP/1.1" 200 15621
INFO 2025-05-29 13:38:13,205 basehttp "GET /admin/jsi18n/ HTTP/1.1" 200 3342
INFO 2025-05-29 13:38:15,752 basehttp "GET /admin/shop/order/1/change/ HTTP/1.1" 200 22405
INFO 2025-05-29 13:38:15,771 basehttp "GET /static/admin/js/calendar.js HTTP/1.1" 304 0
INFO 2025-05-29 13:38:15,772 basehttp "GET /static/admin/js/admin/DateTimeShortcuts.js HTTP/1.1" 304 0
INFO 2025-05-29 13:38:15,773 basehttp "GET /admin/jsi18n/ HTTP/1.1" 200 3342
INFO 2025-05-29 13:38:15,810 basehttp "GET /static/admin/img/icon-calendar.svg HTTP/1.1" 304 0
INFO 2025-05-29 13:38:23,310 basehttp "GET /admin/shop/order/ HTTP/1.1" 200 15621
INFO 2025-05-29 13:38:28,303 basehttp "GET /admin/shop/order/1/change/ HTTP/1.1" 200 22405
INFO 2025-05-29 13:38:28,327 basehttp "GET /admin/jsi18n/ HTTP/1.1" 200 3342
INFO 2025-05-29 13:40:52,072 autoreload C:\Users\Кирилл\Desktop\353505_HOROSHKO_24\IGI\LR5\shop\views.py changed, reloading.
INFO 2025-05-29 13:40:52,468 autoreload Watching for file changes with StatReloader
INFO 2025-05-29 13:40:54,356 basehttp "GET /current_order/ HTTP/1.1" 302 0
WARNING 2025-05-29 13:40:54,364 log Not Found: /accounts/login/
WARNING 2025-05-29 13:40:54,364 basehttp "GET /accounts/login/?next=/current_order/ HTTP/1.1" 404 10753
INFO 2025-05-29 13:40:56,841 basehttp "GET /products/ HTTP/1.1" 200 29681
INFO 2025-05-29 13:40:58,489 basehttp "GET /current_order/ HTTP/1.1" 302 0
WARNING 2025-05-29 13:40:58,497 log Not Found: /accounts/login/
WARNING 2025-05-29 13:40:58,498 basehttp "GET /accounts/login/?next=/current_order/ HTTP/1.1" 404 10753
INFO 2025-05-29 13:41:06,140 basehttp "GET /products/ HTTP/1.1" 200 29681
INFO 2025-05-29 13:41:09,024 basehttp "GET /current_order/ HTTP/1.1" 302 0
WARNING 2025-05-29 13:41:09,035 log Not Found: /accounts/login/
WARNING 2025-05-29 13:41:09,036 basehttp "GET /accounts/login/?next=/current_order/ HTTP/1.1" 404 10753
INFO 2025-05-29 13:41:16,547 autoreload C:\Users\Кирилл\Desktop\353505_HOROSHKO_24\IGI\LR5\shop\views.py changed, reloading.
INFO 2025-05-29 13:41:16,903 autoreload Watching for file changes with StatReloader
INFO 2025-05-29 13:41:19,012 basehttp "GET /products/ HTTP/1.1" 200 29681
INFO 2025-05-29 13:41:20,298 basehttp "GET /current_order/ HTTP/1.1" 302 0
WARNING 2025-05-29 13:41:20,305 log Not Found: /accounts/login/
WARNING 2025-05-29 13:41:20,306 basehttp "GET /accounts/login/?next=/current_order/ HTTP/1.1" 404 10753
WARNING 2025-05-29 13:41:21,618 log Not Found: /accounts/login/
WARNING 2025-05-29 13:41:21,619 basehttp "GET /accounts/login/?next=/current_order/ HTTP/1.1" 404 10753
INFO 2025-05-29 13:41:26,551 autoreload C:\Users\Кирилл\Desktop\353505_HOROSHKO_24\IGI\LR5\shop\views.py changed, reloading.
INFO 2025-05-29 13:41:27,247 autoreload Watching for file changes with StatReloader
INFO 2025-05-29 13:41:35,285 autoreload Watching for file changes with StatReloader
INFO 2025-05-29 13:41:37,436 basehttp "GET /products/ HTTP/1.1" 200 29681
INFO 2025-05-29 13:41:39,278 basehttp "GET /current_order/ HTTP/1.1" 302 0
WARNING 2025-05-29 13:41:39,289 log Not Found: /accounts/login/
WARNING 2025-05-29 13:41:39,290 basehttp "GET /accounts/login/?next=/current_order/ HTTP/1.1" 404 10753
INFO 2025-05-29 13:42:12,668 basehttp "GET /logout/ HTTP/1.1" 302 0
INFO 2025-05-29 13:42:12,671 basehttp "GET /auth-options/ HTTP/1.1" 200 803
INFO 2025-05-29 13:42:17,936 basehttp "GET /login/ HTTP/1.1" 200 1119
INFO 2025-05-29 13:42:27,414 basehttp "POST /login/ HTTP/1.1" 302 0
INFO 2025-05-29 13:42:27,698 basehttp "GET / HTTP/1.1" 200 2465
INFO 2025-05-29 13:42:30,781 basehttp "GET /manufacturers/ HTTP/1.1" 200 3345
INFO 2025-05-29 13:42:30,809 basehttp "GET /media/manufacturers/0522953127611617.jpg HTTP/1.1" 304 0
INFO 2025-05-29 13:42:30,809 basehttp "GET /media/manufacturers/Kommunarka-Logotip-s-deskriptorom-i-obvodkoy.png HTTP/1.1" 304 0
INFO 2025-05-29 13:42:30,810 basehttp "GET /media/manufacturers/logo.png HTTP/1.1" 304 0
INFO 2025-05-29 13:42:30,811 basehttp "GET /media/manufacturers/1973894_18606198.jpeg HTTP/1.1" 304 0
WARNING 2025-05-29 13:42:30,816 log Not Found: /media/manufacturers/images.png
INFO 2025-05-29 13:42:30,816 basehttp "GET /media/manufacturers/15028595_w640_h640_15028595.webp HTTP/1.1" 304 0
WARNING 2025-05-29 13:42:30,817 basehttp "GET /media/manufacturers/images.png HTTP/1.1" 404 11026
INFO 2025-05-29 13:42:32,296 basehttp "GET /products/ HTTP/1.1" 200 34409
INFO 2025-05-29 13:42:33,835 basehttp "GET /current_order/ HTTP/1.1" 200 5203
INFO 2025-05-29 13:42:38,977 basehttp "POST /confirm_order/1/ HTTP/1.1" 302 0
INFO 2025-05-29 13:42:38,994 basehttp "GET /current_order/ HTTP/1.1" 200 5460
INFO 2025-05-29 13:42:43,204 basehttp "GET /client_orders/ HTTP/1.1" 200 1527
INFO 2025-05-29 13:42:47,286 basehttp "GET /products/ HTTP/1.1" 200 34409
INFO 2025-05-29 13:42:48,642 basehttp "GET /current_order/ HTTP/1.1" 200 5203
INFO 2025-05-29 13:44:56,536 autoreload C:\Users\Кирилл\Desktop\353505_HOROSHKO_24\IGI\LR5\shop\views.py changed, reloading.
INFO 2025-05-29 13:44:57,242 autoreload Watching for file changes with StatReloader
INFO 2025-05-29 13:44:59,972 basehttp "GET /current_order/ HTTP/1.1" 200 5203
ERROR 2025-05-29 13:45:03,389 log Internal Server Error: /confirm_order/1/
Traceback (most recent call last):
  File "C:\Users\Кирилл\Desktop\353505_HOROSHKO_24\IGI\LR5\.venv\Lib\site-packages\django\core\handlers\exception.py", line 55, in inner
    response = get_response(request)
  File "C:\Users\Кирилл\Desktop\353505_HOROSHKO_24\IGI\LR5\.venv\Lib\site-packages\django\core\handlers\base.py", line 197, in _get_response
    response = wrapped_callback(request, *callback_args, **callback_kwargs)
  File "C:\Users\Кирилл\Desktop\353505_HOROSHKO_24\IGI\LR5\.venv\Lib\site-packages\django\contrib\auth\decorators.py", line 59, in _view_wrapper
    return view_func(request, *args, **kwargs)
  File "C:\Users\Кирилл\Desktop\353505_HOROSHKO_24\IGI\LR5\.venv\Lib\site-packages\django\contrib\auth\decorators.py", line 59, in _view_wrapper
    return view_func(request, *args, **kwargs)
  File "C:\Users\Кирилл\Desktop\353505_HOROSHKO_24\IGI\LR5\shop\views.py", line 541, in confirm_order
    current_order.orderitem_set.all().delete()
    ^^^^^^^^^^^^^^^^^^^^^^^^^^^
AttributeError: 'Order' object has no attribute 'orderitem_set'
ERROR 2025-05-29 13:45:03,392 basehttp "POST /confirm_order/1/ HTTP/1.1" 500 77303
INFO 2025-05-29 13:45:46,944 autoreload C:\Users\Кирилл\Desktop\353505_HOROSHKO_24\IGI\LR5\shop\views.py changed, reloading.
INFO 2025-05-29 13:45:47,445 autoreload Watching for file changes with StatReloader
INFO 2025-05-29 13:45:51,871 basehttp "POST /confirm_order/1/ HTTP/1.1" 302 0
INFO 2025-05-29 13:45:51,887 basehttp "GET /current_order/ HTTP/1.1" 200 3167
INFO 2025-05-29 13:46:02,984 basehttp "GET /admin/shop/order/ HTTP/1.1" 302 0
INFO 2025-05-29 13:46:03,000 basehttp "GET /admin/login/?next=/admin/shop/order/ HTTP/1.1" 200 3716
INFO 2025-05-29 13:46:04,885 basehttp "POST /admin/login/?next=/admin/shop/order/ HTTP/1.1" 302 0
INFO 2025-05-29 13:46:04,903 basehttp "GET /admin/shop/order/ HTTP/1.1" 200 15621
INFO 2025-05-29 13:46:04,923 basehttp "GET /admin/jsi18n/ HTTP/1.1" 200 3342
INFO 2025-05-29 13:46:08,398 basehttp "GET /admin/shop/order/1/change/ HTTP/1.1" 200 22405
INFO 2025-05-29 13:46:08,417 basehttp "GET /admin/jsi18n/ HTTP/1.1" 200 3342
INFO 2025-05-29 13:46:12,293 basehttp "GET /admin/shop/order/ HTTP/1.1" 200 15621
INFO 2025-05-29 13:47:48,838 autoreload C:\Users\Кирилл\Desktop\353505_HOROSHKO_24\IGI\LR5\shop\views.py changed, reloading.
INFO 2025-05-29 13:47:49,319 autoreload Watching for file changes with StatReloader
INFO 2025-05-29 13:49:50,286 basehttp "GET /current_order/ HTTP/1.1" 302 0
WARNING 2025-05-29 13:49:50,295 log Not Found: /accounts/login/
WARNING 2025-05-29 13:49:50,297 basehttp "GET /accounts/login/?next=/current_order/ HTTP/1.1" 404 10753
INFO 2025-05-29 13:49:59,230 basehttp "GET / HTTP/1.1" 200 2499
INFO 2025-05-29 13:50:01,237 basehttp "GET /logout/ HTTP/1.1" 302 0
INFO 2025-05-29 13:50:01,241 basehttp "GET /auth-options/ HTTP/1.1" 200 803
INFO 2025-05-29 13:50:03,176 basehttp "GET /login/ HTTP/1.1" 200 1119
INFO 2025-05-29 13:50:11,793 basehttp "POST /login/ HTTP/1.1" 302 0
INFO 2025-05-29 13:50:12,993 basehttp "GET / HTTP/1.1" 200 2493
INFO 2025-05-29 13:50:15,417 basehttp "GET /products/ HTTP/1.1" 200 34409
INFO 2025-05-29 13:50:15,437 basehttp "GET /media/products/Aeroflotskie_35_gr.webp HTTP/1.1" 304 0
INFO 2025-05-29 13:50:15,438 basehttp "GET /media/products/01517118.n_1.png.webp HTTP/1.1" 304 0
INFO 2025-05-29 13:50:15,439 basehttp "GET /media/products/01329525.n_1.png.webp HTTP/1.1" 304 0
INFO 2025-05-29 13:50:15,440 basehttp "GET /media/products/00879807.n_1.png.webp HTTP/1.1" 304 0
INFO 2025-05-29 13:50:15,442 basehttp "GET /media/products/00972854_k6iCBT3.n_1.png.webp HTTP/1.1" 304 0
INFO 2025-05-29 13:50:15,442 basehttp "GET /media/products/20200623220617_kuznechik.png HTTP/1.1" 304 0
INFO 2025-05-29 13:50:15,443 basehttp "GET /media/products/00031070.n_1_1000x1000.png.webp HTTP/1.1" 304 0
INFO 2025-05-29 13:50:15,443 basehttp "GET /media/products/00694969.n_1.png.webp HTTP/1.1" 304 0
INFO 2025-05-29 13:50:15,443 basehttp "GET /media/products/Grilyazh_na_arakhise.webp HTTP/1.1" 304 0
INFO 2025-05-29 13:50:15,444 basehttp "GET /media/products/00694030.n_1.png.webp HTTP/1.1" 304 0
INFO 2025-05-29 13:50:15,453 basehttp "GET /media/products/01742391.n_1.png.webp HTTP/1.1" 304 0
INFO 2025-05-29 13:50:15,453 basehttp "GET /media/products/02102477.n_1.png.webp HTTP/1.1" 304 0
INFO 2025-05-29 13:50:15,453 basehttp "GET /media/products/02102474.n_1.png.webp HTTP/1.1" 304 0
INFO 2025-05-29 13:50:15,453 basehttp "GET /media/products/00023129.n_1.png.webp HTTP/1.1" 304 0
INFO 2025-05-29 13:50:15,454 basehttp "GET /media/products/5b2483c39a1cc005bd5344e76b555e95.webp HTTP/1.1" 304 0
INFO 2025-05-29 13:50:15,454 basehttp "GET /media/products/a8cc84e69b221875b8e38df008db2309.webp HTTP/1.1" 304 0
INFO 2025-05-29 13:50:15,456 basehttp "GET /media/products/00997603.n_1.png.webp HTTP/1.1" 304 0
INFO 2025-05-29 13:50:15,457 basehttp "GET /media/products/00975722.n_1.png.webp HTTP/1.1" 304 0
INFO 2025-05-29 13:50:15,457 basehttp "GET /media/products/00189563.n_1.png.webp HTTP/1.1" 304 0
INFO 2025-05-29 13:50:16,855 basehttp "GET /current_order/ HTTP/1.1" 200 2798
INFO 2025-05-29 13:50:24,579 basehttp "POST /add_to_order/12/ HTTP/1.1" 302 0
INFO 2025-05-29 13:50:24,611 basehttp "GET /products/ HTTP/1.1" 200 34409
INFO 2025-05-29 13:50:30,826 basehttp "GET /current_order/ HTTP/1.1" 200 3747
INFO 2025-05-29 13:50:36,785 basehttp "POST /confirm_order/1/ HTTP/1.1" 302 0
INFO 2025-05-29 13:50:36,800 basehttp "GET /current_order/ HTTP/1.1" 200 3071
INFO 2025-05-29 13:50:44,052 basehttp "GET /admin/shop/order/ HTTP/1.1" 302 0
INFO 2025-05-29 13:50:44,072 basehttp "GET /admin/login/?next=/admin/shop/order/ HTTP/1.1" 200 3716
INFO 2025-05-29 13:50:45,812 basehttp "POST /admin/login/?next=/admin/shop/order/ HTTP/1.1" 302 0
INFO 2025-05-29 13:50:45,833 basehttp "GET /admin/shop/order/ HTTP/1.1" 200 15621
INFO 2025-05-29 13:50:45,854 basehttp "GET /admin/jsi18n/ HTTP/1.1" 200 3342
INFO 2025-05-29 13:50:48,115 basehttp "GET /admin/shop/order/1/change/ HTTP/1.1" 200 22405
INFO 2025-05-29 13:50:48,135 basehttp "GET /admin/jsi18n/ HTTP/1.1" 200 3342
INFO 2025-05-29 13:50:54,751 basehttp "GET /admin/shop/order/ HTTP/1.1" 200 15621
INFO 2025-05-29 13:51:49,848 autoreload C:\Users\Кирилл\Desktop\353505_HOROSHKO_24\IGI\LR5\shop\views.py changed, reloading.
INFO 2025-05-29 13:51:50,806 autoreload Watching for file changes with StatReloader
INFO 2025-05-29 13:52:08,505 autoreload C:\Users\Кирилл\Desktop\353505_HOROSHKO_24\IGI\LR5\shop\views.py changed, reloading.
INFO 2025-05-29 13:52:08,831 autoreload Watching for file changes with StatReloader
INFO 2025-05-29 13:53:38,362 autoreload C:\Users\Кирилл\Desktop\353505_HOROSHKO_24\IGI\LR5\shop\views.py changed, reloading.
INFO 2025-05-29 13:53:39,092 autoreload Watching for file changes with StatReloader
INFO 2025-05-29 13:53:41,312 basehttp "GET /current_order/ HTTP/1.1" 302 0
WARNING 2025-05-29 13:53:41,321 log Not Found: /accounts/login/
WARNING 2025-05-29 13:53:41,321 basehttp "GET /accounts/login/?next=/current_order/ HTTP/1.1" 404 10753
INFO 2025-05-29 13:53:46,344 basehttp "GET / HTTP/1.1" 200 2550
INFO 2025-05-29 13:53:50,209 basehttp "GET /logout/ HTTP/1.1" 302 0
INFO 2025-05-29 13:53:50,213 basehttp "GET /auth-options/ HTTP/1.1" 200 803
INFO 2025-05-29 13:53:51,434 basehttp "GET /login/ HTTP/1.1" 200 1119
INFO 2025-05-29 13:54:04,880 basehttp "POST /login/ HTTP/1.1" 200 1288
INFO 2025-05-29 13:54:15,138 basehttp "POST /login/ HTTP/1.1" 302 0
INFO 2025-05-29 13:54:15,377 basehttp "GET / HTTP/1.1" 200 2485
INFO 2025-05-29 13:54:17,631 basehttp "GET /products/ HTTP/1.1" 200 34409
INFO 2025-05-29 13:54:23,305 basehttp "POST /add_to_order/12/ HTTP/1.1" 302 0
INFO 2025-05-29 13:54:23,342 basehttp "GET /products/ HTTP/1.1" 200 34409
INFO 2025-05-29 13:54:25,093 basehttp "GET /current_order/ HTTP/1.1" 200 4610
INFO 2025-05-29 13:56:13,344 basehttp "GET /current_order/ HTTP/1.1" 200 4401
INFO 2025-05-29 13:58:41,873 basehttp "GET /current_order/ HTTP/1.1" 200 875
INFO 2025-05-29 13:58:44,617 basehttp "GET /products/ HTTP/1.1" 200 34409
INFO 2025-05-29 13:58:46,178 basehttp "GET /current_order/ HTTP/1.1" 200 875
INFO 2025-05-29 13:59:31,769 basehttp "GET /products/ HTTP/1.1" 200 34409
INFO 2025-05-29 13:59:33,243 basehttp "GET /current_order/ HTTP/1.1" 200 4185
INFO 2025-05-29 14:01:55,412 basehttp "GET /current_order/ HTTP/1.1" 200 4169
INFO 2025-05-29 14:02:00,337 basehttp "GET /current_order/ HTTP/1.1" 200 4169
INFO 2025-05-29 14:02:04,078 basehttp "GET /current_order/ HTTP/1.1" 200 4169
INFO 2025-05-29 14:02:20,632 basehttp "GET /current_order/ HTTP/1.1" 200 4219
INFO 2025-05-29 14:02:45,078 basehttp "GET /current_order/ HTTP/1.1" 200 3672
INFO 2025-05-29 14:02:50,606 basehttp "POST /confirm_order/1/ HTTP/1.1" 302 0
INFO 2025-05-29 14:02:50,618 basehttp "GET /current_order/ HTTP/1.1" 200 3305
INFO 2025-05-29 14:02:54,470 basehttp "GET /admin/shop/order/1/change/ HTTP/1.1" 302 0
INFO 2025-05-29 14:02:54,489 basehttp "GET /admin/login/?next=/admin/shop/order/1/change/ HTTP/1.1" 200 3734
INFO 2025-05-29 14:02:55,903 basehttp "POST /admin/login/?next=/admin/shop/order/1/change/ HTTP/1.1" 302 0
INFO 2025-05-29 14:02:55,928 basehttp "GET /admin/shop/order/1/change/ HTTP/1.1" 200 22405
INFO 2025-05-29 14:02:55,950 basehttp "GET /admin/jsi18n/ HTTP/1.1" 200 3342
INFO 2025-05-29 14:02:59,866 basehttp "POST /admin/shop/order/1/change/ HTTP/1.1" 302 0
INFO 2025-05-29 14:02:59,886 basehttp "GET /admin/shop/order/ HTTP/1.1" 200 15842
INFO 2025-05-29 14:02:59,907 basehttp "GET /admin/jsi18n/ HTTP/1.1" 200 3342
INFO 2025-05-29 14:06:55,605 autoreload Watching for file changes with StatReloader
INFO 2025-05-29 14:07:00,734 basehttp "GET /current_order/ HTTP/1.1" 302 0
WARNING 2025-05-29 14:07:00,744 log Not Found: /accounts/login/
WARNING 2025-05-29 14:07:00,745 basehttp "GET /accounts/login/?next=/current_order/ HTTP/1.1" 404 10753
INFO 2025-05-29 14:07:06,867 basehttp "GET / HTTP/1.1" 200 2551
INFO 2025-05-29 14:07:08,412 basehttp "GET /logout/ HTTP/1.1" 302 0
INFO 2025-05-29 14:07:08,416 basehttp "GET /auth-options/ HTTP/1.1" 200 803
INFO 2025-05-29 14:07:09,566 basehttp "GET /login/ HTTP/1.1" 200 1119
INFO 2025-05-29 14:07:19,768 basehttp "POST /login/ HTTP/1.1" 302 0
INFO 2025-05-29 14:07:20,004 basehttp "GET / HTTP/1.1" 200 2544
INFO 2025-05-29 14:07:24,533 basehttp "GET /products/ HTTP/1.1" 200 34409
INFO 2025-05-29 14:07:24,556 basehttp "GET /media/products/01517118.n_1.png.webp HTTP/1.1" 304 0
INFO 2025-05-29 14:07:24,556 basehttp "GET /media/products/Aeroflotskie_35_gr.webp HTTP/1.1" 304 0
INFO 2025-05-29 14:07:24,556 basehttp "GET /media/products/00879807.n_1.png.webp HTTP/1.1" 304 0
INFO 2025-05-29 14:07:24,557 basehttp "GET /media/products/01329525.n_1.png.webp HTTP/1.1" 304 0
INFO 2025-05-29 14:07:24,559 basehttp "GET /media/products/00031070.n_1_1000x1000.png.webp HTTP/1.1" 304 0
INFO 2025-05-29 14:07:24,560 basehttp "GET /media/products/Grilyazh_na_arakhise.webp HTTP/1.1" 304 0
INFO 2025-05-29 14:07:24,560 basehttp "GET /media/products/00694969.n_1.png.webp HTTP/1.1" 304 0
INFO 2025-05-29 14:07:24,561 basehttp "GET /media/products/00972854_k6iCBT3.n_1.png.webp HTTP/1.1" 304 0
INFO 2025-05-29 14:07:24,561 basehttp "GET /media/products/00694030.n_1.png.webp HTTP/1.1" 304 0
INFO 2025-05-29 14:07:24,561 basehttp "GET /media/products/20200623220617_kuznechik.png HTTP/1.1" 304 0
INFO 2025-05-29 14:07:24,566 basehttp "GET /media/products/02102477.n_1.png.webp HTTP/1.1" 304 0
INFO 2025-05-29 14:07:24,572 basehttp "GET /media/products/5b2483c39a1cc005bd5344e76b555e95.webp HTTP/1.1" 304 0
INFO 2025-05-29 14:07:24,572 basehttp "GET /media/products/00023129.n_1.png.webp HTTP/1.1" 304 0
INFO 2025-05-29 14:07:24,572 basehttp "GET /media/products/01742391.n_1.png.webp HTTP/1.1" 304 0
INFO 2025-05-29 14:07:24,572 basehttp "GET /media/products/00997603.n_1.png.webp HTTP/1.1" 304 0
INFO 2025-05-29 14:07:24,572 basehttp "GET /media/products/02102474.n_1.png.webp HTTP/1.1" 304 0
INFO 2025-05-29 14:07:24,572 basehttp "GET /media/products/a8cc84e69b221875b8e38df008db2309.webp HTTP/1.1" 304 0
INFO 2025-05-29 14:07:24,578 basehttp "GET /media/products/00189563.n_1.png.webp HTTP/1.1" 304 0
INFO 2025-05-29 14:07:24,578 basehttp "GET /media/products/00975722.n_1.png.webp HTTP/1.1" 304 0
INFO 2025-05-29 14:07:29,548 basehttp "POST /add_to_order/12/ HTTP/1.1" 302 0
INFO 2025-05-29 14:07:29,583 basehttp "GET /products/ HTTP/1.1" 200 34409
INFO 2025-05-29 14:07:30,822 basehttp "GET /current_order/ HTTP/1.1" 200 3280
INFO 2025-05-29 14:10:20,969 autoreload C:\Users\Кирилл\Desktop\353505_HOROSHKO_24\IGI\LR5\shop\models.py changed, reloading.
INFO 2025-05-29 14:10:21,397 autoreload Watching for file changes with StatReloader
INFO 2025-05-29 14:10:36,135 autoreload Watching for file changes with StatReloader
INFO 2025-05-29 14:10:38,793 basehttp "GET /current_order/ HTTP/1.1" 200 3128
INFO 2025-05-29 14:10:41,903 basehttp "GET /products/ HTTP/1.1" 200 34409
INFO 2025-05-29 14:10:47,294 basehttp "POST /add_to_order/12/ HTTP/1.1" 302 0
INFO 2025-05-29 14:10:47,323 basehttp "GET /products/ HTTP/1.1" 200 34409
INFO 2025-05-29 14:10:49,083 basehttp "GET /current_order/ HTTP/1.1" 200 3280
INFO 2025-05-29 14:12:12,789 autoreload C:\Users\Кирилл\Desktop\353505_HOROSHKO_24\IGI\LR5\shop\views.py changed, reloading.
INFO 2025-05-29 14:12:13,701 autoreload Watching for file changes with StatReloader
INFO 2025-05-29 14:12:23,304 autoreload C:\Users\Кирилл\Desktop\353505_HOROSHKO_24\IGI\LR5\shop\views.py changed, reloading.
INFO 2025-05-29 14:12:23,664 autoreload Watching for file changes with StatReloader
ERROR 2025-05-29 14:12:26,060 log Internal Server Error: /current_order/
Traceback (most recent call last):
  File "C:\Users\Кирилл\Desktop\353505_HOROSHKO_24\IGI\LR5\.venv\Lib\site-packages\django\core\handlers\exception.py", line 55, in inner
    response = get_response(request)
  File "C:\Users\Кирилл\Desktop\353505_HOROSHKO_24\IGI\LR5\.venv\Lib\site-packages\django\core\handlers\base.py", line 197, in _get_response
    response = wrapped_callback(request, *callback_args, **callback_kwargs)
  File "C:\Users\Кирилл\Desktop\353505_HOROSHKO_24\IGI\LR5\.venv\Lib\site-packages\django\contrib\auth\decorators.py", line 59, in _view_wrapper
    return view_func(request, *args, **kwargs)
  File "C:\Users\Кирилл\Desktop\353505_HOROSHKO_24\IGI\LR5\.venv\Lib\site-packages\django\contrib\auth\decorators.py", line 59, in _view_wrapper
    return view_func(request, *args, **kwargs)
  File "C:\Users\Кирилл\Desktop\353505_HOROSHKO_24\IGI\LR5\shop\views.py", line 507, in current_order
    return render(request, 'shop/current_order.html', {
        'order': current_order,
        'employees': employees
    })
  File "C:\Users\Кирилл\Desktop\353505_HOROSHKO_24\IGI\LR5\.venv\Lib\site-packages\django\shortcuts.py", line 25, in render
    content = loader.render_to_string(template_name, context, request, using=using)
  File "C:\Users\Кирилл\Desktop\353505_HOROSHKO_24\IGI\LR5\.venv\Lib\site-packages\django\template\loader.py", line 62, in render_to_string
    return template.render(context, request)
           ~~~~~~~~~~~~~~~^^^^^^^^^^^^^^^^^^
  File "C:\Users\Кирилл\Desktop\353505_HOROSHKO_24\IGI\LR5\.venv\Lib\site-packages\django\template\backends\django.py", line 107, in render
    return self.template.render(context)
           ~~~~~~~~~~~~~~~~~~~~^^^^^^^^^
  File "C:\Users\Кирилл\Desktop\353505_HOROSHKO_24\IGI\LR5\.venv\Lib\site-packages\django\template\base.py", line 171, in render
    return self._render(context)
           ~~~~~~~~~~~~^^^^^^^^^
  File "C:\Users\Кирилл\Desktop\353505_HOROSHKO_24\IGI\LR5\.venv\Lib\site-packages\django\template\base.py", line 163, in _render
    return self.nodelist.render(context)
           ~~~~~~~~~~~~~~~~~~~~^^^^^^^^^
  File "C:\Users\Кирилл\Desktop\353505_HOROSHKO_24\IGI\LR5\.venv\Lib\site-packages\django\template\base.py", line 1016, in render
    return SafeString("".join([node.render_annotated(context) for node in self]))
                               ~~~~~~~~~~~~~~~~~~~~~^^^^^^^^^
  File "C:\Users\Кирилл\Desktop\353505_HOROSHKO_24\IGI\LR5\.venv\Lib\site-packages\django\template\base.py", line 977, in render_annotated
    return self.render(context)
           ~~~~~~~~~~~^^^^^^^^^
  File "C:\Users\Кирилл\Desktop\353505_HOROSHKO_24\IGI\LR5\.venv\Lib\site-packages\django\template\loader_tags.py", line 159, in render
    return compiled_parent._render(context)
           ~~~~~~~~~~~~~~~~~~~~~~~^^^^^^^^^
  File "C:\Users\Кирилл\Desktop\353505_HOROSHKO_24\IGI\LR5\.venv\Lib\site-packages\django\template\base.py", line 163, in _render
    return self.nodelist.render(context)
           ~~~~~~~~~~~~~~~~~~~~^^^^^^^^^
  File "C:\Users\Кирилл\Desktop\353505_HOROSHKO_24\IGI\LR5\.venv\Lib\site-packages\django\template\base.py", line 1016, in render
    return SafeString("".join([node.render_annotated(context) for node in self]))
                               ~~~~~~~~~~~~~~~~~~~~~^^^^^^^^^
  File "C:\Users\Кирилл\Desktop\353505_HOROSHKO_24\IGI\LR5\.venv\Lib\site-packages\django\template\base.py", line 977, in render_annotated
    return self.render(context)
           ~~~~~~~~~~~^^^^^^^^^
  File "C:\Users\Кирилл\Desktop\353505_HOROSHKO_24\IGI\LR5\.venv\Lib\site-packages\django\template\loader_tags.py", line 65, in render
    result = block.nodelist.render(context)
  File "C:\Users\Кирилл\Desktop\353505_HOROSHKO_24\IGI\LR5\.venv\Lib\site-packages\django\template\base.py", line 1016, in render
    return SafeString("".join([node.render_annotated(context) for node in self]))
                               ~~~~~~~~~~~~~~~~~~~~~^^^^^^^^^
  File "C:\Users\Кирилл\Desktop\353505_HOROSHKO_24\IGI\LR5\.venv\Lib\site-packages\django\template\base.py", line 977, in render_annotated
    return self.render(context)
           ~~~~~~~~~~~^^^^^^^^^
  File "C:\Users\Кирилл\Desktop\353505_HOROSHKO_24\IGI\LR5\.venv\Lib\site-packages\django\template\defaulttags.py", line 327, in render
    return nodelist.render(context)
           ~~~~~~~~~~~~~~~^^^^^^^^^
  File "C:\Users\Кирилл\Desktop\353505_HOROSHKO_24\IGI\LR5\.venv\Lib\site-packages\django\template\base.py", line 1016, in render
    return SafeString("".join([node.render_annotated(context) for node in self]))
                               ~~~~~~~~~~~~~~~~~~~~~^^^^^^^^^
  File "C:\Users\Кирилл\Desktop\353505_HOROSHKO_24\IGI\LR5\.venv\Lib\site-packages\django\template\base.py", line 977, in render_annotated
    return self.render(context)
           ~~~~~~~~~~~^^^^^^^^^
  File "C:\Users\Кирилл\Desktop\353505_HOROSHKO_24\IGI\LR5\.venv\Lib\site-packages\django\template\base.py", line 1075, in render
    output = self.filter_expression.resolve(context)
  File "C:\Users\Кирилл\Desktop\353505_HOROSHKO_24\IGI\LR5\.venv\Lib\site-packages\django\template\base.py", line 722, in resolve
    obj = self.var.resolve(context)
  File "C:\Users\Кирилл\Desktop\353505_HOROSHKO_24\IGI\LR5\.venv\Lib\site-packages\django\template\base.py", line 854, in resolve
    value = self._resolve_lookup(context)
  File "C:\Users\Кирилл\Desktop\353505_HOROSHKO_24\IGI\LR5\.venv\Lib\site-packages\django\template\base.py", line 925, in _resolve_lookup
    current = current()
  File "C:\Users\Кирилл\Desktop\353505_HOROSHKO_24\IGI\LR5\shop\models.py", line 159, in total_cost
    total = sum(item.total_price() for item in self.items.all())
  File "C:\Users\Кирилл\Desktop\353505_HOROSHKO_24\IGI\LR5\shop\models.py", line 159, in <genexpr>
    total = sum(item.total_price() for item in self.items.all())
                ~~~~~~~~~~~~~~~~^^
TypeError: 'decimal.Decimal' object is not callable
ERROR 2025-05-29 14:12:26,066 basehttp "GET /current_order/ HTTP/1.1" 500 188934
INFO 2025-05-29 14:12:28,584 basehttp "GET /products/ HTTP/1.1" 200 34409
ERROR 2025-05-29 14:12:31,170 log Internal Server Error: /current_order/
Traceback (most recent call last):
  File "C:\Users\Кирилл\Desktop\353505_HOROSHKO_24\IGI\LR5\.venv\Lib\site-packages\django\core\handlers\exception.py", line 55, in inner
    response = get_response(request)
  File "C:\Users\Кирилл\Desktop\353505_HOROSHKO_24\IGI\LR5\.venv\Lib\site-packages\django\core\handlers\base.py", line 197, in _get_response
    response = wrapped_callback(request, *callback_args, **callback_kwargs)
  File "C:\Users\Кирилл\Desktop\353505_HOROSHKO_24\IGI\LR5\.venv\Lib\site-packages\django\contrib\auth\decorators.py", line 59, in _view_wrapper
    return view_func(request, *args, **kwargs)
  File "C:\Users\Кирилл\Desktop\353505_HOROSHKO_24\IGI\LR5\.venv\Lib\site-packages\django\contrib\auth\decorators.py", line 59, in _view_wrapper
    return view_func(request, *args, **kwargs)
  File "C:\Users\Кирилл\Desktop\353505_HOROSHKO_24\IGI\LR5\shop\views.py", line 507, in current_order
    return render(request, 'shop/current_order.html', {
        'order': current_order,
        'employees': employees
    })
  File "C:\Users\Кирилл\Desktop\353505_HOROSHKO_24\IGI\LR5\.venv\Lib\site-packages\django\shortcuts.py", line 25, in render
    content = loader.render_to_string(template_name, context, request, using=using)
  File "C:\Users\Кирилл\Desktop\353505_HOROSHKO_24\IGI\LR5\.venv\Lib\site-packages\django\template\loader.py", line 62, in render_to_string
    return template.render(context, request)
           ~~~~~~~~~~~~~~~^^^^^^^^^^^^^^^^^^
  File "C:\Users\Кирилл\Desktop\353505_HOROSHKO_24\IGI\LR5\.venv\Lib\site-packages\django\template\backends\django.py", line 107, in render
    return self.template.render(context)
           ~~~~~~~~~~~~~~~~~~~~^^^^^^^^^
  File "C:\Users\Кирилл\Desktop\353505_HOROSHKO_24\IGI\LR5\.venv\Lib\site-packages\django\template\base.py", line 171, in render
    return self._render(context)
           ~~~~~~~~~~~~^^^^^^^^^
  File "C:\Users\Кирилл\Desktop\353505_HOROSHKO_24\IGI\LR5\.venv\Lib\site-packages\django\template\base.py", line 163, in _render
    return self.nodelist.render(context)
           ~~~~~~~~~~~~~~~~~~~~^^^^^^^^^
  File "C:\Users\Кирилл\Desktop\353505_HOROSHKO_24\IGI\LR5\.venv\Lib\site-packages\django\template\base.py", line 1016, in render
    return SafeString("".join([node.render_annotated(context) for node in self]))
                               ~~~~~~~~~~~~~~~~~~~~~^^^^^^^^^
  File "C:\Users\Кирилл\Desktop\353505_HOROSHKO_24\IGI\LR5\.venv\Lib\site-packages\django\template\base.py", line 977, in render_annotated
    return self.render(context)
           ~~~~~~~~~~~^^^^^^^^^
  File "C:\Users\Кирилл\Desktop\353505_HOROSHKO_24\IGI\LR5\.venv\Lib\site-packages\django\template\loader_tags.py", line 159, in render
    return compiled_parent._render(context)
           ~~~~~~~~~~~~~~~~~~~~~~~^^^^^^^^^
  File "C:\Users\Кирилл\Desktop\353505_HOROSHKO_24\IGI\LR5\.venv\Lib\site-packages\django\template\base.py", line 163, in _render
    return self.nodelist.render(context)
           ~~~~~~~~~~~~~~~~~~~~^^^^^^^^^
  File "C:\Users\Кирилл\Desktop\353505_HOROSHKO_24\IGI\LR5\.venv\Lib\site-packages\django\template\base.py", line 1016, in render
    return SafeString("".join([node.render_annotated(context) for node in self]))
                               ~~~~~~~~~~~~~~~~~~~~~^^^^^^^^^
  File "C:\Users\Кирилл\Desktop\353505_HOROSHKO_24\IGI\LR5\.venv\Lib\site-packages\django\template\base.py", line 977, in render_annotated
    return self.render(context)
           ~~~~~~~~~~~^^^^^^^^^
  File "C:\Users\Кирилл\Desktop\353505_HOROSHKO_24\IGI\LR5\.venv\Lib\site-packages\django\template\loader_tags.py", line 65, in render
    result = block.nodelist.render(context)
  File "C:\Users\Кирилл\Desktop\353505_HOROSHKO_24\IGI\LR5\.venv\Lib\site-packages\django\template\base.py", line 1016, in render
    return SafeString("".join([node.render_annotated(context) for node in self]))
                               ~~~~~~~~~~~~~~~~~~~~~^^^^^^^^^
  File "C:\Users\Кирилл\Desktop\353505_HOROSHKO_24\IGI\LR5\.venv\Lib\site-packages\django\template\base.py", line 977, in render_annotated
    return self.render(context)
           ~~~~~~~~~~~^^^^^^^^^
  File "C:\Users\Кирилл\Desktop\353505_HOROSHKO_24\IGI\LR5\.venv\Lib\site-packages\django\template\defaulttags.py", line 327, in render
    return nodelist.render(context)
           ~~~~~~~~~~~~~~~^^^^^^^^^
  File "C:\Users\Кирилл\Desktop\353505_HOROSHKO_24\IGI\LR5\.venv\Lib\site-packages\django\template\base.py", line 1016, in render
    return SafeString("".join([node.render_annotated(context) for node in self]))
                               ~~~~~~~~~~~~~~~~~~~~~^^^^^^^^^
  File "C:\Users\Кирилл\Desktop\353505_HOROSHKO_24\IGI\LR5\.venv\Lib\site-packages\django\template\base.py", line 977, in render_annotated
    return self.render(context)
           ~~~~~~~~~~~^^^^^^^^^
  File "C:\Users\Кирилл\Desktop\353505_HOROSHKO_24\IGI\LR5\.venv\Lib\site-packages\django\template\base.py", line 1075, in render
    output = self.filter_expression.resolve(context)
  File "C:\Users\Кирилл\Desktop\353505_HOROSHKO_24\IGI\LR5\.venv\Lib\site-packages\django\template\base.py", line 722, in resolve
    obj = self.var.resolve(context)
  File "C:\Users\Кирилл\Desktop\353505_HOROSHKO_24\IGI\LR5\.venv\Lib\site-packages\django\template\base.py", line 854, in resolve
    value = self._resolve_lookup(context)
  File "C:\Users\Кирилл\Desktop\353505_HOROSHKO_24\IGI\LR5\.venv\Lib\site-packages\django\template\base.py", line 925, in _resolve_lookup
    current = current()
  File "C:\Users\Кирилл\Desktop\353505_HOROSHKO_24\IGI\LR5\shop\models.py", line 159, in total_cost
    total = sum(item.total_price() for item in self.items.all())
  File "C:\Users\Кирилл\Desktop\353505_HOROSHKO_24\IGI\LR5\shop\models.py", line 159, in <genexpr>
    total = sum(item.total_price() for item in self.items.all())
                ~~~~~~~~~~~~~~~~^^
TypeError: 'decimal.Decimal' object is not callable
ERROR 2025-05-29 14:12:31,173 basehttp "GET /current_order/ HTTP/1.1" 500 188797
INFO 2025-05-29 14:14:30,091 autoreload C:\Users\Кирилл\Desktop\353505_HOROSHKO_24\IGI\LR5\shop\models.py changed, reloading.
INFO 2025-05-29 14:14:30,674 autoreload Watching for file changes with StatReloader
INFO 2025-05-29 14:14:33,037 basehttp "GET /current_order/ HTTP/1.1" 200 3660
INFO 2025-05-29 14:14:43,013 basehttp "POST /confirm_order/2/ HTTP/1.1" 302 0
INFO 2025-05-29 14:14:43,023 basehttp "GET /current_order/ HTTP/1.1" 200 1906
INFO 2025-05-29 14:14:48,481 basehttp "GET /products/ HTTP/1.1" 200 34409
INFO 2025-05-29 14:14:53,566 basehttp "POST /add_to_order/11/ HTTP/1.1" 302 0
INFO 2025-05-29 14:14:53,595 basehttp "GET /products/ HTTP/1.1" 200 34409
INFO 2025-05-29 14:14:59,046 basehttp "POST /add_to_order/11/ HTTP/1.1" 302 0
INFO 2025-05-29 14:14:59,078 basehttp "GET /products/ HTTP/1.1" 200 34409
INFO 2025-05-29 14:15:00,565 basehttp "GET /current_order/ HTTP/1.1" 200 3889
INFO 2025-05-29 14:15:09,099 basehttp "GET /products/ HTTP/1.1" 200 34409
INFO 2025-05-29 14:15:16,842 basehttp "POST /add_to_order/18/ HTTP/1.1" 302 0
INFO 2025-05-29 14:15:16,871 basehttp "GET /products/ HTTP/1.1" 200 34409
INFO 2025-05-29 14:15:18,664 basehttp "GET /current_order/ HTTP/1.1" 200 4379
INFO 2025-05-29 14:15:30,085 basehttp "POST /confirm_order/3/ HTTP/1.1" 302 0
INFO 2025-05-29 14:15:30,096 basehttp "GET /current_order/ HTTP/1.1" 200 1906
INFO 2025-05-29 14:15:34,536 basehttp "GET /admin/shop/order/ HTTP/1.1" 302 0
INFO 2025-05-29 14:15:34,557 basehttp "GET /admin/login/?next=/admin/shop/order/ HTTP/1.1" 200 3716
INFO 2025-05-29 14:15:35,958 basehttp "POST /admin/login/?next=/admin/shop/order/ HTTP/1.1" 302 0
INFO 2025-05-29 14:15:35,977 basehttp "GET /admin/shop/order/ HTTP/1.1" 200 16238
INFO 2025-05-29 14:15:35,996 basehttp "GET /admin/jsi18n/ HTTP/1.1" 200 3342
INFO 2025-05-29 14:15:45,345 basehttp "GET /current_order/ HTTP/1.1" 302 0
WARNING 2025-05-29 14:15:45,352 log Not Found: /accounts/login/
WARNING 2025-05-29 14:15:45,353 basehttp "GET /accounts/login/?next=/current_order/ HTTP/1.1" 404 10753
INFO 2025-05-29 14:15:50,184 basehttp "GET / HTTP/1.1" 200 2582
INFO 2025-05-29 14:15:51,866 basehttp "GET /products/ HTTP/1.1" 200 29681
INFO 2025-05-29 14:15:53,550 basehttp "GET /current_order/ HTTP/1.1" 302 0
WARNING 2025-05-29 14:15:53,557 log Not Found: /accounts/login/
WARNING 2025-05-29 14:15:53,558 basehttp "GET /accounts/login/?next=/current_order/ HTTP/1.1" 404 10753
INFO 2025-05-29 14:17:09,118 basehttp "GET /products/ HTTP/1.1" 200 29459
INFO 2025-05-29 14:17:21,317 basehttp "GET /logout/ HTTP/1.1" 302 0
INFO 2025-05-29 14:17:21,321 basehttp "GET /auth-options/ HTTP/1.1" 200 803
INFO 2025-05-29 14:17:22,481 basehttp "GET /login/ HTTP/1.1" 200 1119
INFO 2025-05-29 14:17:32,304 basehttp "POST /login/ HTTP/1.1" 302 0
INFO 2025-05-29 14:17:32,540 basehttp "GET / HTTP/1.1" 200 2517
INFO 2025-05-29 14:17:58,907 basehttp "GET /client_orders/ HTTP/1.1" 200 1527
INFO 2025-05-29 14:19:55,184 autoreload C:\Users\Кирилл\Desktop\353505_HOROSHKO_24\IGI\LR5\shop\views.py changed, reloading.
INFO 2025-05-29 14:19:55,639 autoreload Watching for file changes with StatReloader
INFO 2025-05-29 14:20:08,185 basehttp "GET /client_orders/ HTTP/1.1" 200 2359
INFO 2025-05-29 14:20:10,284 basehttp "GET /client_orders/ HTTP/1.1" 200 2359
INFO 2025-05-29 14:20:26,693 basehttp "GET /products/ HTTP/1.1" 200 34294
INFO 2025-05-29 14:20:26,715 basehttp "GET /media/products/01517118.n_1.png.webp HTTP/1.1" 304 0
INFO 2025-05-29 14:20:26,716 basehttp "GET /media/products/Aeroflotskie_35_gr.webp HTTP/1.1" 304 0
INFO 2025-05-29 14:20:26,717 basehttp "GET /media/products/01329525.n_1.png.webp HTTP/1.1" 304 0
INFO 2025-05-29 14:20:26,718 basehttp "GET /media/products/00879807.n_1.png.webp HTTP/1.1" 304 0
INFO 2025-05-29 14:20:26,719 basehttp "GET /media/products/00031070.n_1_1000x1000.png.webp HTTP/1.1" 304 0
INFO 2025-05-29 14:20:26,719 basehttp "GET /media/products/Grilyazh_na_arakhise.webp HTTP/1.1" 304 0
INFO 2025-05-29 14:20:26,731 basehttp "GET /media/products/00972854_k6iCBT3.n_1.png.webp HTTP/1.1" 304 0
INFO 2025-05-29 14:20:26,731 basehttp "GET /media/products/20200623220617_kuznechik.png HTTP/1.1" 304 0
INFO 2025-05-29 14:20:26,731 basehttp "GET /media/products/00694969.n_1.png.webp HTTP/1.1" 304 0
INFO 2025-05-29 14:20:26,731 basehttp "GET /media/products/01742391.n_1.png.webp HTTP/1.1" 304 0
INFO 2025-05-29 14:20:26,731 basehttp "GET /media/products/02102477.n_1.png.webp HTTP/1.1" 304 0
INFO 2025-05-29 14:20:26,731 basehttp "GET /media/products/00694030.n_1.png.webp HTTP/1.1" 304 0
INFO 2025-05-29 14:20:26,736 basehttp "GET /media/products/00023129.n_1.png.webp HTTP/1.1" 304 0
INFO 2025-05-29 14:20:26,737 basehttp "GET /media/products/5b2483c39a1cc005bd5344e76b555e95.webp HTTP/1.1" 304 0
INFO 2025-05-29 14:20:26,737 basehttp "GET /media/products/00997603.n_1.png.webp HTTP/1.1" 304 0
INFO 2025-05-29 14:20:26,737 basehttp "GET /media/products/02102474.n_1.png.webp HTTP/1.1" 304 0
INFO 2025-05-29 14:20:26,737 basehttp "GET /media/products/a8cc84e69b221875b8e38df008db2309.webp HTTP/1.1" 304 0
INFO 2025-05-29 14:20:26,737 basehttp "GET /media/products/00975722.n_1.png.webp HTTP/1.1" 304 0
INFO 2025-05-29 14:20:26,739 basehttp "GET /media/products/00189563.n_1.png.webp HTTP/1.1" 304 0
INFO 2025-05-29 14:20:28,149 basehttp "GET /current_order/ HTTP/1.1" 200 1745
INFO 2025-05-29 14:20:30,241 basehttp "GET /products/ HTTP/1.1" 200 34294
INFO 2025-05-29 14:20:32,505 basehttp "POST /add_to_order/12/ HTTP/1.1" 302 0
INFO 2025-05-29 14:20:32,538 basehttp "GET /products/ HTTP/1.1" 200 34294
INFO 2025-05-29 14:20:33,749 basehttp "GET /current_order/ HTTP/1.1" 200 3806
INFO 2025-05-29 14:20:40,663 basehttp "GET /current_order/ HTTP/1.1" 200 3654
INFO 2025-05-29 14:20:43,176 basehttp "GET /admin/shop/order/3/change/ HTTP/1.1" 302 0
INFO 2025-05-29 14:20:43,195 basehttp "GET /admin/login/?next=/admin/shop/order/3/change/ HTTP/1.1" 200 3734
INFO 2025-05-29 14:20:45,278 basehttp "POST /admin/login/?next=/admin/shop/order/3/change/ HTTP/1.1" 302 0
INFO 2025-05-29 14:20:45,301 basehttp "GET /admin/shop/order/3/change/ HTTP/1.1" 200 22453
INFO 2025-05-29 14:20:45,323 basehttp "GET /admin/jsi18n/ HTTP/1.1" 200 3342
INFO 2025-05-29 14:20:48,633 basehttp "GET /admin/login/?next=/admin/shop/order/3/change/ HTTP/1.1" 302 0
INFO 2025-05-29 14:20:48,653 basehttp "GET /admin/ HTTP/1.1" 200 19304
INFO 2025-05-29 14:20:51,858 basehttp "GET /current_order/ HTTP/1.1" 302 0
WARNING 2025-05-29 14:20:51,865 log Not Found: /accounts/login/
WARNING 2025-05-29 14:20:51,865 basehttp "GET /accounts/login/?next=/current_order/ HTTP/1.1" 404 10753
INFO 2025-05-29 14:20:56,712 basehttp "GET / HTTP/1.1" 200 2509
INFO 2025-05-29 14:21:01,167 basehttp "GET / HTTP/1.1" 200 2571
INFO 2025-05-29 14:21:03,170 basehttp "GET /logout/ HTTP/1.1" 302 0
INFO 2025-05-29 14:21:03,175 basehttp "GET /auth-options/ HTTP/1.1" 200 803
INFO 2025-05-29 14:21:04,115 basehttp "GET /login/ HTTP/1.1" 200 1119
INFO 2025-05-29 14:21:14,856 basehttp "POST /login/ HTTP/1.1" 200 1288
INFO 2025-05-29 14:21:24,894 basehttp "POST /login/ HTTP/1.1" 302 0
INFO 2025-05-29 14:21:25,128 basehttp "GET / HTTP/1.1" 200 2500
INFO 2025-05-29 14:21:29,002 basehttp "GET /client_orders/ HTTP/1.1" 200 2359
INFO 2025-05-29 14:21:30,550 basehttp "GET /manufacturers/ HTTP/1.1" 200 3345
WARNING 2025-05-29 14:21:30,578 log Not Found: /media/manufacturers/images.png
WARNING 2025-05-29 14:21:30,579 basehttp "GET /media/manufacturers/images.png HTTP/1.1" 404 11026
INFO 2025-05-29 14:21:32,265 basehttp "GET /products/ HTTP/1.1" 200 34294
INFO 2025-05-29 14:21:33,605 basehttp "GET /current_order/ HTTP/1.1" 200 3654
INFO 2025-05-29 14:23:33,447 autoreload C:\Users\Кирилл\Desktop\353505_HOROSHKO_24\IGI\LR5\shop\views.py changed, reloading.
INFO 2025-05-29 14:23:33,784 autoreload Watching for file changes with StatReloader
INFO 2025-05-29 14:23:45,431 autoreload C:\Users\Кирилл\Desktop\353505_HOROSHKO_24\IGI\LR5\shop\views.py changed, reloading.
INFO 2025-05-29 14:23:46,236 autoreload Watching for file changes with StatReloader
INFO 2025-05-29 14:23:50,876 basehttp "GET /current_order/ HTTP/1.1" 200 1178
INFO 2025-05-29 14:25:21,272 basehttp "GET /products/ HTTP/1.1" 200 34294
INFO 2025-05-29 14:25:22,446 basehttp "GET /current_order/ HTTP/1.1" 200 3918
INFO 2025-05-29 14:25:34,664 basehttp "POST /confirm_order/4/ HTTP/1.1" 302 0
INFO 2025-05-29 14:25:34,675 basehttp "GET /current_order/ HTTP/1.1" 200 1906
INFO 2025-05-29 14:25:36,769 basehttp "GET /client_orders/ HTTP/1.1" 200 2561
INFO 2025-05-29 14:25:51,800 basehttp "GET /logout/ HTTP/1.1" 302 0
INFO 2025-05-29 14:25:51,805 basehttp "GET /auth-options/ HTTP/1.1" 200 803
INFO 2025-05-29 14:25:53,193 basehttp "GET /login/ HTTP/1.1" 200 1119
INFO 2025-05-29 14:26:11,101 basehttp "POST /login/ HTTP/1.1" 302 0
INFO 2025-05-29 14:26:11,401 basehttp "GET / HTTP/1.1" 200 2427
INFO 2025-05-29 14:26:13,208 basehttp "GET /employee_orders/ HTTP/1.1" 200 1529
INFO 2025-05-29 14:28:05,943 autoreload C:\Users\Кирилл\Desktop\353505_HOROSHKO_24\IGI\LR5\shop\views.py changed, reloading.
INFO 2025-05-29 14:28:06,303 autoreload Watching for file changes with StatReloader
INFO 2025-05-29 14:28:23,019 basehttp "GET /employee_orders/ HTTP/1.1" 200 5094
INFO 2025-05-29 14:29:59,223 basehttp "GET /admin/shop/client/ HTTP/1.1" 302 0
INFO 2025-05-29 14:29:59,244 basehttp "GET /admin/login/?next=/admin/shop/client/ HTTP/1.1" 200 3718
INFO 2025-05-29 14:30:00,779 basehttp "POST /admin/login/?next=/admin/shop/client/ HTTP/1.1" 302 0
INFO 2025-05-29 14:30:00,797 basehttp "GET /admin/shop/client/ HTTP/1.1" 200 15681
INFO 2025-05-29 14:30:00,818 basehttp "GET /admin/jsi18n/ HTTP/1.1" 200 3342
INFO 2025-05-29 14:30:02,977 basehttp "GET /admin/shop/client/2/change/ HTTP/1.1" 200 18611
INFO 2025-05-29 14:30:03,003 basehttp "GET /admin/jsi18n/ HTTP/1.1" 200 3342
INFO 2025-05-29 14:30:05,937 basehttp "GET /admin/shop/client/ HTTP/1.1" 200 15681
INFO 2025-05-29 14:30:12,425 basehttp "GET / HTTP/1.1" 200 2508
INFO 2025-05-29 14:30:15,255 basehttp "GET /logout/ HTTP/1.1" 302 0
INFO 2025-05-29 14:30:15,259 basehttp "GET /auth-options/ HTTP/1.1" 200 803
INFO 2025-05-29 14:30:16,464 basehttp "GET /login/ HTTP/1.1" 200 1119
INFO 2025-05-29 14:30:28,475 basehttp "POST /login/ HTTP/1.1" 302 0
INFO 2025-05-29 14:30:28,753 basehttp "GET / HTTP/1.1" 200 2508
INFO 2025-05-29 14:30:30,040 basehttp "GET /employee_orders/ HTTP/1.1" 200 5094
INFO 2025-05-29 14:31:37,271 basehttp "GET /employee_orders/ HTTP/1.1" 200 4830
INFO 2025-05-29 14:31:45,802 basehttp "GET /logout/ HTTP/1.1" 302 0
INFO 2025-05-29 14:31:45,806 basehttp "GET /auth-options/ HTTP/1.1" 200 803
INFO 2025-05-29 14:31:47,087 basehttp "GET /login/ HTTP/1.1" 200 1119
INFO 2025-05-29 14:31:48,493 basehttp "POST /login/ HTTP/1.1" 302 0
INFO 2025-05-29 14:31:48,754 basehttp "GET / HTTP/1.1" 200 2543
INFO 2025-05-29 14:31:51,467 basehttp "GET /product_charts/ HTTP/1.1" 200 1594
INFO 2025-05-29 14:34:54,573 autoreload C:\Users\Кирилл\Desktop\353505_HOROSHKO_24\IGI\LR5\shop\views.py changed, reloading.
INFO 2025-05-29 14:34:54,968 autoreload Watching for file changes with StatReloader
INFO 2025-05-29 14:35:03,551 autoreload C:\Users\Кирилл\Desktop\353505_HOROSHKO_24\IGI\LR5\shop\views.py changed, reloading.
INFO 2025-05-29 14:35:04,267 autoreload Watching for file changes with StatReloader
INFO 2025-05-29 14:35:19,004 autoreload C:\Users\Кирилл\Desktop\353505_HOROSHKO_24\IGI\LR5\shop\views.py changed, reloading.
INFO 2025-05-29 14:35:19,922 autoreload Watching for file changes with StatReloader
INFO 2025-05-29 14:36:37,216 autoreload C:\Users\Кирилл\Desktop\353505_HOROSHKO_24\IGI\LR5\shop\views.py changed, reloading.
INFO 2025-05-29 14:36:37,633 autoreload Watching for file changes with StatReloader
INFO 2025-05-29 14:37:33,907 autoreload C:\Users\Кирилл\Desktop\353505_HOROSHKO_24\IGI\LR5\shop\views.py changed, reloading.
INFO 2025-05-29 14:37:34,786 autoreload Watching for file changes with StatReloader
INFO 2025-05-29 14:37:52,449 basehttp "GET /product_charts/ HTTP/1.1" 200 33821
INFO 2025-05-29 14:38:40,205 autoreload Watching for file changes with StatReloader
INFO 2025-05-29 14:38:43,871 basehttp "GET /product_charts/ HTTP/1.1" 200 33853
INFO 2025-05-29 14:39:10,255 basehttp "GET /logout/ HTTP/1.1" 302 0
INFO 2025-05-29 14:39:10,259 basehttp "GET /auth-options/ HTTP/1.1" 200 803
INFO 2025-05-29 14:39:12,178 basehttp "GET /login/ HTTP/1.1" 200 1119
INFO 2025-05-29 14:39:18,080 basehttp "GET /register/client/ HTTP/1.1" 200 2925
INFO 2025-05-29 14:53:50,360 autoreload Watching for file changes with StatReloader
INFO 2025-05-29 14:53:52,675 basehttp "GET / HTTP/1.1" 200 2321
INFO 2025-05-29 14:53:58,379 basehttp "GET /login/ HTTP/1.1" 200 1119
INFO 2025-05-29 14:54:01,847 basehttp "GET /register/client/ HTTP/1.1" 200 2925
INFO 2025-05-29 14:55:37,428 basehttp "POST /register/client/ HTTP/1.1" 302 0
INFO 2025-05-29 14:55:37,806 basehttp "GET / HTTP/1.1" 200 2521
INFO 2025-05-29 14:57:06,824 autoreload C:\Users\Кирилл\Desktop\353505_HOROSHKO_24\IGI\LR5\shop\views.py changed, reloading.
INFO 2025-05-29 14:57:07,230 autoreload Watching for file changes with StatReloader
INFO 2025-05-29 14:58:43,652 basehttp "GET /logout/ HTTP/1.1" 302 0
INFO 2025-05-29 14:58:43,660 basehttp "GET /auth-options/ HTTP/1.1" 200 803
INFO 2025-05-29 14:58:47,268 basehttp "GET /register/client/ HTTP/1.1" 200 2925
INFO 2025-05-29 14:59:35,578 basehttp "POST /register/client/ HTTP/1.1" 200 3200
INFO 2025-05-29 14:59:56,318 basehttp "POST /register/client/ HTTP/1.1" 302 0
INFO 2025-05-29 14:59:56,600 basehttp "GET / HTTP/1.1" 200 2436
INFO 2025-05-29 14:59:58,541 basehttp "GET /reviews/ HTTP/1.1" 200 3528
INFO 2025-05-29 15:00:04,379 basehttp "GET /logout/ HTTP/1.1" 302 0
INFO 2025-05-29 15:00:04,382 basehttp "GET /auth-options/ HTTP/1.1" 200 803
INFO 2025-05-29 15:00:07,225 basehttp "GET /register/employee/ HTTP/1.1" 200 4142
INFO 2025-05-29 15:02:10,915 basehttp "POST /register/employee/ HTTP/1.1" 200 4438
INFO 2025-05-29 15:02:28,277 basehttp "POST /register/employee/ HTTP/1.1" 302 0
INFO 2025-05-29 15:02:28,550 basehttp "GET / HTTP/1.1" 200 2518
INFO 2025-05-29 15:02:32,622 basehttp "GET /contacts/ HTTP/1.1" 200 3785
INFO 2025-05-29 15:02:32,650 basehttp "GET /media/employees/8815077.png HTTP/1.1" 304 0
INFO 2025-05-29 15:02:32,682 basehttp "GET /media/employees/8815077_u5WXCxf.png HTTP/1.1" 200 23904
INFO 2025-05-29 15:02:38,587 basehttp "GET /employee_orders/ HTTP/1.1" 200 1626
INFO 2025-05-29 15:02:39,615 basehttp "GET /logout/ HTTP/1.1" 302 0
INFO 2025-05-29 15:02:39,617 basehttp "GET /auth-options/ HTTP/1.1" 200 803
INFO 2025-05-29 15:02:41,474 basehttp "GET /register/employee/ HTTP/1.1" 200 4142
INFO 2025-05-29 15:03:58,646 basehttp "POST /register/employee/ HTTP/1.1" 302 0
INFO 2025-05-29 15:03:58,902 basehttp "GET / HTTP/1.1" 200 2451
INFO 2025-05-29 15:04:03,372 basehttp "GET /contacts/ HTTP/1.1" 200 4783
INFO 2025-05-29 15:04:03,396 basehttp "GET /media/employees/8815077_u5WXCxf.png HTTP/1.1" 304 0
INFO 2025-05-29 15:04:03,409 basehttp "GET /media/employees/8815077_lBQoVgk.png HTTP/1.1" 200 23904
INFO 2025-05-29 15:04:18,559 basehttp "GET / HTTP/1.1" 200 2482
INFO 2025-05-29 15:04:26,753 basehttp "GET /logout/ HTTP/1.1" 302 0
INFO 2025-05-29 15:04:26,755 basehttp "GET /auth-options/ HTTP/1.1" 200 803
INFO 2025-05-29 15:04:30,645 basehttp "GET /login/ HTTP/1.1" 200 1119
INFO 2025-05-29 15:04:32,215 basehttp "POST /login/ HTTP/1.1" 302 0
INFO 2025-05-29 15:04:32,477 basehttp "GET / HTTP/1.1" 200 2544
INFO 2025-05-29 15:04:35,394 basehttp "GET /product_charts/ HTTP/1.1" 200 39133
INFO 2025-05-29 16:12:41,097 autoreload Watching for file changes with StatReloader
INFO 2025-05-29 16:12:49,334 basehttp "GET / HTTP/1.1" 200 2574
WARNING 2025-05-29 16:12:49,611 log Not Found: /favicon.ico
WARNING 2025-05-29 16:12:49,611 basehttp "GET /favicon.ico HTTP/1.1" 404 10720
INFO 2025-05-29 16:12:57,868 basehttp "GET /reviews/ HTTP/1.1" 200 3435
INFO 2025-05-29 16:12:59,445 basehttp "GET /coupons/ HTTP/1.1" 200 1892
INFO 2025-05-29 16:13:04,994 basehttp "GET /reviews/ HTTP/1.1" 200 3435
INFO 2025-05-29 16:13:10,844 basehttp "GET /contacts/ HTTP/1.1" 200 4848
INFO 2025-05-29 16:13:10,903 basehttp "GET /media/employees/8815077_u5WXCxf.png HTTP/1.1" 304 0
INFO 2025-05-29 16:13:10,903 basehttp "GET /media/employees/8815077_lBQoVgk.png HTTP/1.1" 304 0
INFO 2025-05-29 16:13:31,475 basehttp "GET /manufacturers/ HTTP/1.1" 200 4696
INFO 2025-05-29 16:13:31,530 basehttp "GET /media/manufacturers/0522953127611617.jpg HTTP/1.1" 304 0
INFO 2025-05-29 16:13:31,532 basehttp "GET /media/manufacturers/Kommunarka-Logotip-s-deskriptorom-i-obvodkoy.png HTTP/1.1" 304 0
INFO 2025-05-29 16:13:31,533 basehttp "GET /media/manufacturers/logo.png HTTP/1.1" 304 0
INFO 2025-05-29 16:13:31,539 basehttp "GET /media/manufacturers/1973894_18606198.jpeg HTTP/1.1" 304 0
WARNING 2025-05-29 16:13:31,554 log Not Found: /media/manufacturers/images.png
INFO 2025-05-29 16:13:31,554 basehttp "GET /media/manufacturers/15028595_w640_h640_15028595.webp HTTP/1.1" 304 0
WARNING 2025-05-29 16:13:31,556 basehttp "GET /media/manufacturers/images.png HTTP/1.1" 404 11026
INFO 2025-05-29 16:13:38,636 basehttp "GET /about/ HTTP/1.1" 200 2277
INFO 2025-05-29 16:13:38,695 basehttp "GET /media/about/logo/Top-Cake-logo-min.jpg HTTP/1.1" 304 0
INFO 2025-05-29 16:13:41,107 basehttp "GET /news/ HTTP/1.1" 200 2502
INFO 2025-05-29 16:13:41,179 basehttp "GET /media/news/Kommunarka-Logotip-s-deskriptorom-i-obvodkoy.png HTTP/1.1" 304 0
INFO 2025-05-29 16:14:59,239 basehttp "GET /news/ HTTP/1.1" 200 10359
INFO 2025-05-29 16:17:15,680 basehttp "GET /coupons/ HTTP/1.1" 200 2401
INFO 2025-05-29 16:17:27,810 basehttp "GET /reviews/ HTTP/1.1" 200 3435
INFO 2025-05-29 16:17:28,959 basehttp "GET /careers/ HTTP/1.1" 200 7081
INFO 2025-05-29 16:19:20,689 basehttp "GET /news/ HTTP/1.1" 200 10359
INFO 2025-05-29 16:19:32,289 basehttp "GET /careers/ HTTP/1.1" 200 12983
INFO 2025-05-29 16:19:50,443 basehttp "GET /news/ HTTP/1.1" 200 10359
INFO 2025-05-29 16:20:47,485 basehttp "GET /contacts/ HTTP/1.1" 200 4848
INFO 2025-05-29 16:20:47,589 basehttp "GET /media/employees/8815077.png HTTP/1.1" 304 0
INFO 2025-05-29 16:20:47,603 basehttp "GET /media/employees/8815077_u5WXCxf.png HTTP/1.1" 304 0
INFO 2025-05-29 16:20:47,604 basehttp "GET /media/employees/8815077_lBQoVgk.png HTTP/1.1" 304 0
INFO 2025-05-29 16:20:56,423 basehttp "GET /faq/ HTTP/1.1" 200 2620
INFO 2025-05-29 16:21:21,483 basehttp "GET / HTTP/1.1" 200 2588
INFO 2025-05-29 16:21:59,001 basehttp "GET /products/ HTTP/1.1" 200 29459
INFO 2025-05-29 16:21:59,066 basehttp "GET /media/products/01517118.n_1.png.webp HTTP/1.1" 304 0
INFO 2025-05-29 16:21:59,069 basehttp "GET /media/products/01329525.n_1.png.webp HTTP/1.1" 304 0
INFO 2025-05-29 16:21:59,071 basehttp "GET /media/products/Aeroflotskie_35_gr.webp HTTP/1.1" 304 0
INFO 2025-05-29 16:21:59,074 basehttp "GET /media/products/Grilyazh_na_arakhise.webp HTTP/1.1" 304 0
INFO 2025-05-29 16:21:59,081 basehttp "GET /media/products/20200623220617_kuznechik.png HTTP/1.1" 304 0
INFO 2025-05-29 16:21:59,082 basehttp "GET /media/products/00879807.n_1.png.webp HTTP/1.1" 304 0
INFO 2025-05-29 16:21:59,087 basehttp "GET /media/products/00972854_k6iCBT3.n_1.png.webp HTTP/1.1" 304 0
INFO 2025-05-29 16:21:59,090 basehttp "GET /media/products/00031070.n_1_1000x1000.png.webp HTTP/1.1" 304 0
INFO 2025-05-29 16:21:59,093 basehttp "GET /media/products/00694030.n_1.png.webp HTTP/1.1" 304 0
INFO 2025-05-29 16:21:59,098 basehttp "GET /media/products/00694969.n_1.png.webp HTTP/1.1" 304 0
INFO 2025-05-29 16:21:59,098 basehttp "GET /media/products/00023129.n_1.png.webp HTTP/1.1" 304 0
INFO 2025-05-29 16:21:59,110 basehttp "GET /media/products/02102474.n_1.png.webp HTTP/1.1" 304 0
INFO 2025-05-29 16:21:59,110 basehttp "GET /media/products/a8cc84e69b221875b8e38df008db2309.webp HTTP/1.1" 304 0
INFO 2025-05-29 16:21:59,111 basehttp "GET /media/products/02102477.n_1.png.webp HTTP/1.1" 304 0
INFO 2025-05-29 16:21:59,111 basehttp "GET /media/products/01742391.n_1.png.webp HTTP/1.1" 304 0
INFO 2025-05-29 16:21:59,113 basehttp "GET /media/products/5b2483c39a1cc005bd5344e76b555e95.webp HTTP/1.1" 304 0
INFO 2025-05-29 16:21:59,120 basehttp "GET /media/products/00997603.n_1.png.webp HTTP/1.1" 304 0
INFO 2025-05-29 16:21:59,121 basehttp "GET /media/products/00189563.n_1.png.webp HTTP/1.1" 304 0
INFO 2025-05-29 16:21:59,127 basehttp "GET /media/products/00975722.n_1.png.webp HTTP/1.1" 304 0
INFO 2025-05-29 16:22:11,733 basehttp "GET /products/?search=&category=&manufacturer=2&sort=name HTTP/1.1" 200 11109
INFO 2025-05-29 16:22:16,094 basehttp "GET /manufacturers/ HTTP/1.1" 200 4696
WARNING 2025-05-29 16:22:16,163 log Not Found: /media/manufacturers/images.png
WARNING 2025-05-29 16:22:16,166 basehttp "GET /media/manufacturers/images.png HTTP/1.1" 404 11026
INFO 2025-05-29 16:22:36,391 basehttp "GET /news/ HTTP/1.1" 200 10359
INFO 2025-05-29 16:24:32,566 basehttp "GET / HTTP/1.1" 200 2481
INFO 2025-05-29 16:26:06,158 basehttp "GET /reviews/ HTTP/1.1" 200 3435
INFO 2025-05-29 16:26:11,112 basehttp "GET /logout/ HTTP/1.1" 302 0
INFO 2025-05-29 16:26:11,118 basehttp "GET /auth-options/ HTTP/1.1" 200 803
INFO 2025-05-29 16:26:12,630 basehttp "GET /login/ HTTP/1.1" 200 1119
INFO 2025-05-29 16:26:25,554 basehttp "POST /login/ HTTP/1.1" 302 0
INFO 2025-05-29 16:26:29,497 basehttp "GET / HTTP/1.1" 200 2443
INFO 2025-05-29 16:26:32,840 basehttp "GET /reviews/ HTTP/1.1" 200 3528
INFO 2025-05-29 16:26:36,954 basehttp "GET /logout/ HTTP/1.1" 302 0
INFO 2025-05-29 16:26:36,962 basehttp "GET /auth-options/ HTTP/1.1" 200 803
INFO 2025-05-29 16:26:38,463 basehttp "GET /login/ HTTP/1.1" 200 1119
INFO 2025-05-29 16:26:51,575 basehttp "POST /login/ HTTP/1.1" 302 0
INFO 2025-05-29 16:26:55,218 basehttp "GET / HTTP/1.1" 200 2436
INFO 2025-05-29 16:26:57,149 basehttp "GET /reviews/ HTTP/1.1" 200 3528
INFO 2025-05-29 16:26:59,238 basehttp "GET /reviews/add/ HTTP/1.1" 200 3019
INFO 2025-05-29 16:27:16,025 basehttp "GET /reviews/add/ HTTP/1.1" 200 3019
INFO 2025-05-29 16:27:29,241 basehttp "POST /reviews/add/ HTTP/1.1" 302 0
INFO 2025-05-29 16:27:29,264 basehttp "GET /reviews/ HTTP/1.1" 200 4473
INFO 2025-05-29 16:27:32,516 basehttp "GET /logout/ HTTP/1.1" 302 0
INFO 2025-05-29 16:27:32,523 basehttp "GET /auth-options/ HTTP/1.1" 200 803
INFO 2025-05-29 16:27:37,398 basehttp "GET / HTTP/1.1" 200 2346
INFO 2025-05-29 16:27:39,922 basehttp "GET /reviews/ HTTP/1.1" 200 4189
INFO 2025-05-29 16:27:56,684 basehttp "GET /login/ HTTP/1.1" 200 1260
INFO 2025-05-29 16:27:58,751 basehttp "POST /login/ HTTP/1.1" 302 0
INFO 2025-05-29 16:28:02,387 basehttp "GET / HTTP/1.1" 200 2607
INFO 2025-05-29 16:28:07,410 basehttp "GET /product_charts/ HTTP/1.1" 200 39085
INFO 2025-05-29 16:28:17,225 basehttp "GET /admin/ HTTP/1.1" 200 19304
INFO 2025-05-29 16:28:17,283 basehttp "GET /static/admin/css/dashboard.css HTTP/1.1" 304 0
INFO 2025-05-29 16:28:19,361 basehttp "GET /admin/shop/uservisit/ HTTP/1.1" 200 28534
INFO 2025-05-29 16:28:19,425 basehttp "GET /admin/jsi18n/ HTTP/1.1" 200 3342
INFO 2025-05-29 16:28:34,127 basehttp "GET /admin/shop/uservisit/42/change/ HTTP/1.1" 200 18264
INFO 2025-05-29 16:28:34,184 basehttp "GET /admin/jsi18n/ HTTP/1.1" 200 3342
INFO 2025-05-29 16:28:34,288 basehttp "GET /static/admin/img/icon-clock.svg HTTP/1.1" 304 0
INFO 2025-05-29 16:29:21,874 basehttp "GET /admin/shop/uservisit/ HTTP/1.1" 200 28534
INFO 2025-05-29 16:29:22,596 basehttp "GET /admin/ HTTP/1.1" 200 19304
INFO 2025-05-29 16:29:47,482 basehttp "GET /products/ HTTP/1.1" 200 29459
INFO 2025-05-29 16:29:54,242 basehttp "GET /products/add/ HTTP/1.1" 200 3801
INFO 2025-05-29 16:30:01,904 basehttp "GET /products/ HTTP/1.1" 200 29459
INFO 2025-05-29 16:30:04,168 basehttp "GET /products/delete/12/ HTTP/1.1" 200 1845
INFO 2025-05-29 16:30:05,694 basehttp "POST /products/delete/12/ HTTP/1.1" 302 0
INFO 2025-05-29 16:30:05,769 basehttp "GET /products/ HTTP/1.1" 200 28161
INFO 2025-05-29 16:30:09,823 basehttp "GET /products/add/ HTTP/1.1" 200 3801
INFO 2025-05-29 16:30:49,242 basehttp "POST /products/add/ HTTP/1.1" 302 0
INFO 2025-05-29 16:30:49,306 basehttp "GET /products/ HTTP/1.1" 200 29467
INFO 2025-05-29 16:30:49,428 basehttp "GET /media/products/01517118_HtguDQB.n_1.png.webp HTTP/1.1" 200 12114
INFO 2025-05-29 16:31:02,155 basehttp "GET /products/edit/20/ HTTP/1.1" 200 4206
INFO 2025-05-29 16:31:02,185 basehttp "GET /media/products/01517118_HtguDQB.n_1.png.webp HTTP/1.1" 304 0
INFO 2025-05-29 16:31:09,871 basehttp "POST /products/edit/20/ HTTP/1.1" 302 0
INFO 2025-05-29 16:31:09,948 basehttp "GET /products/ HTTP/1.1" 200 29467
INFO 2025-05-29 16:31:09,993 basehttp "GET /media/products/01517118_HtguDQB.n_1.png.webp HTTP/1.1" 304 0
